Square_ID,Model,timestamp,actual,predicted,abs_error
5161,LightGBM,2013-12-16 00:00:00,235.49236,280.2880716195708,44.79571627289113
5161,LightGBM,2013-12-16 00:10:00,268.69864,275.70368629685464,7.005047380839017
5161,LightGBM,2013-12-16 00:20:00,252.07265,275.1711103017829,23.09846320705634
5161,LightGBM,2013-12-16 00:30:00,218.37958,257.6653197619277,39.28574212520897
5161,LightGBM,2013-12-16 00:40:00,231.68239,242.50666192948265,10.824273623818584
5161,LightGBM,2013-12-16 00:50:00,209.62328,233.19761233921008,23.574336582374144
5161,LightGBM,2013-12-16 01:00:00,209.11711,216.98625006594818,7.869138859893496
5161,LightGBM,2013-12-16 01:10:00,235.20218,230.8162866676093,4.385892287468835
5161,LightGBM,2013-12-16 01:20:00,214.24268,219.4109890841958,5.168313302945791
5161,LightGBM,2013-12-16 01:30:00,207.96501,224.38167545684155,16.41666386016186
5161,LightGBM,2013-12-16 01:40:00,218.90169,240.7876624091023,21.885974787031984
5161,LightGBM,2013-12-16 01:50:00,192.52118,222.8927743215585,30.371595122339755
5161,LightGBM,2013-12-16 02:00:00,199.50375,208.574162760056,9.070409097946623
5161,LightGBM,2013-12-16 02:10:00,205.08748,214.7837433279522,9.696264690256896
5161,LightGBM,2013-12-16 02:20:00,198.84103,203.20088931321996,4.359855377673085
5161,LightGBM,2013-12-16 02:30:00,199.28387,202.22578180509356,2.941907293374811
5161,LightGBM,2013-12-16 02:40:00,209.12245,210.77296918407404,1.6505174018474804
5161,LightGBM,2013-12-16 02:50:00,184.26079,201.08802199370274,16.82723402983555
5161,LightGBM,2013-12-16 03:00:00,201.11852,194.17814139430584,6.940373620342598
5161,LightGBM,2013-12-16 03:10:00,209.11015,210.84169119261372,1.7315379943715357
5161,LightGBM,2013-12-16 03:20:00,183.43298,199.14846395775237,15.71548055931487
5161,LightGBM,2013-12-16 03:30:00,199.95718,200.51389483458257,0.5567109966919475
5161,LightGBM,2013-12-16 03:40:00,200.8317,213.1733607313446,12.341665174703962
5161,LightGBM,2013-12-16 03:50:00,179.1481,197.64901366859658,18.500911861955956
5161,LightGBM,2013-12-16 04:00:00,210.14604,197.86170063782487,12.28434123229232
5161,LightGBM,2013-12-16 04:10:00,205.14394,208.4374185481429,3.293482390916324
5161,LightGBM,2013-12-16 04:20:00,189.92653,195.1275525583301,5.201023627666046
5161,LightGBM,2013-12-16 04:30:00,202.23596,206.7207417405211,4.484779826458606
5161,LightGBM,2013-12-16 04:40:00,209.58281,212.59119191288224,3.00838246464005
5161,LightGBM,2013-12-16 04:50:00,187.69508,194.98422851787737,7.289144899713307
5161,LightGBM,2013-12-16 05:00:00,199.13739,206.3192475147863,7.181857378067548
5161,LightGBM,2013-12-16 05:10:00,207.1426,213.05632335455613,5.913729970767065
5161,LightGBM,2013-12-16 05:20:00,193.52405,203.87421555672077,10.35016770515827
5161,LightGBM,2013-12-16 05:30:00,233.35509,207.35376107310918,26.001326207164254
5161,LightGBM,2013-12-16 05:40:00,318.2609,235.33492793358425,82.92596684180637
5161,LightGBM,2013-12-16 05:50:00,289.03192,260.8776639704351,28.154257416283656
5161,LightGBM,2013-12-16 06:00:00,270.34906,288.2274664618025,17.87840640320877
5161,LightGBM,2013-12-16 06:10:00,247.3762,298.001416728155,50.625211283819056
5161,LightGBM,2013-12-16 06:20:00,269.4001,272.1117287846048,2.711643335386043
5161,LightGBM,2013-12-16 06:30:00,277.7562,295.13075507880546,17.37456001044609
5161,LightGBM,2013-12-16 06:40:00,299.50864,309.41131530401884,9.902678829409467
5161,LightGBM,2013-12-16 06:50:00,318.23898,306.00616223625804,12.23282091803884
5161,LightGBM,2013-12-16 07:00:00,395.32355,370.07408871790904,25.249458645372215
5161,LightGBM,2013-12-16 07:10:00,432.19437,453.1364612414024,20.942094786324276
5161,LightGBM,2013-12-16 07:20:00,419.6882,500.41263240019026,80.72443049589339
5161,LightGBM,2013-12-16 07:30:00,572.12714,499.0705121744367,73.05662405603204
5161,LightGBM,2013-12-16 07:40:00,695.29205,606.7626567821774,88.52939644047888
5161,LightGBM,2013-12-16 07:50:00,704.80206,741.4967027887695,36.69463980048829
5161,LightGBM,2013-12-16 08:00:00,789.2132,780.2895563479468,8.923639452834436
5161,LightGBM,2013-12-16 08:10:00,869.79865,894.2200555063521,24.421410486820832
5161,LightGBM,2013-12-16 08:20:00,834.4706,915.9598050141168,81.4892239594293
5161,LightGBM,2013-12-16 08:30:00,946.5521,948.9093268513146,2.3572028278771313
5161,LightGBM,2013-12-16 08:40:00,943.60834,996.945860548397,53.337523146053286
5161,LightGBM,2013-12-16 08:50:00,961.70447,1040.2296160981539,78.52514832471638
5161,LightGBM,2013-12-16 09:00:00,1011.94965,1145.2829520443113,133.33330604821754
5161,LightGBM,2013-12-16 09:10:00,947.59705,1169.7943486902425,222.197302791805
5161,LightGBM,2013-12-16 09:20:00,1048.656,1142.5535880945602,93.89758223518515
5161,LightGBM,2013-12-16 09:30:00,1179.4794,1206.575473876926,27.096103759738526
5161,LightGBM,2013-12-16 09:40:00,1383.9191,1425.0303362634968,41.11126888068429
5161,LightGBM,2013-12-16 09:50:00,1328.7418,1627.674340135239,298.93251884617644
5161,LightGBM,2013-12-16 10:00:00,1379.0597,1630.457264452823,251.39757207001048
5161,LightGBM,2013-12-16 10:10:00,1550.8689,1669.9935893916302,119.12469290725517
5161,LightGBM,2013-12-16 10:20:00,1559.0098,1700.8502189325393,141.8404533075393
5161,LightGBM,2013-12-16 10:30:00,1864.4413,1785.0836591733862,79.3576250063013
5161,LightGBM,2013-12-16 10:40:00,1848.016,1973.7293897539737,125.71339854303619
5161,LightGBM,2013-12-16 10:50:00,1709.3956,2078.2588714993435,368.863241616531
5161,LightGBM,2013-12-16 11:00:00,1961.1587,1962.9348046277944,1.7761132215443922
5161,LightGBM,2013-12-16 11:10:00,2086.6458,2076.6397906349703,10.005961318154732
5161,LightGBM,2013-12-16 11:20:00,1910.0787,2311.6581174080916,401.5793820565291
5161,LightGBM,2013-12-16 11:30:00,2116.0876,2211.8926819891985,95.80503550482354
5161,LightGBM,2013-12-16 11:40:00,2292.748,2299.499656029385,6.751609154384823
5161,LightGBM,2013-12-16 11:50:00,2109.0095,2351.4821368031453,242.4726153187703
5161,LightGBM,2013-12-16 12:00:00,2360.4446,2375.7894228981577,15.344842820032682
5161,LightGBM,2013-12-16 12:10:00,2505.1448,2597.879985107066,92.7352097164412
5161,LightGBM,2013-12-16 12:20:00,2585.238,2561.8092154325623,23.42882167681273
5161,LightGBM,2013-12-16 12:30:00,2969.4912,2716.943734394869,252.5474765426311
5161,LightGBM,2013-12-16 12:40:00,3057.33,3064.330172953529,7.0000948285292
5161,LightGBM,2013-12-16 12:50:00,2938.056,3041.0680100583863,103.01210185526134
5161,LightGBM,2013-12-16 13:00:00,2866.0698,2984.839189594182,118.76936537543179
5161,LightGBM,2013-12-16 13:10:00,2798.73,3039.413790653825,240.6838101850749
5161,LightGBM,2013-12-16 13:20:00,2803.0942,2891.7000161699425,88.6057778886925
5161,LightGBM,2013-12-16 13:30:00,2646.84,2962.478802933626,315.63871504300096
5161,LightGBM,2013-12-16 13:40:00,2462.6577,2866.3587776296786,403.70106278592857
5161,LightGBM,2013-12-16 13:50:00,2350.5298,2683.7833183747607,333.2535332185107
5161,LightGBM,2013-12-16 14:00:00,2328.2554,2628.0416163848095,299.78624529105946
5161,LightGBM,2013-12-16 14:10:00,2480.486,2597.484313043926,116.9982290595508
5161,LightGBM,2013-12-16 14:20:00,2310.5579,2595.2285843871027,284.6707230589777
5161,LightGBM,2013-12-16 14:30:00,2615.6433,2541.9819583306294,73.66135221624563
5161,LightGBM,2013-12-16 14:40:00,2538.4104,2549.884916520172,11.474516129546828
5161,LightGBM,2013-12-16 14:50:00,2448.4739,2618.6824134139874,170.20853646086243
5161,LightGBM,2013-12-16 15:00:00,2772.0137,2539.04476974378,232.96890213122015
5161,LightGBM,2013-12-16 15:10:00,2690.5195,2587.034880725423,103.48465052457686
5161,LightGBM,2013-12-16 15:20:00,2592.648,2564.435313168926,28.21263604982414
5161,LightGBM,2013-12-16 15:30:00,2785.3909,2650.7392656011093,134.6516035395157
5161,LightGBM,2013-12-16 15:40:00,2619.2585,2594.1505407441887,25.108004177686325
5161,LightGBM,2013-12-16 15:50:00,2633.5862,2516.0907994994154,117.49538214120957
5161,LightGBM,2013-12-16 16:00:00,2544.4758,2578.3950963837933,33.919266305668316
5161,LightGBM,2013-12-16 16:10:00,2674.0369,2594.246875002358,79.78999023201686
5161,LightGBM,2013-12-16 16:20:00,2557.1147,2514.3164746115526,42.79827148219738
5161,LightGBM,2013-12-16 16:30:00,2391.7551,2585.8310413693202,194.07591441619525
5161,LightGBM,2013-12-16 16:40:00,2553.3015,2496.0818714263305,57.21964224554449
5161,LightGBM,2013-12-16 16:50:00,2696.6912,2396.7842231662676,299.90693894310743
5161,LightGBM,2013-12-16 17:00:00,2386.3591,2512.881421307578,126.52229044820297
5161,LightGBM,2013-12-16 17:10:00,2363.5815,2515.547619031694,151.966076062944
5161,LightGBM,2013-12-16 17:20:00,2429.09,2304.204618598302,124.8854692923228
5161,LightGBM,2013-12-16 17:30:00,2416.3308,2398.4052953551795,17.925515191695467
5161,LightGBM,2013-12-16 17:40:00,2332.4739,2374.7899581009324,42.31608114780738
5161,LightGBM,2013-12-16 17:50:00,2197.7908,2260.583123324222,62.792351839847015
5161,LightGBM,2013-12-16 18:00:00,2127.2327,2245.561895865696,118.32922985007099
5161,LightGBM,2013-12-16 18:10:00,2131.437,2184.2101055152507,52.77309379650069
5161,LightGBM,2013-12-16 18:20:00,1931.2819,2154.4480384463,223.16617809473746
5161,LightGBM,2013-12-16 18:30:00,1857.6206,2071.834566057233,214.21396058848313
5161,LightGBM,2013-12-16 18:40:00,1720.8193,2034.1733008937067,313.3539649562067
5161,LightGBM,2013-12-16 18:50:00,1719.8895,1850.998094148513,131.10856778132552
5161,LightGBM,2013-12-16 19:00:00,1494.5803,1749.0668696549155,254.48654738929054
5161,LightGBM,2013-12-16 19:10:00,1387.2498,1676.0395208394377,288.7897649800627
5161,LightGBM,2013-12-16 19:20:00,1310.2694,1540.1652274812632,229.89581830157567
5161,LightGBM,2013-12-16 19:30:00,1161.1025,1418.1427673990866,257.04022833658655
5161,LightGBM,2013-12-16 19:40:00,1097.789,1234.7116280567432,136.92268762705567
5161,LightGBM,2013-12-16 19:50:00,1052.019,1127.017943547187,74.99890057843709
5161,LightGBM,2013-12-16 20:00:00,966.3625,1126.1590122775358,159.79652448456704
5161,LightGBM,2013-12-16 20:10:00,789.50476,1013.3475300849761,223.84276934278864
5161,LightGBM,2013-12-16 20:20:00,889.26215,899.6975174110925,10.435371414998713
5161,LightGBM,2013-12-16 20:30:00,790.8689,942.6121123174648,151.74321583308983
5161,LightGBM,2013-12-16 20:40:00,795.4714,895.9575843743876,100.48620986266883
5161,LightGBM,2013-12-16 20:50:00,769.1046,838.4429128629677,69.33829860515516
5161,LightGBM,2013-12-16 21:00:00,695.05756,879.7201512350858,184.6625950827421
5161,LightGBM,2013-12-16 21:10:00,614.00037,712.9873241984537,98.98695798751623
5161,LightGBM,2013-12-16 21:20:00,642.0887,635.8132542487526,6.275429833278622
5161,LightGBM,2013-12-16 21:30:00,682.7367,636.4838969195724,46.25279741636507
5161,LightGBM,2013-12-16 21:40:00,582.5713,615.9622749419104,33.39098587941044
5161,LightGBM,2013-12-16 21:50:00,860.38293,572.7586455364413,287.62428903387115
5161,LightGBM,2013-12-16 22:00:00,633.47144,724.2525312109113,90.78109566403634
5161,LightGBM,2013-12-16 22:10:00,543.3787,605.881013504155,62.50229035962377
5161,LightGBM,2013-12-16 22:20:00,597.4092,537.8624126875221,59.546766999977876
5161,LightGBM,2013-12-16 22:30:00,610.5447,521.1524047234307,89.39227301094434
5161,LightGBM,2013-12-16 22:40:00,333.73605,518.6233594557618,184.88730598896495
5161,LightGBM,2013-12-16 22:50:00,394.0917,405.90946979387854,11.817764471612918
5161,LightGBM,2013-12-16 23:00:00,417.16583,425.64342172309694,8.477589203565685
5161,LightGBM,2013-12-16 23:10:00,311.1909,380.63545215034156,69.44456469916969
5161,LightGBM,2013-12-16 23:20:00,445.8625,332.3404091402381,113.52207865273067
5161,LightGBM,2013-12-16 23:30:00,342.1666,415.0597303033124,72.89313484432802
5161,LightGBM,2013-12-16 23:40:00,318.08643,347.63410480676146,29.547679025511457
5161,LightGBM,2013-12-16 23:50:00,304.5793,325.5524441134465,20.97312892789961
5161,LightGBM,2013-12-17 00:00:00,302.76498,275.8562263630862,26.90875776777318
5161,LightGBM,2013-12-17 00:10:00,232.73167,276.74288086167616,44.01120666734022
5161,LightGBM,2013-12-17 00:20:00,268.7748,239.75621480435322,29.018595986662405
5161,LightGBM,2013-12-17 00:30:00,226.4829,253.8765011728752,27.39360627541427
5161,LightGBM,2013-12-17 00:40:00,187.17807,233.2014087688914,46.02333870053204
5161,LightGBM,2013-12-17 00:50:00,223.17186,218.71651110396758,4.455348637243361
5161,LightGBM,2013-12-17 01:00:00,234.36075,224.6972750739129,9.663473217102734
5161,LightGBM,2013-12-17 01:10:00,216.70508,209.45320392388882,7.251874201111178
5161,LightGBM,2013-12-17 01:20:00,229.82294,213.77544053081095,16.047496480907796
5161,LightGBM,2013-12-17 01:30:00,209.51703,230.03075178267585,20.5137229740821
5161,LightGBM,2013-12-17 01:40:00,183.1384,212.19362987076016,29.055232653963287
5161,LightGBM,2013-12-17 01:50:00,202.82635,214.5823727967658,11.75601781629706
5161,LightGBM,2013-12-17 02:00:00,204.51138,211.05613662124503,6.544753564604406
5161,LightGBM,2013-12-17 02:10:00,173.6049,200.04417207610766,26.43926790130297
5161,LightGBM,2013-12-17 02:20:00,195.62657,199.3835382631802,3.756966607906776
5161,LightGBM,2013-12-17 02:30:00,199.54,205.3419732073445,5.801979921211682
5161,LightGBM,2013-12-17 02:40:00,188.96452,191.16172249491996,2.197199179490269
5161,LightGBM,2013-12-17 02:50:00,206.67401,190.290947189834,16.383064040634764
5161,LightGBM,2013-12-17 03:00:00,213.5412,199.7279535646078,13.813245165860963
5161,LightGBM,2013-12-17 03:10:00,164.3832,192.04653100100606,27.663337031279497
5161,LightGBM,2013-12-17 03:20:00,205.71875,199.88704233983773,5.831707660162266
5161,LightGBM,2013-12-17 03:30:00,189.8338,213.5332223903054,23.69942112077416
5161,LightGBM,2013-12-17 03:40:00,165.30069,181.1070527518217,15.806363054556073
5161,LightGBM,2013-12-17 03:50:00,211.25015,192.59309062531173,18.657061962578894
5161,LightGBM,2013-12-17 04:00:00,207.73288,204.14354849390597,3.5893311447659073
5161,LightGBM,2013-12-17 04:10:00,186.83727,177.90271761500972,8.934547399638717
5161,LightGBM,2013-12-17 04:20:00,212.57007,208.3293204896494,4.240747869725595
5161,LightGBM,2013-12-17 04:30:00,199.12,214.18852920355104,15.068534086363542
5161,LightGBM,2013-12-17 04:40:00,189.68364,193.369772724299,3.6861331979318095
5161,LightGBM,2013-12-17 04:50:00,206.41656,209.8096410922672,3.3930761508609635
5161,LightGBM,2013-12-17 05:00:00,199.14429,206.92378159607782,7.779494486702816
5161,LightGBM,2013-12-17 05:10:00,175.57236,201.62197535478285,26.049618177048472
5161,LightGBM,2013-12-17 05:20:00,211.8952,225.6931155822356,13.797912945516856
5161,LightGBM,2013-12-17 05:30:00,229.97296,218.57189527048303,11.401066155298224
5161,LightGBM,2013-12-17 05:40:00,222.11827,215.14006446049092,6.978206413532519
5161,LightGBM,2013-12-17 05:50:00,266.95532,236.12428335863572,30.831038906989278
5161,LightGBM,2013-12-17 06:00:00,266.6577,292.14912207177025,25.49140722802025
5161,LightGBM,2013-12-17 06:10:00,264.9794,265.30781789177075,0.32841725700512825
5161,LightGBM,2013-12-17 06:20:00,299.75565,307.24215288557866,7.486507133625537
5161,LightGBM,2013-12-17 06:30:00,341.219,331.27047123638215,9.94852290424285
5161,LightGBM,2013-12-17 06:40:00,302.00635,388.6404853138987,86.6341376576487
5161,LightGBM,2013-12-17 06:50:00,336.06754,366.05565984011065,29.988124439720025
5161,LightGBM,2013-12-17 07:00:00,375.1931,428.4142152463436,53.22110001196859
5161,LightGBM,2013-12-17 07:10:00,397.58102,434.58468523679875,37.00366106687687
5161,LightGBM,2013-12-17 07:20:00,489.18375,486.639896835277,2.543849502613625
5161,LightGBM,2013-12-17 07:30:00,534.2422,585.5859179031462,51.343730403146196
5161,LightGBM,2013-12-17 07:40:00,660.0387,637.9253141326371,22.11338215642536
5161,LightGBM,2013-12-17 07:50:00,617.42114,762.1501050423947,144.72896246426967
5161,LightGBM,2013-12-17 08:00:00,824.71655,755.8735245606824,68.84302817369257
5161,LightGBM,2013-12-17 08:10:00,862.9117,906.62837429122,43.716692162313734
5161,LightGBM,2013-12-17 08:20:00,903.38446,956.8053134829402,53.420853033721414
5161,LightGBM,2013-12-17 08:30:00,993.2106,998.6994384572761,5.488867168213574
5161,LightGBM,2013-12-17 08:40:00,1057.9623,1041.99181264503,15.970467628407505
5161,LightGBM,2013-12-17 08:50:00,1036.0688,1141.7305050429038,105.66165738665381
5161,LightGBM,2013-12-17 09:00:00,1217.5115,1174.2733804253762,43.23809418399878
5161,LightGBM,2013-12-17 09:10:00,1188.2633,1224.7717881589729,36.50848249491037
5161,LightGBM,2013-12-17 09:20:00,1214.9235,1272.9520135057094,58.028551591646874
5161,LightGBM,2013-12-17 09:30:00,1532.3738,1313.652524014438,218.7212552824369
5161,LightGBM,2013-12-17 09:40:00,1466.2655,1496.507574772111,30.242071842423456
5161,LightGBM,2013-12-17 09:50:00,1664.7877,1524.2331687424028,140.55455098415973
5161,LightGBM,2013-12-17 10:00:00,1818.2194,1608.0174917713691,210.20186858019338
5161,LightGBM,2013-12-17 10:10:00,1694.5822,1688.0902890332366,6.491864287075941
5161,LightGBM,2013-12-17 10:20:00,1874.4421,1816.513289093901,57.928849577974006
5161,LightGBM,2013-12-17 10:30:00,2035.2653,1898.1621405375522,137.1031182515103
5161,LightGBM,2013-12-17 10:40:00,2138.9644,2065.260853503789,73.7035019649611
5161,LightGBM,2013-12-17 10:50:00,2250.6003,2203.60024048425,47.00010131262479
5161,LightGBM,2013-12-17 11:00:00,2388.473,2224.0259390265956,164.44696136402945
5161,LightGBM,2013-12-17 11:10:00,2460.7341,2300.006461359085,160.72766950029018
5161,LightGBM,2013-12-17 11:20:00,2415.1035,2378.4809760927087,36.622539532291285
5161,LightGBM,2013-12-17 11:30:00,2763.068,2482.0434972827493,281.0246179516257
5161,LightGBM,2013-12-17 11:40:00,2744.7373,2738.2082454671036,6.529059220396448
5161,LightGBM,2013-12-17 11:50:00,2774.4429,2873.4106320977367,98.96776100398665
5161,LightGBM,2013-12-17 12:00:00,3062.4578,3056.2166302965607,6.241133375314348
5161,LightGBM,2013-12-17 12:10:00,3291.7275,3139.6063548055517,152.12118425694825
5161,LightGBM,2013-12-17 12:20:00,3444.106,3333.939124273759,110.16683275749119
5161,LightGBM,2013-12-17 12:30:00,3373.3855,3323.743280013573,49.642218033302015
5161,LightGBM,2013-12-17 12:40:00,3342.427,3384.3169006581343,41.88989870500927
5161,LightGBM,2013-12-17 12:50:00,3505.4324,3431.7744726842425,73.65790036263252
5161,LightGBM,2013-12-17 13:00:00,3803.9375,3374.878826407904,429.05867359209606
5161,LightGBM,2013-12-17 13:10:00,3543.5134,3407.058596616647,136.4548311177282
5161,LightGBM,2013-12-17 13:20:00,3208.6392,3262.4403031936263,53.80114303737628
5161,LightGBM,2013-12-17 13:30:00,3234.5732,3196.0893216463382,38.48392054116175
5161,LightGBM,2013-12-17 13:40:00,3110.6792,3257.1499103024325,146.47071108368254
5161,LightGBM,2013-12-17 13:50:00,3139.6963,3083.858930238104,55.83735882439578
5161,LightGBM,2013-12-17 14:00:00,2945.2466,3077.260125453739,132.01354342248897
5161,LightGBM,2013-12-17 14:10:00,2766.0857,2887.613289811923,121.5275964525481
5161,LightGBM,2013-12-17 14:20:00,3100.932,2840.3169607692093,260.61492399641565
5161,LightGBM,2013-12-17 14:30:00,3517.678,2996.0148993865346,521.6630791290904
5161,LightGBM,2013-12-17 14:40:00,3524.895,3177.440338708021,347.45468082322895
5161,LightGBM,2013-12-17 14:50:00,3358.1033,3177.5901539814035,180.51311750297145
5161,LightGBM,2013-12-17 15:00:00,3876.9597,3217.2725620678166,659.6871547290584
5161,LightGBM,2013-12-17 15:10:00,3759.038,3293.1944070654877,465.84367887201233
5161,LightGBM,2013-12-17 15:20:00,3837.1492,3390.5088594503027,446.6403104715723
5161,LightGBM,2013-12-17 15:30:00,3774.914,3380.902442726271,394.01161977372885
5161,LightGBM,2013-12-17 15:40:00,3495.1526,3399.7944403992183,95.35814749140673
5161,LightGBM,2013-12-17 15:50:00,3764.5986,3459.734168899984,304.86446391251593
5161,LightGBM,2013-12-17 16:00:00,3746.0464,3361.1890433885555,384.85734333019445
5161,LightGBM,2013-12-17 16:10:00,3641.88,3498.0176278514155,143.86225496108455
5161,LightGBM,2013-12-17 16:20:00,3795.984,3417.80501367068,378.1788730480698
5161,LightGBM,2013-12-17 16:30:00,3566.9692,3377.363349249424,189.60588903182588
5161,LightGBM,2013-12-17 16:40:00,3228.2769,3427.9697721309694,199.69291666221943
5161,LightGBM,2013-12-17 16:50:00,3273.0974,3172.9239996462834,100.17341246309161
5161,LightGBM,2013-12-17 17:00:00,3197.3655,3142.0437755059993,55.32170300962571
5161,LightGBM,2013-12-17 17:10:00,3225.8516,3063.0732977412135,162.77826475878646
5161,LightGBM,2013-12-17 17:20:00,2850.039,3010.5815323018196,160.5424698018196
5161,LightGBM,2013-12-17 17:30:00,3065.798,2911.6970164386953,154.1010792644297
5161,LightGBM,2013-12-17 17:40:00,2853.2896,2914.711105974311,61.42155519306107
5161,LightGBM,2013-12-17 17:50:00,2902.8008,2817.3510406080386,85.4497406419614
5161,LightGBM,2013-12-17 18:00:00,2814.6863,2698.7541866002407,115.9320926966343
5161,LightGBM,2013-12-17 18:10:00,2951.324,2691.887353565599,259.4366210437761
5161,LightGBM,2013-12-17 18:20:00,2730.4817,2695.1494684099307,35.332221043194295
5161,LightGBM,2013-12-17 18:30:00,2447.7034,2639.6027464248727,191.89937728424775
5161,LightGBM,2013-12-17 18:40:00,2416.3674,2412.4867177520114,3.880713888613627
5161,LightGBM,2013-12-17 18:50:00,2257.1748,2286.3682665019614,29.193461814461443
5161,LightGBM,2013-12-17 19:00:00,2049.7354,2136.641377067693,86.90602550519316
5161,LightGBM,2013-12-17 19:10:00,1769.0593,1943.0569256613007,173.99759948942574
5161,LightGBM,2013-12-17 19:20:00,1671.0309,1707.3551197496488,36.32423596058629
5161,LightGBM,2013-12-17 19:30:00,1472.355,1588.641071674686,116.28609120593592
5161,LightGBM,2013-12-17 19:40:00,1444.2585,1446.8058961324016,2.5473512105265854
5161,LightGBM,2013-12-17 19:50:00,1219.8506,1459.874096300538,240.02351036303799
5161,LightGBM,2013-12-17 20:00:00,1171.9624,1234.6987147144096,62.73631237065956
5161,LightGBM,2013-12-17 20:10:00,1066.5072,1115.4665276575697,48.95932550913221
5161,LightGBM,2013-12-17 20:20:00,1065.6753,1152.3433716273905,86.66807865864052
5161,LightGBM,2013-12-17 20:30:00,1107.4401,1055.7900235507595,51.65003992580296
5161,LightGBM,2013-12-17 20:40:00,1170.1951,981.4724171820699,188.72265117730512
5161,LightGBM,2013-12-17 20:50:00,881.85944,1025.0997484236525,143.24031238849625
5161,LightGBM,2013-12-17 21:00:00,747.4791,936.8721131270785,189.39298715051598
5161,LightGBM,2013-12-17 21:10:00,636.772,760.8816169407454,124.1096442844954
5161,LightGBM,2013-12-17 21:20:00,549.43256,616.2411117073929,66.80855555504911
5161,LightGBM,2013-12-17 21:30:00,636.7148,591.300062750037,45.41471996480675
5161,LightGBM,2013-12-17 21:40:00,583.74817,582.3169623903887,1.4312065549238469
5161,LightGBM,2013-12-17 21:50:00,538.8654,564.5044768321026,25.63905935163382
5161,LightGBM,2013-12-17 22:00:00,543.96155,530.919280375935,13.042267475627455
5161,LightGBM,2013-12-17 22:10:00,439.51578,535.5235125975827,96.00773500969206
5161,LightGBM,2013-12-17 22:20:00,424.59024,469.94717171618146,45.35693123766583
5161,LightGBM,2013-12-17 22:30:00,452.19907,426.73300483969086,25.46606132241851
5161,LightGBM,2013-12-17 22:40:00,361.02264,430.6755820851918,69.65293804222307
5161,LightGBM,2013-12-17 22:50:00,371.86603,389.72470416896954,17.858676336938288
5161,LightGBM,2013-12-17 23:00:00,434.7364,368.3205081116647,66.41588104849154
5161,LightGBM,2013-12-17 23:10:00,406.53528,419.2153689883356,12.680090668023126
5161,LightGBM,2013-12-17 23:20:00,314.7144,376.8729225889266,62.158536602598474
5161,LightGBM,2013-12-17 23:30:00,311.52432,314.2856158601331,2.7612933503674526
5161,LightGBM,2013-12-17 23:40:00,268.64502,335.32768353497664,66.68266400372664
5161,LightGBM,2013-12-17 23:50:00,269.08862,278.43315893639084,9.34453588951584
5161,LightGBM,2013-12-18 00:00:00,303.09613,258.09027132597225,45.0058590451215
5161,LightGBM,2013-12-18 00:10:00,274.72974,263.59904403388066,11.13069229424434
5161,LightGBM,2013-12-18 00:20:00,234.28204,256.36967868682535,22.087635229794103
5161,LightGBM,2013-12-18 00:30:00,258.46707,240.1970302580704,18.270041275132712
5161,LightGBM,2013-12-18 00:40:00,235.9508,250.72550623224168,14.774700568179185
5161,LightGBM,2013-12-18 00:50:00,214.01556,233.0027166679275,18.98715270308375
5161,LightGBM,2013-12-18 01:00:00,244.06615,221.53105514099934,22.535091709586595
5161,LightGBM,2013-12-18 01:10:00,221.39584,228.53903838495697,7.143194879097592
5161,LightGBM,2013-12-18 01:20:00,390.53134,214.74973901136894,175.78160254136543
5161,LightGBM,2013-12-18 01:30:00,385.1137,316.73985846946715,68.3738500266266
5161,LightGBM,2013-12-18 01:40:00,443.73373,320.0920965981479,123.64163753271146
5161,LightGBM,2013-12-18 01:50:00,424.52182,369.49222589035696,55.02959417800241
5161,LightGBM,2013-12-18 02:00:00,514.8599,336.21958885487453,178.64033546153172
5161,LightGBM,2013-12-18 02:10:00,243.27393,393.1563659840676,149.88244020281758
5161,LightGBM,2013-12-18 02:20:00,216.10474,255.94569899441532,39.840962666290324
5161,LightGBM,2013-12-18 02:30:00,226.12572,247.4592469508646,21.333529787778673
5161,LightGBM,2013-12-18 02:40:00,232.07375,231.68826639462776,0.3854793329113022
5161,LightGBM,2013-12-18 02:50:00,208.05132,221.21664135065149,13.165326043034298
5161,LightGBM,2013-12-18 03:00:00,225.40233,224.3472049089764,1.055123582234529
5161,LightGBM,2013-12-18 03:10:00,227.49487,231.64513124185592,4.150258194980921
5161,LightGBM,2013-12-18 03:20:00,215.54005,218.1453271231363,2.605272801847235
5161,LightGBM,2013-12-18 03:30:00,227.69821,221.05240678950008,6.645804880421792
5161,LightGBM,2013-12-18 03:40:00,220.47954,231.12534119761747,10.645803233750286
5161,LightGBM,2013-12-18 03:50:00,219.93324,217.68621731673187,2.2470254811196924
5161,LightGBM,2013-12-18 04:00:00,234.73875,227.5365604302602,7.202193842200728
5161,LightGBM,2013-12-18 04:10:00,256.21884,222.08605445469055,34.13278709804382
5161,LightGBM,2013-12-18 04:20:00,246.57613,232.73715681061967,13.838969288013146
5161,LightGBM,2013-12-18 04:30:00,248.08907,243.6861778883327,4.402887663425105
5161,LightGBM,2013-12-18 04:40:00,257.0533,244.28017578101833,12.773138427966046
5161,LightGBM,2013-12-18 04:50:00,243.37933,247.59019563575805,4.2108621396643
5161,LightGBM,2013-12-18 05:00:00,263.1779,241.46246018555297,21.715426777337655
5161,LightGBM,2013-12-18 05:10:00,227.68663,257.34408902437497,29.65745877535153
5161,LightGBM,2013-12-18 05:20:00,237.6365,244.7846045509035,7.148099423950384
5161,LightGBM,2013-12-18 05:30:00,320.8879,252.27894768872537,68.60896124682151
5161,LightGBM,2013-12-18 05:40:00,246.0984,285.8244734968676,39.726069566203535
5161,LightGBM,2013-12-18 05:50:00,260.01495,261.784440379245,1.7694867659637339
5161,LightGBM,2013-12-18 06:00:00,350.64963,296.8329290217836,53.81669866376325
5161,LightGBM,2013-12-18 06:10:00,396.91443,341.6990165291821,55.215412181755426
5161,LightGBM,2013-12-18 06:20:00,404.74667,379.8514987462512,24.89517483773318
5161,LightGBM,2013-12-18 06:30:00,444.64056,399.3810981622391,45.259465802604666
5161,LightGBM,2013-12-18 06:40:00,383.8241,436.0421578130057,52.2180611333182
5161,LightGBM,2013-12-18 06:50:00,396.3336,408.88253061150533,12.548942965020956
5161,LightGBM,2013-12-18 07:00:00,413.65237,478.5249137833396,64.8725395157615
5161,LightGBM,2013-12-18 07:10:00,642.7808,474.75839910201137,168.02242365189488
5161,LightGBM,2013-12-18 07:20:00,541.2099,661.844634736822,120.6347348344782
5161,LightGBM,2013-12-18 07:30:00,618.90344,667.9418845404448,49.03844215763229
5161,LightGBM,2013-12-18 07:40:00,646.4804,728.5092700236233,82.0288623087796
5161,LightGBM,2013-12-18 07:50:00,736.52924,769.053159545448,32.52392370560426
5161,LightGBM,2013-12-18 08:00:00,844.3093,876.091556625863,31.78223045398795
5161,LightGBM,2013-12-18 08:10:00,899.5496,964.0185379709811,64.46891638894988
5161,LightGBM,2013-12-18 08:20:00,958.5369,983.0811342368106,24.544207967279362
5161,LightGBM,2013-12-18 08:30:00,1156.951,1060.561061319107,96.38998848558049
5161,LightGBM,2013-12-18 08:40:00,1070.9885,1173.510342693173,102.52181730254802
5161,LightGBM,2013-12-18 08:50:00,1130.0845,1214.6329255637013,84.54845290745129
5161,LightGBM,2013-12-18 09:00:00,1296.178,1229.0838282958332,67.0941502197918
5161,LightGBM,2013-12-18 09:10:00,1440.553,1352.1231731615433,88.42980535408174
5161,LightGBM,2013-12-18 09:20:00,1529.7799,1465.3560714892164,64.42383573734605
5161,LightGBM,2013-12-18 09:30:00,1691.0552,1578.936511483409,112.11866429784095
5161,LightGBM,2013-12-18 09:40:00,1911.0961,1640.801459361067,270.2946099748706
5161,LightGBM,2013-12-18 09:50:00,1785.5616,1836.861160089848,51.2995145820355
5161,LightGBM,2013-12-18 10:00:00,2071.8499,1866.6885645976229,205.16128891800213
5161,LightGBM,2013-12-18 10:10:00,2104.384,2251.4310185081818,147.04698530505675
5161,LightGBM,2013-12-18 10:20:00,2088.5828,2297.34402751181,208.76126383993505
5161,LightGBM,2013-12-18 10:30:00,2219.114,2373.679050789562,154.5650371176871
5161,LightGBM,2013-12-18 10:40:00,2249.7117,2368.802549266558,119.09087934468289
5161,LightGBM,2013-12-18 10:50:00,2448.1501,2375.3108196107887,72.83932687358629
5161,LightGBM,2013-12-18 11:00:00,2599.8909,2452.6159308050255,147.27493833559947
5161,LightGBM,2013-12-18 11:10:00,2445.932,2505.5930219701495,59.66113720452449
5161,LightGBM,2013-12-18 11:20:00,2537.695,2547.555621802005,9.860553442630135
5161,LightGBM,2013-12-18 11:30:00,2588.7942,2656.949786502921,68.15559704979614
5161,LightGBM,2013-12-18 11:40:00,2524.9182,2689.490541630598,164.57232873997282
5161,LightGBM,2013-12-18 11:50:00,2801.2405,2724.350136488582,76.89034202704306
5161,LightGBM,2013-12-18 12:00:00,2847.3315,3036.7104288302085,189.37888586145846
5161,LightGBM,2013-12-18 12:10:00,3144.238,3056.906375055635,87.33166205373982
5161,LightGBM,2013-12-18 12:20:00,3527.2244,3278.953304837872,248.2710603965029
5161,LightGBM,2013-12-18 12:30:00,3725.421,3310.078590026463,415.3423084110368
5161,LightGBM,2013-12-18 12:40:00,3822.5183,3462.5786547263374,359.9396558205376
5161,LightGBM,2013-12-18 12:50:00,3866.7158,3635.611521165148,231.10429914735187
5161,LightGBM,2013-12-18 13:00:00,3877.3699,3629.0631553716057,248.30671767526928
5161,LightGBM,2013-12-18 13:10:00,3581.2974,3731.357129344263,150.05976606301283
5161,LightGBM,2013-12-18 13:20:00,3756.3367,3552.0210379935493,204.31563192832573
5161,LightGBM,2013-12-18 13:30:00,3436.1636,3536.8020729819764,100.63849876322638
5161,LightGBM,2013-12-18 13:40:00,3591.0415,3539.084913218333,51.956590687917014
5161,LightGBM,2013-12-18 13:50:00,3316.7224,3527.7233449814335,211.00093287205846
5161,LightGBM,2013-12-18 14:00:00,3167.509,3402.6311413506905,235.12210814756554
5161,LightGBM,2013-12-18 14:10:00,3138.919,3321.8823381720736,182.96339285957356
5161,LightGBM,2013-12-18 14:20:00,3047.273,3227.075956664543,179.8030074457929
5161,LightGBM,2013-12-18 14:30:00,3150.5264,3137.562401841747,12.963965345752968
5161,LightGBM,2013-12-18 14:40:00,2938.9463,3229.609874242853,290.66358518035304
5161,LightGBM,2013-12-18 14:50:00,3039.379,2963.5538223322783,75.82508391772171
5161,LightGBM,2013-12-18 15:00:00,3118.2083,3162.1821385397934,43.973886586668414
5161,LightGBM,2013-12-18 15:10:00,3213.4922,3049.6981554028343,163.79403209716565
5161,LightGBM,2013-12-18 15:20:00,3012.9036,3212.450099878058,199.54653542493315
5161,LightGBM,2013-12-18 15:30:00,2953.8875,3022.3885323631894,68.50108119131437
5161,LightGBM,2013-12-18 15:40:00,2920.7847,3030.880034653809,110.09536668505916
5161,LightGBM,2013-12-18 15:50:00,2932.362,2946.9045198594526,14.542459312577648
5161,LightGBM,2013-12-18 16:00:00,3075.2095,2966.358350719691,108.85112193655914
5161,LightGBM,2013-12-18 16:10:00,3023.2144,3028.671775158723,5.457419689972994
5161,LightGBM,2013-12-18 16:20:00,2955.8096,2980.586719487171,24.777149174671194
5161,LightGBM,2013-12-18 16:30:00,2909.414,2945.177408961918,35.76334646191799
5161,LightGBM,2013-12-18 16:40:00,2701.2969,2849.4322137525464,148.13533875254643
5161,LightGBM,2013-12-18 16:50:00,2824.2446,2854.0513996885047,29.806770782254716
5161,LightGBM,2013-12-18 17:00:00,2610.1592,2864.0549434886116,253.89576380111157
5161,LightGBM,2013-12-18 17:10:00,2438.9463,2476.5387429411426,37.59245387864257
5161,LightGBM,2013-12-18 17:20:00,2638.442,2580.761179947872,57.680714583378176
5161,LightGBM,2013-12-18 17:30:00,2572.8606,2580.061777858952,7.201182155827155
5161,LightGBM,2013-12-18 17:40:00,2564.8267,2459.549526156343,105.27713399990716
5161,LightGBM,2013-12-18 17:50:00,2356.0193,2377.069468166012,21.05018105663703
5161,LightGBM,2013-12-18 18:00:00,2361.8774,2348.512717811887,13.364723594363113
5161,LightGBM,2013-12-18 18:10:00,2249.49,2289.904589292091,40.414599057715805
5161,LightGBM,2013-12-18 18:20:00,2056.9507,2271.9042230579244,214.95353946417436
5161,LightGBM,2013-12-18 18:30:00,2078.2659,2170.5990990386777,92.33322989805265
5161,LightGBM,2013-12-18 18:40:00,2282.8704,2091.9576036245658,190.91275770355924
5161,LightGBM,2013-12-18 18:50:00,2069.832,2041.2269073884322,28.60512386156779
5161,LightGBM,2013-12-18 19:00:00,1856.3398,1872.462681311387,16.122837561387087
5161,LightGBM,2013-12-18 19:10:00,1593.6848,1893.2140766110163,299.52926215789125
5161,LightGBM,2013-12-18 19:20:00,1380.7185,1618.0880692809549,237.36956342157987
5161,LightGBM,2013-12-18 19:30:00,1368.4242,1376.1175989099195,7.693404573981979
5161,LightGBM,2013-12-18 19:40:00,1136.7921,1345.1936808975943,208.40156663978178
5161,LightGBM,2013-12-18 19:50:00,1057.0448,1155.235634224615,98.19083441992757
5161,LightGBM,2013-12-18 20:00:00,952.5083,1080.046185641884,127.537884860634
5161,LightGBM,2013-12-18 20:10:00,885.5504,944.129264924604,58.578849885541445
5161,LightGBM,2013-12-18 20:20:00,945.30396,921.7522139363587,23.551741141766342
5161,LightGBM,2013-12-18 20:30:00,955.2644,961.1797796126906,5.915375315815595
5161,LightGBM,2013-12-18 20:40:00,908.50287,958.000928567892,49.4980599155482
5161,LightGBM,2013-12-18 20:50:00,948.1962,880.674354937068,67.52187309027579
5161,LightGBM,2013-12-18 21:00:00,824.9544,810.3552378872209,14.599168851060313
5161,LightGBM,2013-12-18 21:10:00,795.2902,735.8071855336682,59.48303663430056
5161,LightGBM,2013-12-18 21:20:00,611.88983,651.5840124478731,39.69418090490433
5161,LightGBM,2013-12-18 21:30:00,578.9331,610.9221537379417,31.9890482691917
5161,LightGBM,2013-12-18 21:40:00,579.75836,534.0953635978733,45.66299821853295
5161,LightGBM,2013-12-18 21:50:00,505.07065,536.1823287533437,31.11168055998428
5161,LightGBM,2013-12-18 22:00:00,457.73096,504.91571023539314,47.184753204143135
5161,LightGBM,2013-12-18 22:10:00,554.7294,474.1828000974648,80.54657001972271
5161,LightGBM,2013-12-18 22:20:00,463.84952,490.232247326549,26.38272950428336
5161,LightGBM,2013-12-18 22:30:00,405.31708,455.62761975538626,50.31054211866751
5161,LightGBM,2013-12-18 22:40:00,362.23328,412.3618648166933,50.1285884495058
5161,LightGBM,2013-12-18 22:50:00,315.83978,382.4134675558111,66.57368484096736
5161,LightGBM,2013-12-18 23:00:00,274.1597,324.6533765324402,50.49367804611205
5161,LightGBM,2013-12-18 23:10:00,267.61264,319.0246614743561,51.41202109349672
5161,LightGBM,2013-12-18 23:20:00,269.4348,292.1807101544089,22.745895701283928
5161,LightGBM,2013-12-18 23:30:00,251.59935,277.63143081655977,26.032080840973833
5161,LightGBM,2013-12-18 23:40:00,241.11078,279.7118600717702,38.60108126317647
5161,LightGBM,2013-12-18 23:50:00,217.61389,262.1779158285246,44.56402422696209
5161,LightGBM,2013-12-19 00:00:00,203.93837,226.90320158836502,22.96483183738846
5161,LightGBM,2013-12-19 00:10:00,204.19022,227.20652760363825,23.016311539185125
5161,LightGBM,2013-12-19 00:20:00,169.83192,214.8805773972074,45.04865295873083
5161,LightGBM,2013-12-19 00:30:00,162.9695,201.8616560499293,38.892158369265246
5161,LightGBM,2013-12-19 00:40:00,188.53651,205.81384311547868,17.277328833252113
5161,LightGBM,2013-12-19 00:50:00,145.82474,184.16908847623495,38.34435092740682
5161,LightGBM,2013-12-19 01:00:00,147.1228,184.4927689602996,37.3699662259246
5161,LightGBM,2013-12-19 01:10:00,160.85327,200.07259675027206,39.219325265897055
5161,LightGBM,2013-12-19 01:20:00,167.06288,186.76756847756042,19.704687007833854
5161,LightGBM,2013-12-19 01:30:00,144.11838,185.1159247428144,40.997547057267525
5161,LightGBM,2013-12-19 01:40:00,168.72066,192.07332694190544,23.352669593272623
5161,LightGBM,2013-12-19 01:50:00,163.0736,178.7817219819974,15.70812884234897
5161,LightGBM,2013-12-19 02:00:00,140.6902,165.5195326617563,24.82933185609224
5161,LightGBM,2013-12-19 02:10:00,169.9931,168.1067885988593,1.8863144284844395
5161,LightGBM,2013-12-19 02:20:00,146.30841,166.40934258672812,20.100931942196866
5161,LightGBM,2013-12-19 02:30:00,139.73344,152.58130256067057,12.847858346803378
5161,LightGBM,2013-12-19 02:40:00,157.53612,171.51455207714181,13.978434523430877
5161,LightGBM,2013-12-19 02:50:00,149.2089,157.89409814293572,8.685205320670093
5161,LightGBM,2013-12-19 03:00:00,137.03987,149.26883840476293,12.228967188942619
5161,LightGBM,2013-12-19 03:10:00,161.42363,161.39757621928774,0.02605354145444494
5161,LightGBM,2013-12-19 03:20:00,149.15988,162.80131253508046,13.64143094328358
5161,LightGBM,2013-12-19 03:30:00,137.69418,150.63430437557852,12.940121025969148
5161,LightGBM,2013-12-19 03:40:00,167.33061,163.59985130761805,3.7307608749991346
5161,LightGBM,2013-12-19 03:50:00,163.06259,161.18832557524237,1.8742659774920014
5161,LightGBM,2013-12-19 04:00:00,148.12737,152.39103184442627,4.263666732121578
5161,LightGBM,2013-12-19 04:10:00,192.28413,168.28324115697183,24.000892754160986
5161,LightGBM,2013-12-19 04:20:00,164.71341,163.7488832658259,0.9645261580022293
5161,LightGBM,2013-12-19 04:30:00,144.27452,157.12246591209475,12.847945038071316
5161,LightGBM,2013-12-19 04:40:00,199.8322,175.18145539190172,24.650743704777966
5161,LightGBM,2013-12-19 04:50:00,156.3342,174.31956925891183,17.98537126086495
5161,LightGBM,2013-12-19 05:00:00,143.32224,158.70975052919098,15.387515421769109
5161,LightGBM,2013-12-19 05:10:00,201.51146,197.7685948929519,3.7428644576340275
5161,LightGBM,2013-12-19 05:20:00,182.49237,175.52253224477255,6.969838360696201
5161,LightGBM,2013-12-19 05:30:00,133.89032,154.03527570460048,20.14495588038173
5161,LightGBM,2013-12-19 05:40:00,189.73953,205.02784816734257,15.288315696639444
5161,LightGBM,2013-12-19 05:50:00,187.93494,191.77956254842044,3.8446260249829436
5161,LightGBM,2013-12-19 06:00:00,209.46092,198.65491698743574,10.806005253775197
5161,LightGBM,2013-12-19 06:10:00,197.42627,253.01402115540978,55.58775162415978
5161,LightGBM,2013-12-19 06:20:00,212.6369,216.8497448499085,4.21284299443974
5161,LightGBM,2013-12-19 06:30:00,216.06082,233.19891982393227,17.138098290729147
5161,LightGBM,2013-12-19 06:40:00,261.43173,257.6746445855949,3.7570875921394986
5161,LightGBM,2013-12-19 06:50:00,296.271,288.1178444656658,8.153151628084174
5161,LightGBM,2013-12-19 07:00:00,342.76184,290.78380696879253,51.97803385151997
5161,LightGBM,2013-12-19 07:10:00,346.69257,392.33460031222387,45.64203439425512
5161,LightGBM,2013-12-19 07:20:00,422.2298,425.31007084746875,3.080273484187501
5161,LightGBM,2013-12-19 07:30:00,488.4608,449.02781265795244,39.43297225415694
5161,LightGBM,2013-12-19 07:40:00,604.7331,582.193622939756,22.539470321962767
5161,LightGBM,2013-12-19 07:50:00,607.37067,716.7063395904935,109.33567308658724
5161,LightGBM,2013-12-19 08:00:00,717.09607,732.6824925148858,15.58642317894828
5161,LightGBM,2013-12-19 08:10:00,744.41266,825.209547137987,80.79688844658074
5161,LightGBM,2013-12-19 08:20:00,885.86914,924.78569307257,38.916552447569984
5161,LightGBM,2013-12-19 08:30:00,956.97504,983.2647106789109,26.289674057817138
5161,LightGBM,2013-12-19 08:40:00,974.42224,1084.632411569129,110.21017035819159
5161,LightGBM,2013-12-19 08:50:00,1099.8969,1176.9505844882024,77.05373390226487
5161,LightGBM,2013-12-19 09:00:00,1223.0265,1214.0601749795203,8.966314278292202
5161,LightGBM,2013-12-19 09:10:00,1343.774,1441.845112803878,98.07106495231551
5161,LightGBM,2013-12-19 09:20:00,1372.3713,1553.1736415332634,180.80230364263844
5161,LightGBM,2013-12-19 09:30:00,1541.0254,1667.543334717732,126.51794409273202
5161,LightGBM,2013-12-19 09:40:00,1538.6102,1746.056100186155,207.44587069396744
5161,LightGBM,2013-12-19 09:50:00,1767.8145,1842.2186018505702,74.40414872557017
5161,LightGBM,2013-12-19 10:00:00,1720.5001,1873.1853365779193,152.68521450760682
5161,LightGBM,2013-12-19 10:10:00,1655.2976,1956.8346110979182,301.53700367604324
5161,LightGBM,2013-12-19 10:20:00,1764.8962,1956.8172041932996,191.92096395892463
5161,LightGBM,2013-12-19 10:30:00,1819.6342,1878.0486173190302,58.4144620455927
5161,LightGBM,2013-12-19 10:40:00,2052.6956,1982.91222890694,69.78332773368493
5161,LightGBM,2013-12-19 10:50:00,2101.9968,2209.402623553628,107.40579738175302
5161,LightGBM,2013-12-19 11:00:00,2135.1353,2224.635400275226,89.50014636897595
5161,LightGBM,2013-12-19 11:10:00,2269.4614,2344.517979369964,75.056553588714
5161,LightGBM,2013-12-19 11:20:00,2298.473,2368.050122770319,69.57722237969392
5161,LightGBM,2013-12-19 11:30:00,2442.7434,2423.968568198664,18.77484000446111
5161,LightGBM,2013-12-19 11:40:00,2534.7808,2564.098480390711,29.317718671960847
5161,LightGBM,2013-12-19 11:50:00,2562.879,2594.6871407044396,31.80823445443957
5161,LightGBM,2013-12-19 12:00:00,2649.3838,2734.674230116345,85.29044105384492
5161,LightGBM,2013-12-19 12:10:00,3079.7336,2821.434951280776,258.2986912973488
5161,LightGBM,2013-12-19 12:20:00,2879.3525,3169.439633403975,290.0870943414752
5161,LightGBM,2013-12-19 12:30:00,3051.9824,3139.5209944905655,87.5385726155655
5161,LightGBM,2013-12-19 12:40:00,3203.688,3261.466834936562,57.77884665531201
5161,LightGBM,2013-12-19 12:50:00,3184.9202,3260.582767294482,75.66260127885698
5161,LightGBM,2013-12-19 13:00:00,3255.8198,3289.537820454253,33.71799623550305
5161,LightGBM,2013-12-19 13:10:00,3134.402,3354.6890452053235,220.2869455959485
5161,LightGBM,2013-12-19 13:20:00,3258.1519,3123.587143246577,134.56471222217306
5161,LightGBM,2013-12-19 13:30:00,3144.569,3171.072213935884,26.503122139009065
5161,LightGBM,2013-12-19 13:40:00,3201.7524,3029.587111073314,172.1653303329358
5161,LightGBM,2013-12-19 13:50:00,2828.0125,3077.562065959287,249.54961478741188
5161,LightGBM,2013-12-19 14:00:00,3105.1987,2904.757993644974,200.4407368237762
5161,LightGBM,2013-12-19 14:10:00,2825.0269,3115.539241203211,290.5123857344611
5161,LightGBM,2013-12-19 14:20:00,2680.8604,2982.239019802723,301.37866824022285
5161,LightGBM,2013-12-19 14:30:00,2901.1643,2820.7847332301167,80.37957341050833
5161,LightGBM,2013-12-19 14:40:00,2752.3262,3043.497025850125,291.1708539751248
5161,LightGBM,2013-12-19 14:50:00,2739.1606,2905.7364343686613,166.57578983741132
5161,LightGBM,2013-12-19 15:00:00,2807.927,2882.903793845293,74.97679189216797
5161,LightGBM,2013-12-19 15:10:00,2584.6472,2943.3790309098863,358.7318141130113
5161,LightGBM,2013-12-19 15:20:00,2495.2998,2826.5815940363,331.2817893488
5161,LightGBM,2013-12-19 15:30:00,2745.7068,2711.7847728740207,33.922014235354254
5161,LightGBM,2013-12-19 15:40:00,2450.8027,2819.0444149992795,368.2416806242795
5161,LightGBM,2013-12-19 15:50:00,2718.5146,2718.245289314595,0.26935912290491615
5161,LightGBM,2013-12-19 16:00:00,2651.8245,2560.0782223584188,91.74624053220623
5161,LightGBM,2013-12-19 16:10:00,2449.5356,2705.897759390262,256.36211485901185
5161,LightGBM,2013-12-19 16:20:00,2364.177,2689.0911045407606,324.9141025876356
5161,LightGBM,2013-12-19 16:30:00,2622.1045,2558.0528902255924,64.05160196190764
5161,LightGBM,2013-12-19 16:40:00,2355.841,2517.6241296426656,161.7830651895406
5161,LightGBM,2013-12-19 16:50:00,2382.0017,2517.920333604838,135.9186246204631
5161,LightGBM,2013-12-19 17:00:00,2420.4246,2512.3402297831976,91.91566923632263
5161,LightGBM,2013-12-19 17:10:00,2299.2363,2387.1081868641268,87.87185873912676
5161,LightGBM,2013-12-19 17:20:00,2240.3677,2247.6740895588537,7.306413777603666
5161,LightGBM,2013-12-19 17:30:00,2492.787,2212.5255521063145,280.26155726868546
5161,LightGBM,2013-12-19 17:40:00,2202.0068,2204.87629231011,2.869456372609875
5161,LightGBM,2013-12-19 17:50:00,2133.3738,2148.4151964768375,15.041417179962536
5161,LightGBM,2013-12-19 18:00:00,2326.3213,2076.1797230526536,250.14156600984643
5161,LightGBM,2013-12-19 18:10:00,1970.2568,2109.416224654515,139.1593887170152
5161,LightGBM,2013-12-19 18:20:00,1808.8307,2019.163962197329,210.33327372076656
5161,LightGBM,2013-12-19 18:30:00,1778.7732,1815.4580197534817,36.68482639410672
5161,LightGBM,2013-12-19 18:40:00,1635.7878,1852.9522423629235,217.16440056604847
5161,LightGBM,2013-12-19 18:50:00,1787.2637,1687.70923410945,99.55443776554989
5161,LightGBM,2013-12-19 19:00:00,1440.8885,1628.8628336456206,187.97428384093314
5161,LightGBM,2013-12-19 19:10:00,1445.5645,1533.371907736446,87.80745461144602
5161,LightGBM,2013-12-19 19:20:00,1165.559,1347.6602601896755,182.10130022873795
5161,LightGBM,2013-12-19 19:30:00,983.61755,1210.258462725991,226.64090901505347
5161,LightGBM,2013-12-19 19:40:00,1067.5725,1172.46596830638,104.89345854075509
5161,LightGBM,2013-12-19 19:50:00,1064.6183,1143.7693905448539,79.15110441204138
5161,LightGBM,2013-12-19 20:00:00,953.12775,1030.6345701707241,77.5068235886929
5161,LightGBM,2013-12-19 20:10:00,991.1119,909.2725282079093,81.83934923349693
5161,LightGBM,2013-12-19 20:20:00,837.1152,941.5509902356024,104.43581689575865
5161,LightGBM,2013-12-19 20:30:00,743.8279,861.0581193331715,117.23023847379648
5161,LightGBM,2013-12-19 20:40:00,719.13165,750.587274342688,31.455621510656783
5161,LightGBM,2013-12-19 20:50:00,640.9126,734.0078678958304,93.09527023958037
5161,LightGBM,2013-12-19 21:00:00,713.2597,656.7450610640029,56.514643525840825
5161,LightGBM,2013-12-19 21:10:00,645.8009,641.7613515012175,4.0395518190949815
5161,LightGBM,2013-12-19 21:20:00,572.8274,660.3884947352523,87.56110215712727
5161,LightGBM,2013-12-19 21:30:00,602.1083,578.9750150451666,23.13326132202087
5161,LightGBM,2013-12-19 21:40:00,612.77606,547.4349634722261,65.34109853949269
5161,LightGBM,2013-12-19 21:50:00,511.6284,581.1199396861062,69.49155223493437
5161,LightGBM,2013-12-19 22:00:00,441.11316,503.4300082317154,62.31684905202792
5161,LightGBM,2013-12-19 22:10:00,420.6894,516.0710966821915,95.38170459234777
5161,LightGBM,2013-12-19 22:20:00,422.76392,433.18568127312255,10.421765257497555
5161,LightGBM,2013-12-19 22:30:00,424.8138,442.32882639866193,17.515014142802556
5161,LightGBM,2013-12-19 22:40:00,384.16812,447.4939821478423,63.32586080995168
5161,LightGBM,2013-12-19 22:50:00,292.0899,380.5389383841709,88.44903359901463
5161,LightGBM,2013-12-19 23:00:00,320.85486,295.87562783854975,24.979230559887753
5161,LightGBM,2013-12-19 23:10:00,295.0888,332.71503035348434,37.62622420114059
5161,LightGBM,2013-12-19 23:20:00,295.93073,344.9770639874074,49.046338889751155
5161,LightGBM,2013-12-19 23:30:00,256.09354,284.929926965429,28.836390588475865
5161,LightGBM,2013-12-19 23:40:00,206.02028,283.9420612796554,77.92178234899131
5161,LightGBM,2013-12-19 23:50:00,217.92496,279.642011878465,61.71705460307436
5161,LightGBM,2013-12-20 00:00:00,242.26108,211.25085542618052,31.010222454678853
5161,LightGBM,2013-12-20 00:10:00,174.30728,214.56419776447737,40.256916270336745
5161,LightGBM,2013-12-20 00:20:00,178.3625,206.9998719676149,28.63736891585708
5161,LightGBM,2013-12-20 00:30:00,175.14632,203.69289010957553,28.546573581255217
5161,LightGBM,2013-12-20 00:40:00,152.33878,182.145645142957,29.80686950819137
5161,LightGBM,2013-12-20 00:50:00,180.40874,166.15024818159904,14.258489001018148
5161,LightGBM,2013-12-20 01:00:00,171.04825,164.71033071575494,6.33791757526069
5161,LightGBM,2013-12-20 01:10:00,161.85028,160.30842634991686,1.5418544118018929
5161,LightGBM,2013-12-20 01:20:00,185.78027,169.99084519291804,15.789428244581956
5161,LightGBM,2013-12-20 01:30:00,189.96631,164.67755059896498,25.288757994785016
5161,LightGBM,2013-12-20 01:40:00,159.52864,168.44469072404334,8.916049976973028
5161,LightGBM,2013-12-20 01:50:00,174.6532,175.4613449591867,0.8081467169992038
5161,LightGBM,2013-12-20 02:00:00,173.67648,167.76798554746907,5.908497606827808
5161,LightGBM,2013-12-20 02:10:00,210.40674,172.3929089595849,38.0138293216651
5161,LightGBM,2013-12-20 02:20:00,215.73897,179.91653093217502,35.82243696333279
5161,LightGBM,2013-12-20 02:30:00,178.25208,182.43235310278794,4.180277907475443
5161,LightGBM,2013-12-20 02:40:00,188.90144,183.2517734353892,5.649670046056116
5161,LightGBM,2013-12-20 02:50:00,167.10315,187.5124347008337,20.409285286771194
5161,LightGBM,2013-12-20 03:00:00,169.19829,171.75705895993536,2.5587709960681764
5161,LightGBM,2013-12-20 03:10:00,178.6727,179.56998125492578,0.8972822803164036
5161,LightGBM,2013-12-20 03:20:00,154.45125,175.4129079990748,20.96165983012949
5161,LightGBM,2013-12-20 03:30:00,164.45602,171.07759841611906,6.621574246197184
5161,LightGBM,2013-12-20 03:40:00,150.4502,183.7571061093812,33.3069107968812
5161,LightGBM,2013-12-20 03:50:00,157.78348,164.32726732742745,6.543789544224325
5161,LightGBM,2013-12-20 04:00:00,150.87732,168.31779938040518,17.440480044467677
5161,LightGBM,2013-12-20 04:10:00,154.2366,161.0123826866855,6.775779903482373
5161,LightGBM,2013-12-20 04:20:00,181.19868,165.13891430196875,16.05977039041406
5161,LightGBM,2013-12-20 04:30:00,191.88644,165.19683772758643,26.689606364210448
5161,LightGBM,2013-12-20 04:40:00,183.43315,170.1447671915968,13.288384053520389
5161,LightGBM,2013-12-20 04:50:00,154.46097,181.24232610494326,26.781358087365135
5161,LightGBM,2013-12-20 05:00:00,191.37866,180.9583399219273,10.42032218744771
5161,LightGBM,2013-12-20 05:10:00,142.15965,182.74009484442223,40.58044213446129
5161,LightGBM,2013-12-20 05:20:00,163.77124,163.0317071703375,0.739533064037488
5161,LightGBM,2013-12-20 05:30:00,186.41087,189.11053090116832,2.69965748808238
5161,LightGBM,2013-12-20 05:40:00,174.1565,155.2278980716787,18.92859606894629
5161,LightGBM,2013-12-20 05:50:00,208.78217,171.96273275963742,36.81943276770633
5161,LightGBM,2013-12-20 06:00:00,232.60474,219.26981554231767,13.334920785807327
5161,LightGBM,2013-12-20 06:10:00,239.04329,215.19110074786414,23.85218843670617
5161,LightGBM,2013-12-20 06:20:00,270.35873,250.8988521134892,19.459882017370177
5161,LightGBM,2013-12-20 06:30:00,315.4997,285.61951056798955,29.8801842562292
5161,LightGBM,2013-12-20 06:40:00,319.71826,333.9827656564819,14.264503937731888
5161,LightGBM,2013-12-20 06:50:00,377.85233,375.5043650467408,2.3479603927123094
5161,LightGBM,2013-12-20 07:00:00,352.55075,453.2188872102315,100.66813647780964
5161,LightGBM,2013-12-20 07:10:00,383.3799,418.7703013204119,35.39038799033375
5161,LightGBM,2013-12-20 07:20:00,457.79138,464.4004617538407,6.609079917903216
5161,LightGBM,2013-12-20 07:30:00,519.1235,549.2034636401244,30.07998951903062
5161,LightGBM,2013-12-20 07:40:00,592.0156,613.4054022411582,21.389777241158185
5161,LightGBM,2013-12-20 07:50:00,682.51196,692.187807204883,9.675844314258029
5161,LightGBM,2013-12-20 08:00:00,815.2566,776.9796377120038,38.27695408487125
5161,LightGBM,2013-12-20 08:10:00,893.1666,911.0225062682775,17.85588029171504
5161,LightGBM,2013-12-20 08:20:00,951.8006,1035.6854585950011,83.88486045046989
5161,LightGBM,2013-12-20 08:30:00,889.6657,1040.3583181592983,150.69260771007953
5161,LightGBM,2013-12-20 08:40:00,1044.0208,1061.855542693933,17.834790740808103
5161,LightGBM,2013-12-20 08:50:00,1141.5233,1142.4962053019265,0.9728898722389658
5161,LightGBM,2013-12-20 09:00:00,1331.022,1237.381324341347,93.64064831490305
5161,LightGBM,2013-12-20 09:10:00,1221.182,1339.782992921462,118.60098608552448
5161,LightGBM,2013-12-20 09:20:00,1363.3949,1434.906646602626,71.5117491416886
5161,LightGBM,2013-12-20 09:30:00,1549.3873,1515.919955905377,33.46737319618546
5161,LightGBM,2013-12-20 09:40:00,1544.8607,1604.3673090418495,59.50659126841197
5161,LightGBM,2013-12-20 09:50:00,1697.7924,1731.7477605333447,33.95540213490722
5161,LightGBM,2013-12-20 10:00:00,1738.7125,1726.4748419287607,12.237682485301775
5161,LightGBM,2013-12-20 10:10:00,1758.3699,1833.8877593356233,75.51788628874829
5161,LightGBM,2013-12-20 10:20:00,1717.3818,1895.6637623811448,178.2819264436448
5161,LightGBM,2013-12-20 10:30:00,2046.7505,1911.7721624840476,134.9783257972024
5161,LightGBM,2013-12-20 10:40:00,1989.8289,2090.2764698772758,100.44761245540076
5161,LightGBM,2013-12-20 10:50:00,2381.0547,2194.0445695993467,187.0101179006533
5161,LightGBM,2013-12-20 11:00:00,2271.2346,2276.0113651785155,4.776746037890462
5161,LightGBM,2013-12-20 11:10:00,2400.4788,2352.5686458006608,47.91011396496424
5161,LightGBM,2013-12-20 11:20:00,2226.8408,2442.876944365203,216.03612405270314
5161,LightGBM,2013-12-20 11:30:00,2358.4517,2499.391570909803,140.9399107535528
5161,LightGBM,2013-12-20 11:40:00,2492.564,2584.0839665302597,91.52000168650966
5161,LightGBM,2013-12-20 11:50:00,2654.9883,2529.945532275127,125.04274897487312
5161,LightGBM,2013-12-20 12:00:00,2834.7441,2812.375463716768,22.36867690823192
5161,LightGBM,2013-12-20 12:10:00,2796.3367,3041.529778439104,245.19310851722912
5161,LightGBM,2013-12-20 12:20:00,3057.3894,3160.0823750905342,102.69297079365924
5161,LightGBM,2013-12-20 12:30:00,3188.3403,3184.123597820055,4.216734211195217
5161,LightGBM,2013-12-20 12:40:00,3221.681,3164.5391348864573,57.141773316667695
5161,LightGBM,2013-12-20 12:50:00,3524.6064,3219.1645855154597,305.44185979704025
5161,LightGBM,2013-12-20 13:00:00,3223.6047,3437.39053374021,213.78579741208478
5161,LightGBM,2013-12-20 13:10:00,3420.8806,3291.5926528102436,129.28796242413136
5161,LightGBM,2013-12-20 13:20:00,3430.3384,3308.0604507759595,122.27792813029055
5161,LightGBM,2013-12-20 13:30:00,3298.1099,3182.3285733309194,115.78128995033057
5161,LightGBM,2013-12-20 13:40:00,3026.8647,3149.0986333372216,122.2338872434716
5161,LightGBM,2013-12-20 13:50:00,3372.5327,3095.801910186007,276.7308046577432
5161,LightGBM,2013-12-20 14:00:00,3101.176,3194.213128410278,93.03710301965293
5161,LightGBM,2013-12-20 14:10:00,3045.3306,3014.7198705120927,30.61069589415729
5161,LightGBM,2013-12-20 14:20:00,3055.932,3040.682721346727,15.249163418898206
5161,LightGBM,2013-12-20 14:30:00,2986.7651,3164.432635059737,177.6674983409871
5161,LightGBM,2013-12-20 14:40:00,3136.2236,3056.660863703373,79.5627691091272
5161,LightGBM,2013-12-20 14:50:00,3131.0835,3141.4934098264475,10.409913732697532
5161,LightGBM,2013-12-20 15:00:00,3260.1055,2992.639175340897,267.46629340910295
5161,LightGBM,2013-12-20 15:10:00,3274.4448,3208.5135415066256,65.93128271212436
5161,LightGBM,2013-12-20 15:20:00,3278.2551,3198.5429736872734,79.71215326585161
5161,LightGBM,2013-12-20 15:30:00,3278.9111,3302.48399185919,23.572859046690155
5161,LightGBM,2013-12-20 15:40:00,3529.7249,3294.4339037731856,235.29094974243935
5161,LightGBM,2013-12-20 15:50:00,3394.1943,3201.4748745466427,192.7194613908573
5161,LightGBM,2013-12-20 16:00:00,3234.207,3286.0439193622683,51.8368881122683
5161,LightGBM,2013-12-20 16:10:00,3389.9429,3086.168476865915,303.7743942278348
5161,LightGBM,2013-12-20 16:20:00,3076.8206,3153.6343659721792,76.81380933155424
5161,LightGBM,2013-12-20 16:30:00,3169.0256,3015.9445287768467,153.0811059887783
5161,LightGBM,2013-12-20 16:40:00,3152.8132,2911.412504651048,241.40072777082696
5161,LightGBM,2013-12-20 16:50:00,2945.257,3022.6763030168822,77.41922293875723
5161,LightGBM,2013-12-20 17:00:00,2751.2407,2839.462118916058,88.22139625980799
5161,LightGBM,2013-12-20 17:10:00,2526.0862,2797.342275779705,271.2560941390798
5161,LightGBM,2013-12-20 17:20:00,2513.12,2628.0304226346952,114.91030544719524
5161,LightGBM,2013-12-20 17:30:00,2452.489,2416.6512911489704,35.83772252290464
5161,LightGBM,2013-12-20 17:40:00,2226.295,2334.5425439883284,108.24762211332836
5161,LightGBM,2013-12-20 17:50:00,2231.8542,2164.5246318021354,67.32961624473955
5161,LightGBM,2013-12-20 18:00:00,2045.1724,2161.487961705852,116.31559842460183
5161,LightGBM,2013-12-20 18:10:00,1932.1818,2089.5568333975643,157.37507070225183
5161,LightGBM,2013-12-20 18:20:00,1809.0939,2057.6281708269776,248.53429875666507
5161,LightGBM,2013-12-20 18:30:00,1682.2748,1770.9355882050886,88.6608079316511
5161,LightGBM,2013-12-20 18:40:00,1658.5394,1841.6999595526165,183.16053084167902
5161,LightGBM,2013-12-20 18:50:00,1627.1318,1618.696343772314,8.435492165185906
5161,LightGBM,2013-12-20 19:00:00,1571.7871,1612.957458294879,41.17034891987896
5161,LightGBM,2013-12-20 19:10:00,1417.9408,1508.2897785982852,90.34898269984774
5161,LightGBM,2013-12-20 19:20:00,1296.3013,1506.1104798854585,209.80921035420852
5161,LightGBM,2013-12-20 19:30:00,1142.2091,1425.9633349445016,283.75422849918914
5161,LightGBM,2013-12-20 19:40:00,1166.7402,1250.862954537288,84.12272016228803
5161,LightGBM,2013-12-20 19:50:00,1058.7,1097.9048756714733,39.20492449959829
5161,LightGBM,2013-12-20 20:00:00,881.5584,1005.4847664226012,123.92635577806993
5161,LightGBM,2013-12-20 20:10:00,897.3151,963.4106409944992,66.09551648278045
5161,LightGBM,2013-12-20 20:20:00,777.0237,888.2575246450745,111.23384300444945
5161,LightGBM,2013-12-20 20:30:00,764.11475,858.5052711270504,94.39052503330038
5161,LightGBM,2013-12-20 20:40:00,716.72864,809.3295482834599,92.60091058814737
5161,LightGBM,2013-12-20 20:50:00,641.44116,691.0657316494456,49.62456954007064
5161,LightGBM,2013-12-20 21:00:00,796.38336,618.2971175599579,178.08624425644837
5161,LightGBM,2013-12-20 21:10:00,612.7666,678.6308790438327,65.86427748133269
5161,LightGBM,2013-12-20 21:20:00,640.7963,548.209103818124,92.5872218654697
5161,LightGBM,2013-12-20 21:30:00,594.87897,568.4247258216244,26.454241463531844
5161,LightGBM,2013-12-20 21:40:00,603.3621,538.8991190945319,64.46300248749935
5161,LightGBM,2013-12-20 21:50:00,514.1577,545.395052286614,31.237337442864032
5161,LightGBM,2013-12-20 22:00:00,460.33047,530.4673521257951,70.13687727227943
5161,LightGBM,2013-12-20 22:10:00,372.44223,481.41042234460565,108.96819211999627
5161,LightGBM,2013-12-20 22:20:00,336.6107,402.6418628102071,66.03117555434773
5161,LightGBM,2013-12-20 22:30:00,280.37225,367.89948277899083,87.52722936102208
5161,LightGBM,2013-12-20 22:40:00,322.41583,282.90601532606485,39.509817193466404
5161,LightGBM,2013-12-20 22:50:00,283.0952,326.5456966351037,43.450481791353695
5161,LightGBM,2013-12-20 23:00:00,408.79404,284.1214979910106,124.67253887422379
5161,LightGBM,2013-12-20 23:10:00,251.38527,355.80949304057884,104.42422387553978
5161,LightGBM,2013-12-20 23:20:00,240.89424,282.5901481670832,41.6959068340754
5161,LightGBM,2013-12-20 23:30:00,218.96948,271.3062364226263,52.336754000751284
5161,LightGBM,2013-12-20 23:40:00,215.77422,244.0421954863381,28.267979788095914
5161,LightGBM,2013-12-20 23:50:00,185.72182,258.3632180959835,72.64140107938192
5161,LightGBM,2013-12-21 00:00:00,219.38434,261.91647370758835,42.5321353286821
5161,LightGBM,2013-12-21 00:10:00,211.29134,208.58089439919368,2.710441660376631
5161,LightGBM,2013-12-21 00:20:00,178.29422,194.7832646243991,16.48904465369597
5161,LightGBM,2013-12-21 00:30:00,155.89795,197.48763321057257,41.58968399182257
5161,LightGBM,2013-12-21 00:40:00,151.62741,197.01284518925513,45.385434300583256
5161,LightGBM,2013-12-21 00:50:00,149.15114,171.718300218974,22.567161913309945
5161,LightGBM,2013-12-21 01:00:00,150.27457,166.26066815203995,15.98610150164933
5161,LightGBM,2013-12-21 01:10:00,152.6425,160.62630967140393,7.983807840349243
5161,LightGBM,2013-12-21 01:20:00,146.2899,155.7179346141885,9.428032880790056
5161,LightGBM,2013-12-21 01:30:00,124.0086,152.02382094579602,28.0152226181593
5161,LightGBM,2013-12-21 01:40:00,140.75584,151.0394536658175,10.283609549606552
5161,LightGBM,2013-12-21 01:50:00,125.731995,154.809360037435,29.07736540852875
5161,LightGBM,2013-12-21 02:00:00,123.58931,146.31313955591176,22.723829863528948
5161,LightGBM,2013-12-21 02:10:00,146.92789,149.03700371369283,2.109116750802201
5161,LightGBM,2013-12-21 02:20:00,124.38357,145.06173415555202,20.678166345493423
5161,LightGBM,2013-12-21 02:30:00,133.63643,149.1676430894286,15.531214256420782
5161,LightGBM,2013-12-21 02:40:00,151.0685,149.8756880854596,1.1928086186419762
5161,LightGBM,2013-12-21 02:50:00,124.377426,151.2496227497028,26.87219660224187
5161,LightGBM,2013-12-21 03:00:00,127.7924,148.0117112210298,20.219314675619643
5161,LightGBM,2013-12-21 03:10:00,139.45918,153.60518060035963,14.145997861101819
5161,LightGBM,2013-12-21 03:20:00,113.931465,146.5329308605813,32.60146571165552
5161,LightGBM,2013-12-21 03:30:00,122.52346,142.08079278803353,19.55733239984994
5161,LightGBM,2013-12-21 03:40:00,140.0016,147.0608811834763,7.059279010624749
5161,LightGBM,2013-12-21 03:50:00,114.012665,142.3216835414242,28.309018746502318
5161,LightGBM,2013-12-21 04:00:00,134.51648,142.94876479849574,8.432285306308245
5161,LightGBM,2013-12-21 04:10:00,143.63506,147.23214625467952,3.597090712687333
5161,LightGBM,2013-12-21 04:20:00,108.21252,142.26406194019538,34.05154515552741
5161,LightGBM,2013-12-21 04:30:00,125.43553,143.1129880561058,17.677456439894854
5161,LightGBM,2013-12-21 04:40:00,124.96248,148.08189709596147,23.119418458266153
5161,LightGBM,2013-12-21 04:50:00,126.73486,141.04959471624838,14.314731434998379
5161,LightGBM,2013-12-21 05:00:00,122.21121,143.9027290176405,21.69151685943737
5161,LightGBM,2013-12-21 05:10:00,121.18922,147.56708939885837,26.37787278508884
5161,LightGBM,2013-12-21 05:20:00,108.15403,143.65375722923932,35.49972738304791
5161,LightGBM,2013-12-21 05:30:00,142.08627,144.30311858304054,2.2168453896811684
5161,LightGBM,2013-12-21 05:40:00,152.99304,149.13226266275151,3.860779329435985
5161,LightGBM,2013-12-21 05:50:00,118.656975,152.30138853502623,33.644413742545765
5161,LightGBM,2013-12-21 06:00:00,147.33125,172.64237774614006,25.311124694382244
5161,LightGBM,2013-12-21 06:10:00,190.5125,185.1320634461696,5.380433502072577
5161,LightGBM,2013-12-21 06:20:00,157.04753,185.21526350701208,28.167732379082395
5161,LightGBM,2013-12-21 06:30:00,164.99596,189.73556029728977,24.739603876391328
5161,LightGBM,2013-12-21 06:40:00,186.3249,210.88739328188396,24.562487886376147
5161,LightGBM,2013-12-21 06:50:00,186.68721,213.0733213946421,26.386111311634295
5161,LightGBM,2013-12-21 07:00:00,205.55937,234.77816437373886,29.218792425496673
5161,LightGBM,2013-12-21 07:10:00,196.1886,261.8823492982554,65.6937506654429
5161,LightGBM,2013-12-21 07:20:00,191.43243,248.48753106763752,57.05509698560627
5161,LightGBM,2013-12-21 07:30:00,309.6655,263.27786953448333,46.387627291688545
5161,LightGBM,2013-12-21 07:40:00,279.31418,318.99513111556894,39.68095264877206
5161,LightGBM,2013-12-21 07:50:00,268.88684,318.35458168795594,49.46774086764344
5161,LightGBM,2013-12-21 08:00:00,373.0303,354.17541402147543,18.854889933602692
5161,LightGBM,2013-12-21 08:10:00,390.93958,456.49643171545324,65.55685652014074
5161,LightGBM,2013-12-21 08:20:00,502.5741,512.4336842151317,9.859587535444234
5161,LightGBM,2013-12-21 08:30:00,582.16016,611.452245610972,29.292089360972
5161,LightGBM,2013-12-21 08:40:00,601.16113,700.7410835601448,99.57995074764483
5161,LightGBM,2013-12-21 08:50:00,754.68195,795.1089353626363,40.426989561855066
5161,LightGBM,2013-12-21 09:00:00,991.0584,940.5064540820525,50.55195656247872
5161,LightGBM,2013-12-21 09:10:00,1191.5289,1137.7839138315178,53.74501683254471
5161,LightGBM,2013-12-21 09:20:00,1183.1973,1448.3682857733068,265.17102014830675
5161,LightGBM,2013-12-21 09:30:00,1464.5922,1377.4305329809256,87.16163010501191
5161,LightGBM,2013-12-21 09:40:00,1627.2997,1659.249542269781,31.94985965259343
5161,LightGBM,2013-12-21 09:50:00,1823.7963,1876.1029445771544,52.3066799287169
5161,LightGBM,2013-12-21 10:00:00,1806.946,1928.8816168719648,121.93557195008975
5161,LightGBM,2013-12-21 10:10:00,2013.1069,2057.7021936020315,44.59526000828146
5161,LightGBM,2013-12-21 10:20:00,2429.8337,2290.768349548546,139.0653906858288
5161,LightGBM,2013-12-21 10:30:00,2454.5312,2576.526382145677,121.99513214567696
5161,LightGBM,2013-12-21 10:40:00,2610.0925,2616.6497645845757,6.557235287700678
5161,LightGBM,2013-12-21 10:50:00,3039.9407,2689.7344341469848,350.20623968114023
5161,LightGBM,2013-12-21 11:00:00,3289.7625,3139.872417830074,149.89003334180097
5161,LightGBM,2013-12-21 11:10:00,3277.9907,3440.030117118633,162.03939446238292
5161,LightGBM,2013-12-21 11:20:00,3280.9685,3365.7353257084237,84.76681984904872
5161,LightGBM,2013-12-21 11:30:00,3712.048,3438.3805638465374,273.66753185658763
5161,LightGBM,2013-12-21 11:40:00,3323.208,3744.53197960063,421.32397178813017
5161,LightGBM,2013-12-21 11:50:00,3579.2656,3497.925899906191,81.3397250938092
5161,LightGBM,2013-12-21 12:00:00,3672.2627,3511.7753890020776,160.48730631042235
5161,LightGBM,2013-12-21 12:10:00,3719.9592,3849.1163244262175,129.1570959105925
5161,LightGBM,2013-12-21 12:20:00,3381.267,3763.60614643237,382.3390565886202
5161,LightGBM,2013-12-21 12:30:00,3742.5396,3706.1543101691477,36.38524061210228
5161,LightGBM,2013-12-21 12:40:00,3613.5344,3788.460488812642,174.92606498451687
5161,LightGBM,2013-12-21 12:50:00,3626.5444,3800.236784901172,173.6923513074221
5161,LightGBM,2013-12-21 13:00:00,3952.7932,4080.8379838811225,128.04477099049745
5161,LightGBM,2013-12-21 13:10:00,4221.1035,4079.390253760938,141.71326186406213
5161,LightGBM,2013-12-21 13:20:00,4256.292,4149.383251227104,106.90874096039624
5161,LightGBM,2013-12-21 13:30:00,4343.9814,4359.74110281402,15.75965750152045
5161,LightGBM,2013-12-21 13:40:00,4247.0474,4614.10091663303,367.05355335177956
5161,LightGBM,2013-12-21 13:50:00,4482.817,4585.200841827099,102.38394729584888
5161,LightGBM,2013-12-21 14:00:00,4332.155,4625.369514840648,293.21472968439775
5161,LightGBM,2013-12-21 14:10:00,4579.6787,4737.358221169476,157.67951023197566
5161,LightGBM,2013-12-21 14:20:00,4600.0444,4766.751905293765,166.70747170001505
5161,LightGBM,2013-12-21 14:30:00,4888.6743,4974.251176083057,85.57685967680663
5161,LightGBM,2013-12-21 14:40:00,4814.1216,5255.407813535982,441.2862315047323
5161,LightGBM,2013-12-21 14:50:00,5115.5303,5371.357453074971,255.8271796374711
5161,LightGBM,2013-12-21 15:00:00,4931.132,5322.074581872162,390.9427459346616
5161,LightGBM,2013-12-21 15:10:00,5197.4214,5091.5015179706725,105.91986874807753
5161,LightGBM,2013-12-21 15:20:00,5152.1006,5282.916550456392,130.81596451889163
5161,LightGBM,2013-12-21 15:30:00,5161.938,5149.2943660670535,12.643622214196512
5161,LightGBM,2013-12-21 15:40:00,5238.3193,5349.231093560435,110.9117576229346
5161,LightGBM,2013-12-21 15:50:00,5195.2695,5475.472296020759,280.20276477075913
5161,LightGBM,2013-12-21 16:00:00,5096.8105,5359.305371543973,262.4948246689728
5161,LightGBM,2013-12-21 16:10:00,4723.406,5056.2601169672225,332.85435524847253
5161,LightGBM,2013-12-21 16:20:00,4707.66,5065.8715039431045,358.21134769310447
5161,LightGBM,2013-12-21 16:30:00,4619.0444,4960.44352082085,341.3990872270997
5161,LightGBM,2013-12-21 16:40:00,4474.9863,4603.965560528436,128.97923240343607
5161,LightGBM,2013-12-21 16:50:00,4293.826,4369.287530364316,75.4613584893159
5161,LightGBM,2013-12-21 17:00:00,4229.715,4342.97314681845,113.25830306845
5161,LightGBM,2013-12-21 17:10:00,3847.8635,4164.26340179155,316.39987640092477
5161,LightGBM,2013-12-21 17:20:00,3759.3162,4030.0468306896305,270.7306685802555
5161,LightGBM,2013-12-21 17:30:00,3328.4038,3773.6584530737982,445.2546444800482
5161,LightGBM,2013-12-21 17:40:00,3298.8416,3309.761924654188,10.920371919813078
5161,LightGBM,2013-12-21 17:50:00,3376.934,3238.260559267064,138.67352276418615
5161,LightGBM,2013-12-21 18:00:00,3115.2852,3070.8487007752296,44.436455474770355
5161,LightGBM,2013-12-21 18:10:00,2839.4736,2833.075046713189,6.39858609931116
5161,LightGBM,2013-12-21 18:20:00,2628.2603,2753.639446437433,125.37919253118298
5161,LightGBM,2013-12-21 18:30:00,2649.7197,2408.418527465319,241.30119909718087
5161,LightGBM,2013-12-21 18:40:00,2409.6824,2301.367981220018,108.31439182685699
5161,LightGBM,2013-12-21 18:50:00,2318.0325,2195.755110661219,122.27736004190592
5161,LightGBM,2013-12-21 19:00:00,2096.1624,2109.6562364708284,13.49388295520339
5161,LightGBM,2013-12-21 19:10:00,1898.765,1974.8399298304314,76.0749151819939
5161,LightGBM,2013-12-21 19:20:00,1636.9043,1816.6876864943224,179.7833896193224
5161,LightGBM,2013-12-21 19:30:00,1420.6627,1453.969234099532,33.30651437296956
5161,LightGBM,2013-12-21 19:40:00,1195.5848,1493.8390389195342,298.25420005234673
5161,LightGBM,2013-12-21 19:50:00,1291.7339,1349.433133448466,57.699246729715924
5161,LightGBM,2013-12-21 20:00:00,1121.3544,1344.757540664744,223.40317054755656
5161,LightGBM,2013-12-21 20:10:00,1123.2998,1282.6865728686278,159.38676818112776
5161,LightGBM,2013-12-21 20:20:00,1009.4167,1283.5490806152209,274.1323936035021
5161,LightGBM,2013-12-21 20:30:00,1009.57367,1128.4681787205225,118.89450928692872
5161,LightGBM,2013-12-21 20:40:00,845.9599,1034.1247371625598,188.16483726021602
5161,LightGBM,2013-12-21 20:50:00,824.4452,921.7128023819557,97.26761195226823
5161,LightGBM,2013-12-21 21:00:00,1049.9863,864.7937114251695,185.19261669983052
5161,LightGBM,2013-12-21 21:10:00,899.4314,848.060588997641,51.37080748673395
5161,LightGBM,2013-12-21 21:20:00,778.83716,812.3827855351235,33.5456273319985
5161,LightGBM,2013-12-21 21:30:00,784.3658,665.6938893477654,118.67189434364082
5161,LightGBM,2013-12-21 21:40:00,847.26514,716.0765514790457,131.18858523970425
5161,LightGBM,2013-12-21 21:50:00,807.616,670.5490375152933,137.06699031673793
5161,LightGBM,2013-12-21 22:00:00,717.5035,685.3348560373765,32.16862296652971
5161,LightGBM,2013-12-21 22:10:00,554.8814,629.861001428082,74.97959273667573
5161,LightGBM,2013-12-21 22:20:00,431.04718,549.3385547408695,118.29137456508829
5161,LightGBM,2013-12-21 22:30:00,450.61215,471.6364699428879,21.02431784327854
5161,LightGBM,2013-12-21 22:40:00,378.2581,524.3125044106201,146.054417252417
5161,LightGBM,2013-12-21 22:50:00,413.0446,389.86700395064196,23.177582230998667
5161,LightGBM,2013-12-21 23:00:00,416.8296,413.43622956133447,3.3933602824155287
5161,LightGBM,2013-12-21 23:10:00,471.00955,395.20610403773037,75.80344796422276
5161,LightGBM,2013-12-21 23:20:00,364.3126,399.974135482636,35.6615439299016
5161,LightGBM,2013-12-21 23:30:00,317.07718,414.84845558914424,97.77127663406611
5161,LightGBM,2013-12-21 23:40:00,296.8996,326.07051827620325,29.170921108234495
5161,LightGBM,2013-12-21 23:50:00,202.74721,302.90000568242834,100.15279804082678
5161,LightGBM,2013-12-22 00:00:00,218.88101,250.8683427929446,31.987330830053963
5161,LightGBM,2013-12-22 00:10:00,220.17168,250.4694347488103,30.297758113068113
5161,LightGBM,2013-12-22 00:20:00,203.0266,169.6336360983114,33.39295997102454
5161,LightGBM,2013-12-22 00:30:00,209.5705,198.7355283053514,10.834967300117341
5161,LightGBM,2013-12-22 00:40:00,187.73396,205.3598242628375,17.62586125014218
5161,LightGBM,2013-12-22 00:50:00,179.95674,185.98538409381538,6.028642760807571
5161,LightGBM,2013-12-22 01:00:00,176.40178,173.46954781491115,2.9322313598935352
5161,LightGBM,2013-12-22 01:10:00,158.61143,160.11260160033726,1.5011666638138195
5161,LightGBM,2013-12-22 01:20:00,179.7534,160.99654999891263,18.75685271104831
5161,LightGBM,2013-12-22 01:30:00,155.42879,159.80531326673994,4.376526035294631
5161,LightGBM,2013-12-22 01:40:00,161.61684,150.65892897898857,10.957907568862993
5161,LightGBM,2013-12-22 01:50:00,163.42894,156.86528170679682,6.563658112539116
5161,LightGBM,2013-12-22 02:00:00,154.28816,151.9295852671687,2.358576964276608
5161,LightGBM,2013-12-22 02:10:00,142.01357,151.27177758880853,9.25821252533197
5161,LightGBM,2013-12-22 02:20:00,155.68127,146.5633621371501,9.117912276912392
5161,LightGBM,2013-12-22 02:30:00,147.15718,149.83751457766687,2.6803337915340535
5161,LightGBM,2013-12-22 02:40:00,156.03911,139.76629652640722,16.27281174995997
5161,LightGBM,2013-12-22 02:50:00,151.39172,149.4613508706786,1.9303727621339135
5161,LightGBM,2013-12-22 03:00:00,144.24457,152.7383045301033,8.493736659009556
5161,LightGBM,2013-12-22 03:10:00,145.34608,151.2782493386295,5.932164743902945
5161,LightGBM,2013-12-22 03:20:00,149.29715,150.25190428084693,0.9547546226438044
5161,LightGBM,2013-12-22 03:30:00,156.20477,149.93338362763777,6.271389321580983
5161,LightGBM,2013-12-22 03:40:00,148.22444,156.75978211981342,8.53534059149311
5161,LightGBM,2013-12-22 03:50:00,137.28139,153.89484221772946,16.6134548886279
5161,LightGBM,2013-12-22 04:00:00,175.68718,155.53569217642448,20.15148738900521
5161,LightGBM,2013-12-22 04:10:00,188.8816,155.05062633852455,33.83098071713951
5161,LightGBM,2013-12-22 04:20:00,153.52303,151.10623564958306,2.416789863112257
5161,LightGBM,2013-12-22 04:30:00,166.23944,168.78220424332378,2.5427633253550255
5161,LightGBM,2013-12-22 04:40:00,139.73802,172.30493728412932,32.566915433543386
5161,LightGBM,2013-12-22 04:50:00,167.06377,155.47745662570728,11.586309853784911
5161,LightGBM,2013-12-22 05:00:00,157.21971,161.01482740400553,3.7951161002945923
5161,LightGBM,2013-12-22 05:10:00,191.82173,156.1435470600354,35.678184507347424
5161,LightGBM,2013-12-22 05:20:00,174.44112,169.0814830887339,5.359633244273908
5161,LightGBM,2013-12-22 05:30:00,181.11992,162.65562622630142,18.464292596940766
5161,LightGBM,2013-12-22 05:40:00,198.58919,171.03813334270447,27.551054279365843
5161,LightGBM,2013-12-22 05:50:00,175.94362,179.81286489067975,3.8692461162656855
5161,LightGBM,2013-12-22 06:00:00,185.95343,189.40585640853556,3.4524262327543056
5161,LightGBM,2013-12-22 06:10:00,169.4521,196.95659954539494,27.504496884262124
5161,LightGBM,2013-12-22 06:20:00,143.36398,188.41748921255135,45.05350605825447
5161,LightGBM,2013-12-22 06:30:00,193.89926,195.5985032925197,1.6992418179103197
5161,LightGBM,2013-12-22 06:40:00,184.47607,190.49420480617817,6.018130587428175
5161,LightGBM,2013-12-22 06:50:00,240.31914,190.84199625953377,49.477141313708415
5161,LightGBM,2013-12-22 07:00:00,326.52258,232.28320769591502,94.23937531189748
5161,LightGBM,2013-12-22 07:10:00,215.69339,344.33506535069046,128.64167545811233
5161,LightGBM,2013-12-22 07:20:00,260.60254,305.9422213573871,45.3396822948871
5161,LightGBM,2013-12-22 07:30:00,264.78928,326.35946176038726,61.57018563734039
5161,LightGBM,2013-12-22 07:40:00,250.56297,301.5619646169095,50.99899159444857
5161,LightGBM,2013-12-22 07:50:00,314.787,318.7919146826084,4.004927377920922
5161,LightGBM,2013-12-22 08:00:00,313.99716,369.6495773086849,55.652415443450536
5161,LightGBM,2013-12-22 08:10:00,307.73666,363.5689648940696,55.832301075710234
5161,LightGBM,2013-12-22 08:20:00,368.32416,361.4644122549575,6.8597454598862555
5161,LightGBM,2013-12-22 08:30:00,479.69916,457.4328513382385,22.266306376605257
5161,LightGBM,2013-12-22 08:40:00,485.31552,557.0025553650619,71.6870341248275
5161,LightGBM,2013-12-22 08:50:00,637.48254,614.6445799918631,22.83796395344939
5161,LightGBM,2013-12-22 09:00:00,769.5695,756.7324522751575,12.83706676781128
5161,LightGBM,2013-12-22 09:10:00,1042.939,850.148656994103,192.79030784964698
5161,LightGBM,2013-12-22 09:20:00,1120.0114,1115.3111855087893,4.700167030273178
5161,LightGBM,2013-12-22 09:30:00,1506.1578,1335.877772145588,170.2800647684744
5161,LightGBM,2013-12-22 09:40:00,1612.749,1642.850256333729,30.10123289622902
5161,LightGBM,2013-12-22 09:50:00,1948.4683,1862.3512195540097,86.11704216474027
5161,LightGBM,2013-12-22 10:00:00,1964.9064,1939.0516508818864,25.854721188426083
5161,LightGBM,2013-12-22 10:10:00,2264.9587,2245.86301299971,19.09572723466499
5161,LightGBM,2013-12-22 10:20:00,2556.0422,2523.217723638323,32.82451268980185
5161,LightGBM,2013-12-22 10:30:00,2781.1304,2631.963153767134,149.16721732661608
5161,LightGBM,2013-12-22 10:40:00,2721.041,3041.6991517358683,320.6581361108683
5161,LightGBM,2013-12-22 10:50:00,2945.836,3045.431968877415,99.59603137741487
5161,LightGBM,2013-12-22 11:00:00,3088.5342,2949.9408400819198,138.59333960558024
5161,LightGBM,2013-12-22 11:10:00,3307.9297,3232.020972632545,75.90871486745482
5161,LightGBM,2013-12-22 11:20:00,3401.1375,3343.230320695317,57.907130476557995
5161,LightGBM,2013-12-22 11:30:00,3480.9958,3252.6485875448934,228.34726206448158
5161,LightGBM,2013-12-22 11:40:00,3382.0596,3569.5344918449073,187.47492153240728
5161,LightGBM,2013-12-22 11:50:00,3540.3796,3485.7517579237838,54.62788074809123
5161,LightGBM,2013-12-22 12:00:00,3520.159,3516.578012788455,3.5809227584200016
5161,LightGBM,2013-12-22 12:10:00,3635.4126,3652.6931097650067,17.28051210875674
5161,LightGBM,2013-12-22 12:20:00,3604.9355,3688.297505596686,83.36195872168582
5161,LightGBM,2013-12-22 12:30:00,3322.62,3613.880290320383,291.2601731328832
5161,LightGBM,2013-12-22 12:40:00,3709.6125,3566.950543685182,142.66200514294314
5161,LightGBM,2013-12-22 12:50:00,3698.953,3669.3312342448976,29.621646614477413
5161,LightGBM,2013-12-22 13:00:00,3807.0195,3799.4749219642795,7.544609285720526
5161,LightGBM,2013-12-22 13:10:00,3881.282,3887.7496331188136,6.467650696938563
5161,LightGBM,2013-12-22 13:20:00,4090.7812,4036.9447411988126,53.83650880118739
5161,LightGBM,2013-12-22 13:30:00,4110.3506,4035.2885576605368,75.06202827696325
5161,LightGBM,2013-12-22 13:40:00,4074.6938,4175.695390355032,101.00154269878203
5161,LightGBM,2013-12-22 13:50:00,3939.6633,4549.930537128565,610.2672070504404
5161,LightGBM,2013-12-22 14:00:00,4441.4775,4668.537497983451,227.05995892095143
5161,LightGBM,2013-12-22 14:10:00,4475.815,4645.381867919152,169.56692651290177
5161,LightGBM,2013-12-22 14:20:00,4638.5596,4752.914937617038,114.35536730453805
5161,LightGBM,2013-12-22 14:30:00,4911.654,4785.023140488776,126.63066810497367
5161,LightGBM,2013-12-22 14:40:00,4693.617,5012.764769714956,319.14758221495595
5161,LightGBM,2013-12-22 14:50:00,4772.321,4983.901206719151,211.58040593790065
5161,LightGBM,2013-12-22 15:00:00,4917.944,5007.513756434954,89.5699087787043
5161,LightGBM,2013-12-22 15:10:00,5202.037,5083.47546725074,118.56164212426029
5161,LightGBM,2013-12-22 15:20:00,5496.4404,4978.317924714305,518.1225049731947
5161,LightGBM,2013-12-22 15:30:00,5148.8115,5125.194541826901,23.616981610599396
5161,LightGBM,2013-12-22 15:40:00,5170.4727,5092.383971948057,78.08868430194343
5161,LightGBM,2013-12-22 15:50:00,5197.569,4978.462891972476,219.10595568377357
5161,LightGBM,2013-12-22 16:00:00,5111.876,4968.783214047692,143.09276251480787
5161,LightGBM,2013-12-22 16:10:00,5203.0317,4950.148981818149,252.88275646310103
5161,LightGBM,2013-12-22 16:20:00,4704.4346,5058.130059742996,353.6954894304963
5161,LightGBM,2013-12-22 16:30:00,4574.6064,4982.838010048923,408.231564736423
5161,LightGBM,2013-12-22 16:40:00,4689.8677,4900.318529844061,210.45085406281123
5161,LightGBM,2013-12-22 16:50:00,4508.6577,4552.054356145121,43.396641301371346
5161,LightGBM,2013-12-22 17:00:00,4076.4365,4120.116847104103,43.68032366660282
5161,LightGBM,2013-12-22 17:10:00,3945.8662,4022.648511631703,76.78230069420306
5161,LightGBM,2013-12-22 17:20:00,3792.1099,3897.029011149255,104.91914786800498
5161,LightGBM,2013-12-22 17:30:00,3426.2136,3659.7881430841667,233.57452003729168
5161,LightGBM,2013-12-22 17:40:00,3258.95,3676.275452995649,417.3255018237742
5161,LightGBM,2013-12-22 17:50:00,3132.6306,3212.082489883204,79.45187464882883
5161,LightGBM,2013-12-22 18:00:00,2755.7332,2901.685442477558,145.9522881806829
5161,LightGBM,2013-12-22 18:10:00,2439.4658,2732.8965287515675,293.43070843906753
5161,LightGBM,2013-12-22 18:20:00,2133.372,2403.4302951384643,270.0582248259643
5161,LightGBM,2013-12-22 18:30:00,1886.3403,2073.974797280412,187.63446524916208
5161,LightGBM,2013-12-22 18:40:00,1736.2622,1843.6419938273677,107.37978679611774
5161,LightGBM,2013-12-22 18:50:00,1414.5424,1640.4756426572226,225.93328425878508
5161,LightGBM,2013-12-22 19:00:00,1426.4116,1468.8017615189542,42.39014042520421
5161,LightGBM,2013-12-22 19:10:00,1313.5432,1256.8512718046024,56.69194108602255
5161,LightGBM,2013-12-22 19:20:00,1210.7015,1227.3248205982954,16.623282512357946
5161,LightGBM,2013-12-22 19:30:00,1004.9643,1135.4301148903508,130.465820456757
5161,LightGBM,2013-12-22 19:40:00,878.2758,1054.9390140873309,176.6631962162371
5161,LightGBM,2013-12-22 19:50:00,916.84094,1047.0323393574722,130.1913969746597
5161,LightGBM,2013-12-22 20:00:00,756.34454,998.1016290847791,241.75708562774787
5161,LightGBM,2013-12-22 20:10:00,573.801,856.1923146924267,282.39128930180175
5161,LightGBM,2013-12-22 20:20:00,561.53125,684.2485706046376,122.71732060463762
5161,LightGBM,2013-12-22 20:30:00,604.3314,659.7893240989692,55.457903200531746
5161,LightGBM,2013-12-22 20:40:00,415.2736,689.6970744071899,274.4234843192993
5161,LightGBM,2013-12-22 20:50:00,512.7652,505.64599942926884,7.119198324637409
5161,LightGBM,2013-12-22 21:00:00,696.9035,539.635416676977,157.26808674099175
5161,LightGBM,2013-12-22 21:10:00,547.44727,559.8440246521736,12.39675902717363
5161,LightGBM,2013-12-22 21:20:00,431.02182,571.3169421115891,140.29512204322975
5161,LightGBM,2013-12-22 21:30:00,381.10562,473.11548580277474,92.00986446488412
5161,LightGBM,2013-12-22 21:40:00,402.65027,387.96895542588817,14.681313128799331
5161,LightGBM,2013-12-22 21:50:00,363.70206,435.5792231333017,71.87716624853607
5161,LightGBM,2013-12-22 22:00:00,364.70593,443.39275865149506,78.68682603430756
5161,LightGBM,2013-12-22 22:10:00,293.6267,444.3996594051856,150.77295042081062
5161,LightGBM,2013-12-22 22:20:00,271.79803,323.40498349887093,51.60694883090218
5161,LightGBM,2013-12-22 22:30:00,254.00238,389.7544775400907,135.75209716899695
5161,LightGBM,2013-12-22 22:40:00,280.6933,387.9509378558685,107.25763951602477
5161,LightGBM,2013-12-22 22:50:00,230.58522,334.0102537932168,103.42503345630274
5161,LightGBM,2013-12-22 23:00:00,387.96762,339.1332368326491,48.83438401696026
5161,LightGBM,2013-12-22 23:10:00,304.68597,435.185033485435,130.49905936434124
5161,LightGBM,2013-12-22 23:20:00,224.13417,372.7845295332673,148.65035900104073
5161,LightGBM,2013-12-22 23:30:00,207.78978,385.8660849252214,178.07630526213546
5161,LightGBM,2013-12-22 23:40:00,174.19856,240.0923270495679,65.89376442749759
5161,LightGBM,2013-12-22 23:50:00,156.3859,225.26572233648722,68.87982756109659
5161,LSTM,2013-12-16 00:00:00,235.49236,289.6326904296875,54.14033508300781
5161,LSTM,2013-12-16 00:10:00,268.69864,273.51898193359375,4.820343017578125
5161,LSTM,2013-12-16 00:20:00,252.07265,265.5087585449219,13.436111450195312
5161,LSTM,2013-12-16 00:30:00,218.37958,260.6919250488281,42.312347412109375
5161,LSTM,2013-12-16 00:40:00,231.68239,253.0858612060547,21.403472900390625
5161,LSTM,2013-12-16 00:50:00,209.62328,247.90130615234375,38.27803039550781
5161,LSTM,2013-12-16 01:00:00,209.11711,241.49832153320312,32.38121032714844
5161,LSTM,2013-12-16 01:10:00,235.20218,235.79486083984375,0.592681884765625
5161,LSTM,2013-12-16 01:20:00,214.24268,236.19265747070312,21.949981689453125
5161,LSTM,2013-12-16 01:30:00,207.96501,236.640380859375,28.675369262695312
5161,LSTM,2013-12-16 01:40:00,218.90169,236.39096069335938,17.489273071289062
5161,LSTM,2013-12-16 01:50:00,192.52118,238.0648651123047,45.54368591308594
5161,LSTM,2013-12-16 02:00:00,199.50375,236.4257354736328,36.92198181152344
5161,LSTM,2013-12-16 02:10:00,205.08748,234.83563232421875,29.748153686523438
5161,LSTM,2013-12-16 02:20:00,198.84103,234.83905029296875,35.998016357421875
5161,LSTM,2013-12-16 02:30:00,199.28387,235.008056640625,35.72418212890625
5161,LSTM,2013-12-16 02:40:00,209.12245,235.67095947265625,26.548507690429688
5161,LSTM,2013-12-16 02:50:00,184.26079,238.52967834472656,54.268890380859375
5161,LSTM,2013-12-16 03:00:00,201.11852,238.2567138671875,37.13819885253906
5161,LSTM,2013-12-16 03:10:00,209.11015,239.54747009277344,30.43731689453125
5161,LSTM,2013-12-16 03:20:00,183.43298,243.21511840820312,59.782135009765625
5161,LSTM,2013-12-16 03:30:00,199.95718,243.59849548339844,43.64131164550781
5161,LSTM,2013-12-16 03:40:00,200.8317,245.298828125,44.467132568359375
5161,LSTM,2013-12-16 03:50:00,179.1481,247.96934509277344,68.82124328613281
5161,LSTM,2013-12-16 04:00:00,210.14604,247.42010498046875,37.27406311035156
5161,LSTM,2013-12-16 04:10:00,205.14394,250.83419799804688,45.69026184082031
5161,LSTM,2013-12-16 04:20:00,189.92653,255.4258270263672,65.49929809570312
5161,LSTM,2013-12-16 04:30:00,202.23596,257.735595703125,55.4996337890625
5161,LSTM,2013-12-16 04:40:00,209.58281,260.9075012207031,51.32469177246094
5161,LSTM,2013-12-16 04:50:00,187.69508,265.72100830078125,78.02592468261719
5161,LSTM,2013-12-16 05:00:00,199.13739,267.359619140625,68.22222900390625
5161,LSTM,2013-12-16 05:10:00,207.1426,269.32952880859375,62.18693542480469
5161,LSTM,2013-12-16 05:20:00,193.52405,272.9487609863281,79.42471313476562
5161,LSTM,2013-12-16 05:30:00,233.35509,274.9990539550781,41.64396667480469
5161,LSTM,2013-12-16 05:40:00,318.2609,283.07733154296875,35.183563232421875
5161,LSTM,2013-12-16 05:50:00,289.03192,308.31134033203125,19.2794189453125
5161,LSTM,2013-12-16 06:00:00,270.34906,334.7973937988281,64.44833374023438
5161,LSTM,2013-12-16 06:10:00,247.3762,355.2442932128906,107.86808776855469
5161,LSTM,2013-12-16 06:20:00,269.4001,365.78253173828125,96.3824462890625
5161,LSTM,2013-12-16 06:30:00,277.7562,373.53277587890625,95.77658081054688
5161,LSTM,2013-12-16 06:40:00,299.50864,380.51409912109375,81.00546264648438
5161,LSTM,2013-12-16 06:50:00,318.23898,390.19866943359375,71.95968627929688
5161,LSTM,2013-12-16 07:00:00,395.32355,403.5322265625,8.20867919921875
5161,LSTM,2013-12-16 07:10:00,432.19437,430.57806396484375,1.616302490234375
5161,LSTM,2013-12-16 07:20:00,419.6882,468.0211486816406,48.33294677734375
5161,LSTM,2013-12-16 07:30:00,572.12714,503.8534851074219,68.27365112304688
5161,LSTM,2013-12-16 07:40:00,695.29205,560.4569091796875,134.83514404296875
5161,LSTM,2013-12-16 07:50:00,704.80206,642.5159301757812,62.2861328125
5161,LSTM,2013-12-16 08:00:00,789.2132,728.842529296875,60.37066650390625
5161,LSTM,2013-12-16 08:10:00,869.79865,820.1295166015625,49.66912841796875
5161,LSTM,2013-12-16 08:20:00,834.4706,915.390380859375,80.9197998046875
5161,LSTM,2013-12-16 08:30:00,946.5521,992.3449096679688,45.79278564453125
5161,LSTM,2013-12-16 08:40:00,943.60834,1067.850341796875,124.24200439453125
5161,LSTM,2013-12-16 08:50:00,961.70447,1130.2125244140625,168.508056640625
5161,LSTM,2013-12-16 09:00:00,1011.94965,1178.456298828125,166.50665283203125
5161,LSTM,2013-12-16 09:10:00,947.59705,1219.7293701171875,272.13232421875
5161,LSTM,2013-12-16 09:20:00,1048.656,1237.5196533203125,188.8636474609375
5161,LSTM,2013-12-16 09:30:00,1179.4794,1256.7930908203125,77.313720703125
5161,LSTM,2013-12-16 09:40:00,1383.9191,1296.10546875,87.8135986328125
5161,LSTM,2013-12-16 09:50:00,1328.7418,1376.021240234375,47.2794189453125
5161,LSTM,2013-12-16 10:00:00,1379.0597,1452.388916015625,73.3292236328125
5161,LSTM,2013-12-16 10:10:00,1550.8689,1521.4647216796875,29.4041748046875
5161,LSTM,2013-12-16 10:20:00,1559.0098,1604.8779296875,45.8681640625
5161,LSTM,2013-12-16 10:30:00,1864.4413,1680.5318603515625,183.909423828125
5161,LSTM,2013-12-16 10:40:00,1848.016,1794.7017822265625,53.314208984375
5161,LSTM,2013-12-16 10:50:00,1709.3956,1903.068359375,193.6727294921875
5161,LSTM,2013-12-16 11:00:00,1961.1587,1959.9403076171875,1.2183837890625
5161,LSTM,2013-12-16 11:10:00,2086.6458,2025.61083984375,61.034912109375
5161,LSTM,2013-12-16 11:20:00,1910.0787,2104.6865234375,194.6077880859375
5161,LSTM,2013-12-16 11:30:00,2116.0876,2139.076171875,22.988525390625
5161,LSTM,2013-12-16 11:40:00,2292.748,2182.019287109375,110.728759765625
5161,LSTM,2013-12-16 11:50:00,2109.0095,2252.530517578125,143.52099609375
5161,LSTM,2013-12-16 12:00:00,2360.4446,2285.384033203125,75.060546875
5161,LSTM,2013-12-16 12:10:00,2505.1448,2340.871337890625,164.2734375
5161,LSTM,2013-12-16 12:20:00,2585.238,2423.244873046875,161.9931640625
5161,LSTM,2013-12-16 12:30:00,2969.4912,2518.3251953125,451.166015625
5161,LSTM,2013-12-16 12:40:00,3057.33,2678.4130859375,378.9169921875
5161,LSTM,2013-12-16 12:50:00,2938.056,2858.351806640625,79.7041015625
5161,LSTM,2013-12-16 13:00:00,2866.0698,2990.491455078125,124.421630859375
5161,LSTM,2013-12-16 13:10:00,2798.73,3058.595458984375,259.865478515625
5161,LSTM,2013-12-16 13:20:00,2803.0942,3065.896240234375,262.802001953125
5161,LSTM,2013-12-16 13:30:00,2646.84,3039.406005859375,392.56591796875
5161,LSTM,2013-12-16 13:40:00,2462.6577,2965.2490234375,502.59130859375
5161,LSTM,2013-12-16 13:50:00,2350.5298,2840.6142578125,490.08447265625
5161,LSTM,2013-12-16 14:00:00,2328.2554,2688.3056640625,360.05029296875
5161,LSTM,2013-12-16 14:10:00,2480.486,2542.783447265625,62.29736328125
5161,LSTM,2013-12-16 14:20:00,2310.5579,2455.006103515625,144.4482421875
5161,LSTM,2013-12-16 14:30:00,2615.6433,2376.137451171875,239.505859375
5161,LSTM,2013-12-16 14:40:00,2538.4104,2377.117431640625,161.29296875
5161,LSTM,2013-12-16 14:50:00,2448.4739,2401.89208984375,46.581787109375
5161,LSTM,2013-12-16 15:00:00,2772.0137,2418.113525390625,353.900146484375
5161,LSTM,2013-12-16 15:10:00,2690.5195,2493.397705078125,197.121826171875
5161,LSTM,2013-12-16 15:20:00,2592.648,2568.7705078125,23.87744140625
5161,LSTM,2013-12-16 15:30:00,2785.3909,2613.036376953125,172.3544921875
5161,LSTM,2013-12-16 15:40:00,2619.2585,2673.88525390625,54.626708984375
5161,LSTM,2013-12-16 15:50:00,2633.5862,2698.109375,64.523193359375
5161,LSTM,2013-12-16 16:00:00,2544.4758,2703.553955078125,159.078125
5161,LSTM,2013-12-16 16:10:00,2674.0369,2680.031982421875,5.9951171875
5161,LSTM,2013-12-16 16:20:00,2557.1147,2672.214111328125,115.099365234375
5161,LSTM,2013-12-16 16:30:00,2391.7551,2648.744873046875,256.98974609375
5161,LSTM,2013-12-16 16:40:00,2553.3015,2588.4453125,35.143798828125
5161,LSTM,2013-12-16 16:50:00,2696.6912,2552.9345703125,143.756591796875
5161,LSTM,2013-12-16 17:00:00,2386.3591,2563.57763671875,177.218505859375
5161,LSTM,2013-12-16 17:10:00,2363.5815,2532.67626953125,169.0947265625
5161,LSTM,2013-12-16 17:20:00,2429.09,2483.51171875,54.421630859375
5161,LSTM,2013-12-16 17:30:00,2416.3308,2446.730712890625,30.39990234375
5161,LSTM,2013-12-16 17:40:00,2332.4739,2419.869873046875,87.39599609375
5161,LSTM,2013-12-16 17:50:00,2197.7908,2386.478515625,188.687744140625
5161,LSTM,2013-12-16 18:00:00,2127.2327,2329.7431640625,202.510498046875
5161,LSTM,2013-12-16 18:10:00,2131.437,2258.261962890625,126.824951171875
5161,LSTM,2013-12-16 18:20:00,1931.2819,2193.338623046875,262.0567626953125
5161,LSTM,2013-12-16 18:30:00,1857.6206,2104.399658203125,246.779052734375
5161,LSTM,2013-12-16 18:40:00,1720.8193,2006.173583984375,285.354248046875
5161,LSTM,2013-12-16 18:50:00,1719.8895,1894.929931640625,175.0404052734375
5161,LSTM,2013-12-16 19:00:00,1494.5803,1797.619384765625,303.0390625
5161,LSTM,2013-12-16 19:10:00,1387.2498,1682.3056640625,295.055908203125
5161,LSTM,2013-12-16 19:20:00,1310.2694,1559.7042236328125,249.434814453125
5161,LSTM,2013-12-16 19:30:00,1161.1025,1441.65771484375,280.55517578125
5161,LSTM,2013-12-16 19:40:00,1097.789,1320.1304931640625,222.341552734375
5161,LSTM,2013-12-16 19:50:00,1052.019,1207.849609375,155.83056640625
5161,LSTM,2013-12-16 20:00:00,966.3625,1112.517578125,146.15509033203125
5161,LSTM,2013-12-16 20:10:00,789.50476,1027.991455078125,238.4866943359375
5161,LSTM,2013-12-16 20:20:00,889.26215,933.263916015625,44.00177001953125
5161,LSTM,2013-12-16 20:30:00,790.8689,868.7723388671875,77.9034423828125
5161,LSTM,2013-12-16 20:40:00,795.4714,814.143310546875,18.67193603515625
5161,LSTM,2013-12-16 20:50:00,769.1046,776.0859375,6.9813232421875
5161,LSTM,2013-12-16 21:00:00,695.05756,749.4795532226562,54.4219970703125
5161,LSTM,2013-12-16 21:10:00,614.00037,721.515625,107.5152587890625
5161,LSTM,2013-12-16 21:20:00,642.0887,684.6492309570312,42.560546875
5161,LSTM,2013-12-16 21:30:00,682.7367,655.4207153320312,27.31597900390625
5161,LSTM,2013-12-16 21:40:00,582.5713,642.9896240234375,60.4183349609375
5161,LSTM,2013-12-16 21:50:00,860.38293,624.756591796875,235.6263427734375
5161,LSTM,2013-12-16 22:00:00,633.47144,656.0438842773438,22.57244873046875
5161,LSTM,2013-12-16 22:10:00,543.3787,668.8118286132812,125.43310546875
5161,LSTM,2013-12-16 22:20:00,597.4092,655.3722534179688,57.96307373046875
5161,LSTM,2013-12-16 22:30:00,610.5447,640.715087890625,30.17041015625
5161,LSTM,2013-12-16 22:40:00,333.73605,630.67138671875,296.9353332519531
5161,LSTM,2013-12-16 22:50:00,394.0917,577.0995483398438,183.00784301757812
5161,LSTM,2013-12-16 23:00:00,417.16583,520.8297119140625,103.66387939453125
5161,LSTM,2013-12-16 23:10:00,311.1909,476.30096435546875,165.11007690429688
5161,LSTM,2013-12-16 23:20:00,445.8625,427.0465393066406,18.815948486328125
5161,LSTM,2013-12-16 23:30:00,342.1666,406.5261535644531,64.35955810546875
5161,LSTM,2013-12-16 23:40:00,318.08643,386.5993347167969,68.51290893554688
5161,LSTM,2013-12-16 23:50:00,304.5793,366.4111633300781,61.83184814453125
5161,LSTM,2013-12-17 00:00:00,302.76498,347.2808837890625,44.515899658203125
5161,LSTM,2013-12-17 00:10:00,232.73167,331.8125305175781,99.08085632324219
5161,LSTM,2013-12-17 00:20:00,268.7748,309.1878662109375,40.413055419921875
5161,LSTM,2013-12-17 00:30:00,226.4829,292.91412353515625,66.43122863769531
5161,LSTM,2013-12-17 00:40:00,187.17807,275.71234130859375,88.53427124023438
5161,LSTM,2013-12-17 00:50:00,223.17186,254.4232940673828,31.251434326171875
5161,LSTM,2013-12-17 01:00:00,234.36075,240.73245239257812,6.3717041015625
5161,LSTM,2013-12-17 01:10:00,216.70508,235.44375610351562,18.738677978515625
5161,LSTM,2013-12-17 01:20:00,229.82294,232.83090209960938,3.007965087890625
5161,LSTM,2013-12-17 01:30:00,209.51703,234.66793823242188,25.150909423828125
5161,LSTM,2013-12-17 01:40:00,183.1384,235.55979919433594,52.42140197753906
5161,LSTM,2013-12-17 01:50:00,202.82635,231.75222778320312,28.925872802734375
5161,LSTM,2013-12-17 02:00:00,204.51138,229.7789764404297,25.267593383789062
5161,LSTM,2013-12-17 02:10:00,173.6049,229.80487060546875,56.19996643066406
5161,LSTM,2013-12-17 02:20:00,195.62657,226.05050659179688,30.423934936523438
5161,LSTM,2013-12-17 02:30:00,199.54,224.94866943359375,25.408676147460938
5161,LSTM,2013-12-17 02:40:00,188.96452,226.4840545654297,37.51953125
5161,LSTM,2013-12-17 02:50:00,206.67401,227.7852325439453,21.111221313476562
5161,LSTM,2013-12-17 03:00:00,213.5412,232.14527893066406,18.604080200195312
5161,LSTM,2013-12-17 03:10:00,164.3832,239.06312561035156,74.679931640625
5161,LSTM,2013-12-17 03:20:00,205.71875,238.31988525390625,32.60113525390625
5161,LSTM,2013-12-17 03:30:00,189.8338,240.93846130371094,51.10466003417969
5161,LSTM,2013-12-17 03:40:00,165.30069,242.67794799804688,77.37725830078125
5161,LSTM,2013-12-17 03:50:00,211.25015,239.85862731933594,28.608474731445312
5161,LSTM,2013-12-17 04:00:00,207.73288,243.1649169921875,35.432037353515625
5161,LSTM,2013-12-17 04:10:00,186.83727,249.11416625976562,62.27690124511719
5161,LSTM,2013-12-17 04:20:00,212.57007,252.4146270751953,39.84455871582031
5161,LSTM,2013-12-17 04:30:00,199.12,258.52313232421875,59.40313720703125
5161,LSTM,2013-12-17 04:40:00,189.68364,263.3600158691406,73.67637634277344
5161,LSTM,2013-12-17 04:50:00,206.41656,265.55059814453125,59.134033203125
5161,LSTM,2013-12-17 05:00:00,199.14429,269.2108154296875,70.0665283203125
5161,LSTM,2013-12-17 05:10:00,175.57236,272.2994079589844,96.72705078125
5161,LSTM,2013-12-17 05:20:00,211.8952,270.9610595703125,59.06585693359375
5161,LSTM,2013-12-17 05:30:00,229.97296,273.9594421386719,43.986480712890625
5161,LSTM,2013-12-17 05:40:00,222.11827,282.42254638671875,60.30427551269531
5161,LSTM,2013-12-17 05:50:00,266.95532,291.7164611816406,24.761138916015625
5161,LSTM,2013-12-17 06:00:00,266.6577,308.1781921386719,41.520477294921875
5161,LSTM,2013-12-17 06:10:00,264.9794,326.5901794433594,61.61077880859375
5161,LSTM,2013-12-17 06:20:00,299.75565,343.5166931152344,43.76104736328125
5161,LSTM,2013-12-17 06:30:00,341.219,363.5597229003906,22.340728759765625
5161,LSTM,2013-12-17 06:40:00,302.00635,390.0355529785156,88.02920532226562
5161,LSTM,2013-12-17 06:50:00,336.06754,409.8840026855469,73.81646728515625
5161,LSTM,2013-12-17 07:00:00,375.1931,429.3899230957031,54.196807861328125
5161,LSTM,2013-12-17 07:10:00,397.58102,453.0334167480469,55.452392578125
5161,LSTM,2013-12-17 07:20:00,489.18375,479.7853088378906,9.3984375
5161,LSTM,2013-12-17 07:30:00,534.2422,520.6334228515625,13.6087646484375
5161,LSTM,2013-12-17 07:40:00,660.0387,571.572998046875,88.4656982421875
5161,LSTM,2013-12-17 07:50:00,617.42114,643.1032104492188,25.68206787109375
5161,LSTM,2013-12-17 08:00:00,824.71655,708.3388671875,116.377685546875
5161,LSTM,2013-12-17 08:10:00,862.9117,797.5556640625,65.35601806640625
5161,LSTM,2013-12-17 08:20:00,903.38446,894.1301879882812,9.2542724609375
5161,LSTM,2013-12-17 08:30:00,993.2106,987.8535766601562,5.35699462890625
5161,LSTM,2013-12-17 08:40:00,1057.9623,1082.1953125,24.2330322265625
5161,LSTM,2013-12-17 08:50:00,1036.0688,1174.2109375,138.14208984375
5161,LSTM,2013-12-17 09:00:00,1217.5115,1246.2164306640625,28.7049560546875
5161,LSTM,2013-12-17 09:10:00,1188.2633,1328.792236328125,140.5289306640625
5161,LSTM,2013-12-17 09:20:00,1214.9235,1397.3604736328125,182.43701171875
5161,LSTM,2013-12-17 09:30:00,1532.3738,1450.610107421875,81.763671875
5161,LSTM,2013-12-17 09:40:00,1466.2655,1544.423583984375,78.1580810546875
5161,LSTM,2013-12-17 09:50:00,1664.7877,1629.552978515625,35.2347412109375
5161,LSTM,2013-12-17 10:00:00,1818.2194,1730.837646484375,87.3817138671875
5161,LSTM,2013-12-17 10:10:00,1694.5822,1849.458740234375,154.8765869140625
5161,LSTM,2013-12-17 10:20:00,1874.4421,1929.3741455078125,54.9320068359375
5161,LSTM,2013-12-17 10:30:00,2035.2653,2006.0091552734375,29.256103515625
5161,LSTM,2013-12-17 10:40:00,2138.9644,2094.1826171875,44.78173828125
5161,LSTM,2013-12-17 10:50:00,2250.6003,2188.889404296875,61.7109375
5161,LSTM,2013-12-17 11:00:00,2388.473,2288.16796875,100.304931640625
5161,LSTM,2013-12-17 11:10:00,2460.7341,2395.486328125,65.247802734375
5161,LSTM,2013-12-17 11:20:00,2415.1035,2498.342529296875,83.239013671875
5161,LSTM,2013-12-17 11:30:00,2763.068,2567.84765625,195.220458984375
5161,LSTM,2013-12-17 11:40:00,2744.7373,2674.572021484375,70.165283203125
5161,LSTM,2013-12-17 11:50:00,2774.4429,2772.924072265625,1.518798828125
5161,LSTM,2013-12-17 12:00:00,3062.4578,2852.787109375,209.670654296875
5161,LSTM,2013-12-17 12:10:00,3291.7275,2964.617431640625,327.110107421875
5161,LSTM,2013-12-17 12:20:00,3444.106,3115.757080078125,328.348876953125
5161,LSTM,2013-12-17 12:30:00,3373.3855,3288.157470703125,85.22802734375
5161,LSTM,2013-12-17 12:40:00,3342.427,3422.470458984375,80.04345703125
5161,LSTM,2013-12-17 12:50:00,3505.4324,3504.40966796875,1.022705078125
5161,LSTM,2013-12-17 13:00:00,3803.9375,3576.286865234375,227.650634765625
5161,LSTM,2013-12-17 13:10:00,3543.5134,3688.79931640625,145.285888671875
5161,LSTM,2013-12-17 13:20:00,3208.6392,3740.39697265625,531.7578125
5161,LSTM,2013-12-17 13:30:00,3234.5732,3679.054931640625,444.481689453125
5161,LSTM,2013-12-17 13:40:00,3110.6792,3575.9931640625,465.31396484375
5161,LSTM,2013-12-17 13:50:00,3139.6963,3439.728271484375,300.031982421875
5161,LSTM,2013-12-17 14:00:00,2945.2466,3314.75830078125,369.51171875
5161,LSTM,2013-12-17 14:10:00,2766.0857,3174.07568359375,407.989990234375
5161,LSTM,2013-12-17 14:20:00,3100.932,3013.210693359375,87.72119140625
5161,LSTM,2013-12-17 14:30:00,3517.678,2940.0146484375,577.663330078125
5161,LSTM,2013-12-17 14:40:00,3524.895,3007.6396484375,517.25537109375
5161,LSTM,2013-12-17 14:50:00,3358.1033,3135.298095703125,222.80517578125
5161,LSTM,2013-12-17 15:00:00,3876.9597,3238.245361328125,638.71435546875
5161,LSTM,2013-12-17 15:10:00,3759.038,3422.57666015625,336.46142578125
5161,LSTM,2013-12-17 15:20:00,3837.1492,3588.3173828125,248.831787109375
5161,LSTM,2013-12-17 15:30:00,3774.914,3733.9443359375,40.9697265625
5161,LSTM,2013-12-17 15:40:00,3495.1526,3829.2578125,334.105224609375
5161,LSTM,2013-12-17 15:50:00,3764.5986,3821.394287109375,56.795654296875
5161,LSTM,2013-12-17 16:00:00,3746.0464,3821.29931640625,75.2529296875
5161,LSTM,2013-12-17 16:10:00,3641.88,3816.126953125,174.2470703125
5161,LSTM,2013-12-17 16:20:00,3795.984,3784.830322265625,11.153564453125
5161,LSTM,2013-12-17 16:30:00,3566.9692,3777.685302734375,210.716064453125
5161,LSTM,2013-12-17 16:40:00,3228.2769,3731.2783203125,503.00146484375
5161,LSTM,2013-12-17 16:50:00,3273.0974,3601.446533203125,328.34912109375
5161,LSTM,2013-12-17 17:00:00,3197.3655,3463.872802734375,266.50732421875
5161,LSTM,2013-12-17 17:10:00,3225.8516,3329.162841796875,103.311279296875
5161,LSTM,2013-12-17 17:20:00,2850.039,3226.009033203125,375.969970703125
5161,LSTM,2013-12-17 17:30:00,3065.798,3078.702392578125,12.904296875
5161,LSTM,2013-12-17 17:40:00,2853.2896,2983.91015625,130.62060546875
5161,LSTM,2013-12-17 17:50:00,2902.8008,2888.010009765625,14.790771484375
5161,LSTM,2013-12-17 18:00:00,2814.6863,2822.243408203125,7.55712890625
5161,LSTM,2013-12-17 18:10:00,2951.324,2767.0087890625,184.315185546875
5161,LSTM,2013-12-17 18:20:00,2730.4817,2757.7724609375,27.290771484375
5161,LSTM,2013-12-17 18:30:00,2447.7034,2730.0048828125,282.301513671875
5161,LSTM,2013-12-17 18:40:00,2416.3674,2644.34912109375,227.981689453125
5161,LSTM,2013-12-17 18:50:00,2257.1748,2542.167236328125,284.992431640625
5161,LSTM,2013-12-17 19:00:00,2049.7354,2419.7705078125,370.03515625
5161,LSTM,2013-12-17 19:10:00,1769.0593,2270.462890625,501.403564453125
5161,LSTM,2013-12-17 19:20:00,1671.0309,2081.95947265625,410.9285888671875
5161,LSTM,2013-12-17 19:30:00,1472.355,1891.2750244140625,418.9200439453125
5161,LSTM,2013-12-17 19:40:00,1444.2585,1697.2701416015625,253.0115966796875
5161,LSTM,2013-12-17 19:50:00,1219.8506,1532.9718017578125,313.1212158203125
5161,LSTM,2013-12-17 20:00:00,1171.9624,1372.548828125,200.58642578125
5161,LSTM,2013-12-17 20:10:00,1066.5072,1236.0704345703125,169.563232421875
5161,LSTM,2013-12-17 20:20:00,1065.6753,1118.2559814453125,52.5806884765625
5161,LSTM,2013-12-17 20:30:00,1107.4401,1032.440185546875,74.9998779296875
5161,LSTM,2013-12-17 20:40:00,1170.1951,987.1616821289062,183.03338623046875
5161,LSTM,2013-12-17 20:50:00,881.85944,983.6748046875,101.81536865234375
5161,LSTM,2013-12-17 21:00:00,747.4791,952.710205078125,205.2310791015625
5161,LSTM,2013-12-17 21:10:00,636.772,891.88037109375,255.1083984375
5161,LSTM,2013-12-17 21:20:00,549.43256,808.615478515625,259.18292236328125
5161,LSTM,2013-12-17 21:30:00,636.7148,714.4347534179688,77.719970703125
5161,LSTM,2013-12-17 21:40:00,583.74817,647.027099609375,63.2789306640625
5161,LSTM,2013-12-17 21:50:00,538.8654,596.1735229492188,57.30810546875
5161,LSTM,2013-12-17 22:00:00,543.96155,555.5027465820312,11.54119873046875
5161,LSTM,2013-12-17 22:10:00,439.51578,528.5517578125,89.03598022460938
5161,LSTM,2013-12-17 22:20:00,424.59024,495.9651794433594,71.37493896484375
5161,LSTM,2013-12-17 22:30:00,452.19907,464.2276916503906,12.02862548828125
5161,LSTM,2013-12-17 22:40:00,361.02264,443.64605712890625,82.6234130859375
5161,LSTM,2013-12-17 22:50:00,371.86603,417.35577392578125,45.48974609375
5161,LSTM,2013-12-17 23:00:00,434.7364,395.0403747558594,39.696014404296875
5161,LSTM,2013-12-17 23:10:00,406.53528,389.78662109375,16.7486572265625
5161,LSTM,2013-12-17 23:20:00,314.7144,390.1242370605469,75.40985107421875
5161,LSTM,2013-12-17 23:30:00,311.52432,378.3366394042969,66.81231689453125
5161,LSTM,2013-12-17 23:40:00,268.64502,362.2000732421875,93.5550537109375
5161,LSTM,2013-12-17 23:50:00,269.08862,339.5772705078125,70.4886474609375
5161,LSTM,2013-12-18 00:00:00,303.09613,317.74456787109375,14.6484375
5161,LSTM,2013-12-18 00:10:00,274.72974,305.9918518066406,31.262115478515625
5161,LSTM,2013-12-18 00:20:00,234.28204,296.9648742675781,62.682830810546875
5161,LSTM,2013-12-18 00:30:00,258.46707,284.30535888671875,25.838287353515625
5161,LSTM,2013-12-18 00:40:00,235.9508,276.18841552734375,40.23760986328125
5161,LSTM,2013-12-18 00:50:00,214.01556,268.2812805175781,54.265716552734375
5161,LSTM,2013-12-18 01:00:00,244.06615,258.38043212890625,14.314285278320312
5161,LSTM,2013-12-18 01:10:00,221.39584,254.4393768310547,33.04353332519531
5161,LSTM,2013-12-18 01:20:00,390.53134,250.80184936523438,139.7294921875
5161,LSTM,2013-12-18 01:30:00,385.1137,277.16796875,107.94573974609375
5161,LSTM,2013-12-18 01:40:00,443.73373,315.1878356933594,128.5458984375
5161,LSTM,2013-12-18 01:50:00,424.52182,364.3714904785156,60.15032958984375
5161,LSTM,2013-12-18 02:00:00,514.8599,409.3319396972656,105.52798461914062
5161,LSTM,2013-12-18 02:10:00,243.27393,461.4936828613281,218.21975708007812
5161,LSTM,2013-12-18 02:20:00,216.10474,462.8717041015625,246.7669677734375
5161,LSTM,2013-12-18 02:30:00,226.12572,432.6443786621094,206.51866149902344
5161,LSTM,2013-12-18 02:40:00,232.07375,392.1925354003906,160.11878967285156
5161,LSTM,2013-12-18 02:50:00,208.05132,353.6983947753906,145.64707946777344
5161,LSTM,2013-12-18 03:00:00,225.40233,318.0151672363281,92.61283874511719
5161,LSTM,2013-12-18 03:10:00,227.49487,292.10296630859375,64.60809326171875
5161,LSTM,2013-12-18 03:20:00,215.54005,275.57733154296875,60.03727722167969
5161,LSTM,2013-12-18 03:30:00,227.69821,264.4889221191406,36.79071044921875
5161,LSTM,2013-12-18 03:40:00,220.47954,260.1079406738281,39.62840270996094
5161,LSTM,2013-12-18 03:50:00,219.93324,258.9239196777344,38.99067687988281
5161,LSTM,2013-12-18 04:00:00,234.73875,259.7971496582031,25.058395385742188
5161,LSTM,2013-12-18 04:10:00,256.21884,264.5042419433594,8.285400390625
5161,LSTM,2013-12-18 04:20:00,246.57613,274.6523742675781,28.076248168945312
5161,LSTM,2013-12-18 04:30:00,248.08907,285.0103759765625,36.92131042480469
5161,LSTM,2013-12-18 04:40:00,257.0533,294.6114807128906,37.55816650390625
5161,LSTM,2013-12-18 04:50:00,243.37933,304.33258056640625,60.9532470703125
5161,LSTM,2013-12-18 05:00:00,263.1779,310.7494201660156,47.571533203125
5161,LSTM,2013-12-18 05:10:00,227.68663,318.21484375,90.52821350097656
5161,LSTM,2013-12-18 05:20:00,237.6365,319.4266662597656,81.7901611328125
5161,LSTM,2013-12-18 05:30:00,320.8879,319.0840148925781,1.80389404296875
5161,LSTM,2013-12-18 05:40:00,246.0984,332.61529541015625,86.51689147949219
5161,LSTM,2013-12-18 05:50:00,260.01495,339.2320861816406,79.21713256835938
5161,LSTM,2013-12-18 06:00:00,350.64963,343.7216796875,6.927947998046875
5161,LSTM,2013-12-18 06:10:00,396.91443,362.3227844238281,34.591644287109375
5161,LSTM,2013-12-18 06:20:00,404.74667,394.3675537109375,10.379119873046875
5161,LSTM,2013-12-18 06:30:00,444.64056,430.8345947265625,13.80596923828125
5161,LSTM,2013-12-18 06:40:00,383.8241,471.6451416015625,87.821044921875
5161,LSTM,2013-12-18 06:50:00,396.3336,498.5509338378906,102.21734619140625
5161,LSTM,2013-12-18 07:00:00,413.65237,516.3002319335938,102.64785766601562
5161,LSTM,2013-12-18 07:10:00,642.7808,529.7246704101562,113.05615234375
5161,LSTM,2013-12-18 07:20:00,541.2099,579.3256225585938,38.11572265625
5161,LSTM,2013-12-18 07:30:00,618.90344,623.9580078125,5.0545654296875
5161,LSTM,2013-12-18 07:40:00,646.4804,673.00927734375,26.52886962890625
5161,LSTM,2013-12-18 07:50:00,736.52924,722.1115112304688,14.417724609375
5161,LSTM,2013-12-18 08:00:00,844.3093,780.0355224609375,64.2738037109375
5161,LSTM,2013-12-18 08:10:00,899.5496,853.51171875,46.03790283203125
5161,LSTM,2013-12-18 08:20:00,958.5369,934.394287109375,24.14263916015625
5161,LSTM,2013-12-18 08:30:00,1156.951,1017.5437622070312,139.40728759765625
5161,LSTM,2013-12-18 08:40:00,1070.9885,1125.153564453125,54.1650390625
5161,LSTM,2013-12-18 08:50:00,1130.0845,1212.97314453125,82.888671875
5161,LSTM,2013-12-18 09:00:00,1296.178,1286.2076416015625,9.9703369140625
5161,LSTM,2013-12-18 09:10:00,1440.553,1369.374755859375,71.17822265625
5161,LSTM,2013-12-18 09:20:00,1529.7799,1469.8411865234375,59.938720703125
5161,LSTM,2013-12-18 09:30:00,1691.0552,1577.9674072265625,113.0877685546875
5161,LSTM,2013-12-18 09:40:00,1911.0961,1700.403076171875,210.6929931640625
5161,LSTM,2013-12-18 09:50:00,1785.5616,1849.0599365234375,63.498291015625
5161,LSTM,2013-12-18 10:00:00,2071.8499,1958.5889892578125,113.2608642578125
5161,LSTM,2013-12-18 10:10:00,2104.384,2080.857421875,23.526611328125
5161,LSTM,2013-12-18 10:20:00,2088.5828,2190.38232421875,101.799560546875
5161,LSTM,2013-12-18 10:30:00,2219.114,2267.198486328125,48.08447265625
5161,LSTM,2013-12-18 10:40:00,2249.7117,2335.345458984375,85.6337890625
5161,LSTM,2013-12-18 10:50:00,2448.1501,2388.65478515625,59.495361328125
5161,LSTM,2013-12-18 11:00:00,2599.8909,2460.478515625,139.412353515625
5161,LSTM,2013-12-18 11:10:00,2445.932,2555.13232421875,109.200439453125
5161,LSTM,2013-12-18 11:20:00,2537.695,2610.113037109375,72.41796875
5161,LSTM,2013-12-18 11:30:00,2588.7942,2651.102783203125,62.30859375
5161,LSTM,2013-12-18 11:40:00,2524.9182,2684.25537109375,159.337158203125
5161,LSTM,2013-12-18 11:50:00,2801.2405,2691.460205078125,109.7802734375
5161,LSTM,2013-12-18 12:00:00,2847.3315,2737.609619140625,109.721923828125
5161,LSTM,2013-12-18 12:10:00,3144.238,2800.77294921875,343.465087890625
5161,LSTM,2013-12-18 12:20:00,3527.2244,2920.017578125,607.206787109375
5161,LSTM,2013-12-18 12:30:00,3725.421,3122.790771484375,602.630126953125
5161,LSTM,2013-12-18 12:40:00,3822.5183,3370.94775390625,451.570556640625
5161,LSTM,2013-12-18 12:50:00,3866.7158,3616.852294921875,249.863525390625
5161,LSTM,2013-12-18 13:00:00,3877.3699,3824.984130859375,52.3857421875
5161,LSTM,2013-12-18 13:10:00,3581.2974,3976.06884765625,394.771484375
5161,LSTM,2013-12-18 13:20:00,3756.3367,4003.53857421875,247.201904296875
5161,LSTM,2013-12-18 13:30:00,3436.1636,3999.62744140625,563.4638671875
5161,LSTM,2013-12-18 13:40:00,3591.0415,3904.68505859375,313.6435546875
5161,LSTM,2013-12-18 13:50:00,3316.7224,3812.273681640625,495.55126953125
5161,LSTM,2013-12-18 14:00:00,3167.509,3672.53173828125,505.022705078125
5161,LSTM,2013-12-18 14:10:00,3138.919,3500.98974609375,362.07080078125
5161,LSTM,2013-12-18 14:20:00,3047.273,3336.20947265625,288.9365234375
5161,LSTM,2013-12-18 14:30:00,3150.5264,3183.097900390625,32.571533203125
5161,LSTM,2013-12-18 14:40:00,2938.9463,3084.404052734375,145.457763671875
5161,LSTM,2013-12-18 14:50:00,3039.379,2986.107421875,53.271484375
5161,LSTM,2013-12-18 15:00:00,3118.2083,2928.883544921875,189.32470703125
5161,LSTM,2013-12-18 15:10:00,3213.4922,2919.571044921875,293.921142578125
5161,LSTM,2013-12-18 15:20:00,3012.9036,2957.5400390625,55.363525390625
5161,LSTM,2013-12-18 15:30:00,2953.8875,2973.147705078125,19.26025390625
5161,LSTM,2013-12-18 15:40:00,2920.7847,2966.1337890625,45.34912109375
5161,LSTM,2013-12-18 15:50:00,2932.362,2944.2177734375,11.855712890625
5161,LSTM,2013-12-18 16:00:00,3075.2095,2922.750732421875,152.458740234375
5161,LSTM,2013-12-18 16:10:00,3023.2144,2935.92578125,87.28857421875
5161,LSTM,2013-12-18 16:20:00,2955.8096,2953.891845703125,1.917724609375
5161,LSTM,2013-12-18 16:30:00,2909.414,2958.74658203125,49.33251953125
5161,LSTM,2013-12-18 16:40:00,2701.2969,2947.8046875,246.5078125
5161,LSTM,2013-12-18 16:50:00,2824.2446,2888.92529296875,64.6806640625
5161,LSTM,2013-12-18 17:00:00,2610.1592,2843.196044921875,233.036865234375
5161,LSTM,2013-12-18 17:10:00,2438.9463,2767.86279296875,328.91650390625
5161,LSTM,2013-12-18 17:20:00,2638.442,2658.0673828125,19.62548828125
5161,LSTM,2013-12-18 17:30:00,2572.8606,2591.82666015625,18.966064453125
5161,LSTM,2013-12-18 17:40:00,2564.8267,2545.21728515625,19.609375
5161,LSTM,2013-12-18 17:50:00,2356.0193,2516.525390625,160.506103515625
5161,LSTM,2013-12-18 18:00:00,2361.8774,2461.204833984375,99.327392578125
5161,LSTM,2013-12-18 18:10:00,2249.49,2405.61328125,156.123291015625
5161,LSTM,2013-12-18 18:20:00,2056.9507,2338.269775390625,281.319091796875
5161,LSTM,2013-12-18 18:30:00,2078.2659,2240.5849609375,162.319091796875
5161,LSTM,2013-12-18 18:40:00,2282.8704,2150.9794921875,131.890869140625
5161,LSTM,2013-12-18 18:50:00,2069.832,2121.943603515625,52.111572265625
5161,LSTM,2013-12-18 19:00:00,1856.3398,2087.386962890625,231.047119140625
5161,LSTM,2013-12-18 19:10:00,1593.6848,2017.1265869140625,423.4417724609375
5161,LSTM,2013-12-18 19:20:00,1380.7185,1892.6934814453125,511.9749755859375
5161,LSTM,2013-12-18 19:30:00,1368.4242,1724.5660400390625,356.141845703125
5161,LSTM,2013-12-18 19:40:00,1136.7921,1563.415283203125,426.6231689453125
5161,LSTM,2013-12-18 19:50:00,1057.0448,1391.7763671875,334.7315673828125
5161,LSTM,2013-12-18 20:00:00,952.5083,1231.9488525390625,279.4405517578125
5161,LSTM,2013-12-18 20:10:00,885.5504,1087.9224853515625,202.3720703125
5161,LSTM,2013-12-18 20:20:00,945.30396,966.0059204101562,20.70196533203125
5161,LSTM,2013-12-18 20:30:00,955.2644,888.0504760742188,67.21392822265625
5161,LSTM,2013-12-18 20:40:00,908.50287,848.666259765625,59.83660888671875
5161,LSTM,2013-12-18 20:50:00,948.1962,828.9868774414062,119.2093505859375
5161,LSTM,2013-12-18 21:00:00,824.9544,831.5847778320312,6.63037109375
5161,LSTM,2013-12-18 21:10:00,795.2902,825.0711669921875,29.78094482421875
5161,LSTM,2013-12-18 21:20:00,611.88983,811.6797485351562,199.7899169921875
5161,LSTM,2013-12-18 21:30:00,578.9331,766.2215576171875,187.2884521484375
5161,LSTM,2013-12-18 21:40:00,579.75836,707.7452392578125,127.98687744140625
5161,LSTM,2013-12-18 21:50:00,505.07065,653.4500122070312,148.37936401367188
5161,LSTM,2013-12-18 22:00:00,457.73096,598.1076049804688,140.37664794921875
5161,LSTM,2013-12-18 22:10:00,554.7294,543.9024047851562,10.82696533203125
5161,LSTM,2013-12-18 22:20:00,463.84952,516.4405517578125,52.591033935546875
5161,LSTM,2013-12-18 22:30:00,405.31708,492.04620361328125,86.7291259765625
5161,LSTM,2013-12-18 22:40:00,362.23328,463.8403625488281,101.60708618164062
5161,LSTM,2013-12-18 22:50:00,315.83978,431.4219970703125,115.58221435546875
5161,LSTM,2013-12-18 23:00:00,274.1597,394.6959228515625,120.53622436523438
5161,LSTM,2013-12-18 23:10:00,267.61264,355.0838928222656,87.47125244140625
5161,LSTM,2013-12-18 23:20:00,269.4348,319.6833190917969,50.248504638671875
5161,LSTM,2013-12-18 23:30:00,251.59935,292.8451232910156,41.24577331542969
5161,LSTM,2013-12-18 23:40:00,241.11078,272.125244140625,31.01446533203125
5161,LSTM,2013-12-18 23:50:00,217.61389,256.52777099609375,38.91387939453125
5161,LSTM,2013-12-19 00:00:00,203.93837,242.52386474609375,38.58549499511719
5161,LSTM,2013-12-19 00:10:00,204.19022,229.69110107421875,25.500885009765625
5161,LSTM,2013-12-19 00:20:00,169.83192,219.98284912109375,50.15092468261719
5161,LSTM,2013-12-19 00:30:00,162.9695,208.08792114257812,45.11842346191406
5161,LSTM,2013-12-19 00:40:00,188.53651,196.16722106933594,7.630706787109375
5161,LSTM,2013-12-19 00:50:00,145.82474,190.82479858398438,45.00006103515625
5161,LSTM,2013-12-19 01:00:00,147.1228,183.01133728027344,35.88853454589844
5161,LSTM,2013-12-19 01:10:00,160.85327,175.70330810546875,14.85003662109375
5161,LSTM,2013-12-19 01:20:00,167.06288,172.49374389648438,5.4308624267578125
5161,LSTM,2013-12-19 01:30:00,144.11838,173.4351348876953,29.316757202148438
5161,LSTM,2013-12-19 01:40:00,168.72066,172.99058532714844,4.269927978515625
5161,LSTM,2013-12-19 01:50:00,163.0736,176.44314575195312,13.369552612304688
5161,LSTM,2013-12-19 02:00:00,140.6902,180.95094299316406,40.2607421875
5161,LSTM,2013-12-19 02:10:00,169.9931,181.9846954345703,11.991592407226562
5161,LSTM,2013-12-19 02:20:00,146.30841,186.3806915283203,40.07228088378906
5161,LSTM,2013-12-19 02:30:00,139.73344,188.3584442138672,48.625
5161,LSTM,2013-12-19 02:40:00,157.53612,188.02516174316406,30.489044189453125
5161,LSTM,2013-12-19 02:50:00,149.2089,189.9163360595703,40.70744323730469
5161,LSTM,2013-12-19 03:00:00,137.03987,191.74050903320312,54.70063781738281
5161,LSTM,2013-12-19 03:10:00,161.42363,191.58282470703125,30.159194946289062
5161,LSTM,2013-12-19 03:20:00,149.15988,194.90386962890625,45.743988037109375
5161,LSTM,2013-12-19 03:30:00,137.69418,197.97042846679688,60.2762451171875
5161,LSTM,2013-12-19 03:40:00,167.33061,198.89576721191406,31.565155029296875
5161,LSTM,2013-12-19 03:50:00,163.06259,203.9671173095703,40.90452575683594
5161,LSTM,2013-12-19 04:00:00,148.12737,210.3037872314453,62.176422119140625
5161,LSTM,2013-12-19 04:10:00,192.28413,214.30194091796875,22.017807006835938
5161,LSTM,2013-12-19 04:20:00,164.71341,224.39891052246094,59.68550109863281
5161,LSTM,2013-12-19 04:30:00,144.27452,232.18698120117188,87.91246032714844
5161,LSTM,2013-12-19 04:40:00,199.8322,234.52635192871094,34.69415283203125
5161,LSTM,2013-12-19 04:50:00,156.3342,243.4633331298828,87.12913513183594
5161,LSTM,2013-12-19 05:00:00,143.32224,247.8692626953125,104.54702758789062
5161,LSTM,2013-12-19 05:10:00,201.51146,247.34674072265625,45.83528137207031
5161,LSTM,2013-12-19 05:20:00,182.49237,254.56553649902344,72.07316589355469
5161,LSTM,2013-12-19 05:30:00,133.89032,262.327880859375,128.43756103515625
5161,LSTM,2013-12-19 05:40:00,189.73953,261.4081115722656,71.6685791015625
5161,LSTM,2013-12-19 05:50:00,187.93494,265.7366638183594,77.80172729492188
5161,LSTM,2013-12-19 06:00:00,209.46092,272.5954895019531,63.13456726074219
5161,LSTM,2013-12-19 06:10:00,197.42627,284.01678466796875,86.59051513671875
5161,LSTM,2013-12-19 06:20:00,212.6369,294.739013671875,82.10211181640625
5161,LSTM,2013-12-19 06:30:00,216.06082,306.55511474609375,90.49429321289062
5161,LSTM,2013-12-19 06:40:00,261.43173,318.338134765625,56.906402587890625
5161,LSTM,2013-12-19 06:50:00,296.271,336.6365051269531,40.365509033203125
5161,LSTM,2013-12-19 07:00:00,342.76184,362.4082336425781,19.646392822265625
5161,LSTM,2013-12-19 07:10:00,346.69257,397.08294677734375,50.390380859375
5161,LSTM,2013-12-19 07:20:00,422.2298,432.8314208984375,10.60162353515625
5161,LSTM,2013-12-19 07:30:00,488.4608,477.42999267578125,11.030792236328125
5161,LSTM,2013-12-19 07:40:00,604.7331,532.4818115234375,72.25128173828125
5161,LSTM,2013-12-19 07:50:00,607.37067,606.1517944335938,1.2188720703125
5161,LSTM,2013-12-19 08:00:00,717.09607,680.427001953125,36.6690673828125
5161,LSTM,2013-12-19 08:10:00,744.41266,763.8263549804688,19.4136962890625
5161,LSTM,2013-12-19 08:20:00,885.86914,845.2562866210938,40.61285400390625
5161,LSTM,2013-12-19 08:30:00,956.97504,939.1347045898438,17.84033203125
5161,LSTM,2013-12-19 08:40:00,974.42224,1039.099609375,64.6773681640625
5161,LSTM,2013-12-19 08:50:00,1099.8969,1130.621337890625,30.7244873046875
5161,LSTM,2013-12-19 09:00:00,1223.0265,1226.3280029296875,3.301513671875
5161,LSTM,2013-12-19 09:10:00,1343.774,1332.0938720703125,11.68017578125
5161,LSTM,2013-12-19 09:20:00,1372.3713,1448.9371337890625,76.5657958984375
5161,LSTM,2013-12-19 09:30:00,1541.0254,1557.73388671875,16.70849609375
5161,LSTM,2013-12-19 09:40:00,1538.6102,1674.9228515625,136.3126220703125
5161,LSTM,2013-12-19 09:50:00,1767.8145,1774.580078125,6.765625
5161,LSTM,2013-12-19 10:00:00,1720.5001,1889.0244140625,168.5242919921875
5161,LSTM,2013-12-19 10:10:00,1655.2976,1978.68701171875,323.389404296875
5161,LSTM,2013-12-19 10:20:00,1764.8962,2022.40478515625,257.508544921875
5161,LSTM,2013-12-19 10:30:00,1819.6342,2050.1484375,230.5142822265625
5161,LSTM,2013-12-19 10:40:00,2052.6956,2069.54248046875,16.846923828125
5161,LSTM,2013-12-19 10:50:00,2101.9968,2121.12744140625,19.130615234375
5161,LSTM,2013-12-19 11:00:00,2135.1353,2184.6005859375,49.46533203125
5161,LSTM,2013-12-19 11:10:00,2269.4614,2245.054443359375,24.406982421875
5161,LSTM,2013-12-19 11:20:00,2298.473,2315.442626953125,16.9697265625
5161,LSTM,2013-12-19 11:30:00,2442.7434,2380.012939453125,62.73046875
5161,LSTM,2013-12-19 11:40:00,2534.7808,2455.333251953125,79.447509765625
5161,LSTM,2013-12-19 11:50:00,2562.879,2537.51220703125,25.36669921875
5161,LSTM,2013-12-19 12:00:00,2649.3838,2611.09814453125,38.28564453125
5161,LSTM,2013-12-19 12:10:00,3079.7336,2681.824951171875,397.90869140625
5161,LSTM,2013-12-19 12:20:00,2879.3525,2822.847412109375,56.505126953125
5161,LSTM,2013-12-19 12:30:00,3051.9824,2929.557861328125,122.424560546875
5161,LSTM,2013-12-19 12:40:00,3203.688,3034.3623046875,169.32568359375
5161,LSTM,2013-12-19 12:50:00,3184.9202,3147.334716796875,37.58544921875
5161,LSTM,2013-12-19 13:00:00,3255.8198,3237.1474609375,18.67236328125
5161,LSTM,2013-12-19 13:10:00,3134.402,3311.549072265625,177.14697265625
5161,LSTM,2013-12-19 13:20:00,3258.1519,3336.044189453125,77.892333984375
5161,LSTM,2013-12-19 13:30:00,3144.569,3354.637451171875,210.068359375
5161,LSTM,2013-12-19 13:40:00,3201.7524,3338.988525390625,137.236083984375
5161,LSTM,2013-12-19 13:50:00,2828.0125,3318.704833984375,490.6923828125
5161,LSTM,2013-12-19 14:00:00,3105.1987,3218.28662109375,113.087890625
5161,LSTM,2013-12-19 14:10:00,2825.0269,3153.32177734375,328.294921875
5161,LSTM,2013-12-19 14:20:00,2680.8604,3055.161865234375,374.301513671875
5161,LSTM,2013-12-19 14:30:00,2901.1643,2928.7294921875,27.565185546875
5161,LSTM,2013-12-19 14:40:00,2752.3262,2855.35888671875,103.03271484375
5161,LSTM,2013-12-19 14:50:00,2739.1606,2789.172119140625,50.011474609375
5161,LSTM,2013-12-19 15:00:00,2807.927,2736.9345703125,70.992431640625
5161,LSTM,2013-12-19 15:10:00,2584.6472,2715.51416015625,130.866943359375
5161,LSTM,2013-12-19 15:20:00,2495.2998,2668.6318359375,173.33203125
5161,LSTM,2013-12-19 15:30:00,2745.7068,2601.632080078125,144.07470703125
5161,LSTM,2013-12-19 15:40:00,2450.8027,2588.209716796875,137.406982421875
5161,LSTM,2013-12-19 15:50:00,2718.5146,2544.55126953125,173.96337890625
5161,LSTM,2013-12-19 16:00:00,2651.8245,2550.23486328125,101.589599609375
5161,LSTM,2013-12-19 16:10:00,2449.5356,2566.07421875,116.53857421875
5161,LSTM,2013-12-19 16:20:00,2364.177,2545.426513671875,181.24951171875
5161,LSTM,2013-12-19 16:30:00,2622.1045,2495.009765625,127.0947265625
5161,LSTM,2013-12-19 16:40:00,2355.841,2491.162353515625,135.3212890625
5161,LSTM,2013-12-19 16:50:00,2382.0017,2457.655029296875,75.6533203125
5161,LSTM,2013-12-19 17:00:00,2420.4246,2422.65283203125,2.228271484375
5161,LSTM,2013-12-19 17:10:00,2299.2363,2400.9921875,101.755859375
5161,LSTM,2013-12-19 17:20:00,2240.3677,2366.245361328125,125.877685546875
5161,LSTM,2013-12-19 17:30:00,2492.787,2320.610107421875,172.177001953125
5161,LSTM,2013-12-19 17:40:00,2202.0068,2328.214599609375,126.207763671875
5161,LSTM,2013-12-19 17:50:00,2133.3738,2303.32177734375,169.947998046875
5161,LSTM,2013-12-19 18:00:00,2326.3213,2255.14306640625,71.17822265625
5161,LSTM,2013-12-19 18:10:00,1970.2568,2242.28076171875,272.02392578125
5161,LSTM,2013-12-19 18:20:00,1808.8307,2179.226318359375,370.3956298828125
5161,LSTM,2013-12-19 18:30:00,1778.7732,2072.887451171875,294.1142578125
5161,LSTM,2013-12-19 18:40:00,1635.7878,1958.5389404296875,322.7510986328125
5161,LSTM,2013-12-19 18:50:00,1787.2637,1833.185791015625,45.922119140625
5161,LSTM,2013-12-19 19:00:00,1440.8885,1754.0452880859375,313.15673828125
5161,LSTM,2013-12-19 19:10:00,1445.5645,1646.43994140625,200.87548828125
5161,LSTM,2013-12-19 19:20:00,1165.559,1546.359130859375,380.8001708984375
5161,LSTM,2013-12-19 19:30:00,983.61755,1416.107421875,432.4898681640625
5161,LSTM,2013-12-19 19:40:00,1067.5725,1261.9053955078125,194.3328857421875
5161,LSTM,2013-12-19 19:50:00,1064.6183,1138.9185791015625,74.30029296875
5161,LSTM,2013-12-19 20:00:00,953.12775,1052.8740234375,99.74627685546875
5161,LSTM,2013-12-19 20:10:00,991.1119,981.4501953125,9.66168212890625
5161,LSTM,2013-12-19 20:20:00,837.1152,937.8870239257812,100.7718505859375
5161,LSTM,2013-12-19 20:30:00,743.8279,889.7005615234375,145.8726806640625
5161,LSTM,2013-12-19 20:40:00,719.13165,832.5036010742188,113.3719482421875
5161,LSTM,2013-12-19 20:50:00,640.9126,777.4149780273438,136.50238037109375
5161,LSTM,2013-12-19 21:00:00,713.2597,720.1576538085938,6.89794921875
5161,LSTM,2013-12-19 21:10:00,645.8009,685.228515625,39.4276123046875
5161,LSTM,2013-12-19 21:20:00,572.8274,656.6939086914062,83.86651611328125
5161,LSTM,2013-12-19 21:30:00,602.1083,624.587890625,22.4796142578125
5161,LSTM,2013-12-19 21:40:00,612.77606,602.0054931640625,10.77056884765625
5161,LSTM,2013-12-19 21:50:00,511.6284,590.7195434570312,79.09115600585938
5161,LSTM,2013-12-19 22:00:00,441.11316,570.445068359375,129.3319091796875
5161,LSTM,2013-12-19 22:10:00,420.6894,537.5374755859375,116.84808349609375
5161,LSTM,2013-12-19 22:20:00,422.76392,500.6534423828125,77.8895263671875
5161,LSTM,2013-12-19 22:30:00,424.8138,468.64715576171875,43.833343505859375
5161,LSTM,2013-12-19 22:40:00,384.16812,445.2236328125,61.055511474609375
5161,LSTM,2013-12-19 22:50:00,292.0899,423.5510559082031,131.46115112304688
5161,LSTM,2013-12-19 23:00:00,320.85486,390.9859619140625,70.131103515625
5161,LSTM,2013-12-19 23:10:00,295.0888,363.32220458984375,68.2333984375
5161,LSTM,2013-12-19 23:20:00,295.93073,338.5914306640625,42.66070556640625
5161,LSTM,2013-12-19 23:30:00,256.09354,319.89166259765625,63.798126220703125
5161,LSTM,2013-12-19 23:40:00,206.02028,300.9173889160156,94.89710998535156
5161,LSTM,2013-12-19 23:50:00,217.92496,276.67535400390625,58.750396728515625
5161,LSTM,2013-12-20 00:00:00,242.26108,255.85714721679688,13.5960693359375
5161,LSTM,2013-12-20 00:10:00,174.30728,244.58738708496094,70.28010559082031
5161,LSTM,2013-12-20 00:20:00,178.3625,228.98585510253906,50.62335205078125
5161,LSTM,2013-12-20 00:30:00,175.14632,214.57212829589844,39.425811767578125
5161,LSTM,2013-12-20 00:40:00,152.33878,202.818359375,50.479583740234375
5161,LSTM,2013-12-20 00:50:00,180.40874,190.8049774169922,10.396240234375
5161,LSTM,2013-12-20 01:00:00,171.04825,185.61680603027344,14.568557739257812
5161,LSTM,2013-12-20 01:10:00,161.85028,183.6684112548828,21.818130493164062
5161,LSTM,2013-12-20 01:20:00,185.78027,182.59323120117188,3.187042236328125
5161,LSTM,2013-12-20 01:30:00,189.96631,186.6131134033203,3.3531951904296875
5161,LSTM,2013-12-20 01:40:00,159.52864,193.9220733642578,34.3934326171875
5161,LSTM,2013-12-20 01:50:00,174.6532,197.18385314941406,22.530654907226562
5161,LSTM,2013-12-20 02:00:00,173.67648,200.77857971191406,27.102096557617188
5161,LSTM,2013-12-20 02:10:00,210.40674,204.30062866210938,6.106109619140625
5161,LSTM,2013-12-20 02:20:00,215.73897,213.96945190429688,1.7695159912109375
5161,LSTM,2013-12-20 02:30:00,178.25208,226.90533447265625,48.65325927734375
5161,LSTM,2013-12-20 02:40:00,188.90144,233.72552490234375,44.82408142089844
5161,LSTM,2013-12-20 02:50:00,167.10315,238.4232940673828,71.32014465332031
5161,LSTM,2013-12-20 03:00:00,169.19829,237.96560668945312,68.76731872558594
5161,LSTM,2013-12-20 03:10:00,178.6727,235.52609252929688,56.8533935546875
5161,LSTM,2013-12-20 03:20:00,154.45125,234.3672637939453,79.916015625
5161,LSTM,2013-12-20 03:30:00,164.45602,230.30593872070312,65.84991455078125
5161,LSTM,2013-12-20 03:40:00,150.4502,227.2828369140625,76.8326416015625
5161,LSTM,2013-12-20 03:50:00,157.78348,223.21620178222656,65.43272399902344
5161,LSTM,2013-12-20 04:00:00,150.87732,220.75425720214844,69.87693786621094
5161,LSTM,2013-12-20 04:10:00,154.2366,218.70753479003906,64.47093200683594
5161,LSTM,2013-12-20 04:20:00,181.19868,218.12020874023438,36.92152404785156
5161,LSTM,2013-12-20 04:30:00,191.88644,223.4082794189453,31.521835327148438
5161,LSTM,2013-12-20 04:40:00,183.43315,233.4245147705078,49.991363525390625
5161,LSTM,2013-12-20 04:50:00,154.46097,243.58892822265625,89.12796020507812
5161,LSTM,2013-12-20 05:00:00,191.37866,247.84767150878906,56.46900939941406
5161,LSTM,2013-12-20 05:10:00,142.15965,254.98817443847656,112.82852172851562
5161,LSTM,2013-12-20 05:20:00,163.77124,254.8257598876953,91.05451965332031
5161,LSTM,2013-12-20 05:30:00,186.41087,254.79161071777344,68.3807373046875
5161,LSTM,2013-12-20 05:40:00,174.1565,259.2117919921875,85.0552978515625
5161,LSTM,2013-12-20 05:50:00,208.78217,263.8735046386719,55.091339111328125
5161,LSTM,2013-12-20 06:00:00,232.60474,274.3423156738281,41.737579345703125
5161,LSTM,2013-12-20 06:10:00,239.04329,291.0845642089844,52.04127502441406
5161,LSTM,2013-12-20 06:20:00,270.35873,310.4786682128906,40.11993408203125
5161,LSTM,2013-12-20 06:30:00,315.4997,334.3719177246094,18.872222900390625
5161,LSTM,2013-12-20 06:40:00,319.71826,365.5774841308594,45.859222412109375
5161,LSTM,2013-12-20 06:50:00,377.85233,397.59228515625,19.739959716796875
5161,LSTM,2013-12-20 07:00:00,352.55075,435.90606689453125,83.35531616210938
5161,LSTM,2013-12-20 07:10:00,383.3799,468.2825622558594,84.90264892578125
5161,LSTM,2013-12-20 07:20:00,457.79138,498.33447265625,40.5430908203125
5161,LSTM,2013-12-20 07:30:00,519.1235,536.0433349609375,16.91986083984375
5161,LSTM,2013-12-20 07:40:00,592.0156,583.6383666992188,8.37725830078125
5161,LSTM,2013-12-20 07:50:00,682.51196,642.8914794921875,39.6204833984375
5161,LSTM,2013-12-20 08:00:00,815.2566,716.20068359375,99.055908203125
5161,LSTM,2013-12-20 08:10:00,893.1666,810.4696044921875,82.697021484375
5161,LSTM,2013-12-20 08:20:00,951.8006,916.823974609375,34.97662353515625
5161,LSTM,2013-12-20 08:30:00,889.6657,1024.895751953125,135.23004150390625
5161,LSTM,2013-12-20 08:40:00,1044.0208,1106.31298828125,62.292236328125
5161,LSTM,2013-12-20 08:50:00,1141.5233,1188.566650390625,47.0433349609375
5161,LSTM,2013-12-20 09:00:00,1331.022,1276.33447265625,54.6875
5161,LSTM,2013-12-20 09:10:00,1221.182,1388.265380859375,167.0833740234375
5161,LSTM,2013-12-20 09:20:00,1363.3949,1474.2752685546875,110.88037109375
5161,LSTM,2013-12-20 09:30:00,1549.3873,1557.432861328125,8.0455322265625
5161,LSTM,2013-12-20 09:40:00,1544.8607,1658.4871826171875,113.62646484375
5161,LSTM,2013-12-20 09:50:00,1697.7924,1748.9788818359375,51.1865234375
5161,LSTM,2013-12-20 10:00:00,1738.7125,1844.5899658203125,105.87744140625
5161,LSTM,2013-12-20 10:10:00,1758.3699,1930.37158203125,172.001708984375
5161,LSTM,2013-12-20 10:20:00,1717.3818,1995.44970703125,278.06787109375
5161,LSTM,2013-12-20 10:30:00,2046.7505,2025.4700927734375,21.2803955078125
5161,LSTM,2013-12-20 10:40:00,1989.8289,2090.902099609375,101.0732421875
5161,LSTM,2013-12-20 10:50:00,2381.0547,2146.78662109375,234.26806640625
5161,LSTM,2013-12-20 11:00:00,2271.2346,2260.484130859375,10.75048828125
5161,LSTM,2013-12-20 11:10:00,2400.4788,2357.3486328125,43.130126953125
5161,LSTM,2013-12-20 11:20:00,2226.8408,2450.855712890625,224.014892578125
5161,LSTM,2013-12-20 11:30:00,2358.4517,2487.2646484375,128.81298828125
5161,LSTM,2013-12-20 11:40:00,2492.564,2511.32763671875,18.763671875
5161,LSTM,2013-12-20 11:50:00,2654.9883,2547.377685546875,107.610595703125
5161,LSTM,2013-12-20 12:00:00,2834.7441,2612.01904296875,222.72509765625
5161,LSTM,2013-12-20 12:10:00,2796.3367,2712.6591796875,83.677490234375
5161,LSTM,2013-12-20 12:20:00,3057.3894,2802.90087890625,254.488525390625
5161,LSTM,2013-12-20 12:30:00,3188.3403,2923.19140625,265.14892578125
5161,LSTM,2013-12-20 12:40:00,3221.681,3060.908935546875,160.77197265625
5161,LSTM,2013-12-20 12:50:00,3524.6064,3187.4052734375,337.201171875
5161,LSTM,2013-12-20 13:00:00,3223.6047,3346.73779296875,123.133056640625
5161,LSTM,2013-12-20 13:10:00,3420.8806,3426.865478515625,5.98486328125
5161,LSTM,2013-12-20 13:20:00,3430.3384,3493.5791015625,63.24072265625
5161,LSTM,2013-12-20 13:30:00,3298.1099,3538.75244140625,240.642578125
5161,LSTM,2013-12-20 13:40:00,3026.8647,3533.688232421875,506.823486328125
5161,LSTM,2013-12-20 13:50:00,3372.5327,3444.524658203125,71.991943359375
5161,LSTM,2013-12-20 14:00:00,3101.176,3400.267333984375,299.09130859375
5161,LSTM,2013-12-20 14:10:00,3045.3306,3323.396484375,278.06591796875
5161,LSTM,2013-12-20 14:20:00,3055.932,3231.98583984375,176.053955078125
5161,LSTM,2013-12-20 14:30:00,2986.7651,3149.987548828125,163.222412109375
5161,LSTM,2013-12-20 14:40:00,3136.2236,3071.4111328125,64.8125
5161,LSTM,2013-12-20 14:50:00,3131.0835,3039.23876953125,91.8447265625
5161,LSTM,2013-12-20 15:00:00,3260.1055,3033.9443359375,226.1611328125
5161,LSTM,2013-12-20 15:10:00,3274.4448,3070.56884765625,203.8759765625
5161,LSTM,2013-12-20 15:20:00,3278.2551,3124.90087890625,153.354248046875
5161,LSTM,2013-12-20 15:30:00,3278.9111,3180.332275390625,98.578857421875
5161,LSTM,2013-12-20 15:40:00,3529.7249,3227.43701171875,302.287841796875
5161,LSTM,2013-12-20 15:50:00,3394.1943,3315.172119140625,79.022216796875
5161,LSTM,2013-12-20 16:00:00,3234.207,3378.03466796875,143.82763671875
5161,LSTM,2013-12-20 16:10:00,3389.9429,3384.621337890625,5.321533203125
5161,LSTM,2013-12-20 16:20:00,3076.8206,3395.0693359375,318.248779296875
5161,LSTM,2013-12-20 16:30:00,3169.0256,3337.59814453125,168.572509765625
5161,LSTM,2013-12-20 16:40:00,3152.8132,3277.06689453125,124.253662109375
5161,LSTM,2013-12-20 16:50:00,2945.257,3220.41357421875,275.156494140625
5161,LSTM,2013-12-20 17:00:00,2751.2407,3131.9169921875,380.67626953125
5161,LSTM,2013-12-20 17:10:00,2526.0862,3004.01904296875,477.932861328125
5161,LSTM,2013-12-20 17:20:00,2513.12,2833.92822265625,320.80810546875
5161,LSTM,2013-12-20 17:30:00,2452.489,2671.7900390625,219.301025390625
5161,LSTM,2013-12-20 17:40:00,2226.295,2530.509765625,304.21484375
5161,LSTM,2013-12-20 17:50:00,2231.8542,2380.903076171875,149.048828125
5161,LSTM,2013-12-20 18:00:00,2045.1724,2257.423095703125,212.250732421875
5161,LSTM,2013-12-20 18:10:00,1932.1818,2133.8017578125,201.6199951171875
5161,LSTM,2013-12-20 18:20:00,1809.0939,2012.9931640625,203.8992919921875
5161,LSTM,2013-12-20 18:30:00,1682.2748,1893.79345703125,211.5186767578125
5161,LSTM,2013-12-20 18:40:00,1658.5394,1774.906982421875,116.3675537109375
5161,LSTM,2013-12-20 18:50:00,1627.1318,1675.297607421875,48.165771484375
5161,LSTM,2013-12-20 19:00:00,1571.7871,1599.1986083984375,27.4114990234375
5161,LSTM,2013-12-20 19:10:00,1417.9408,1540.2677001953125,122.326904296875
5161,LSTM,2013-12-20 19:20:00,1296.3013,1474.0067138671875,177.7054443359375
5161,LSTM,2013-12-20 19:30:00,1142.2091,1395.6171875,253.4080810546875
5161,LSTM,2013-12-20 19:40:00,1166.7402,1298.5858154296875,131.8455810546875
5161,LSTM,2013-12-20 19:50:00,1058.7,1215.51220703125,156.812255859375
5161,LSTM,2013-12-20 20:00:00,881.5584,1135.5819091796875,254.02349853515625
5161,LSTM,2013-12-20 20:10:00,897.3151,1040.7996826171875,143.48455810546875
5161,LSTM,2013-12-20 20:20:00,777.0237,959.1791381835938,182.15545654296875
5161,LSTM,2013-12-20 20:30:00,764.11475,877.7891845703125,113.6744384765625
5161,LSTM,2013-12-20 20:40:00,716.72864,809.3974609375,92.6688232421875
5161,LSTM,2013-12-20 20:50:00,641.44116,751.8450927734375,110.4039306640625
5161,LSTM,2013-12-20 21:00:00,796.38336,697.426025390625,98.95733642578125
5161,LSTM,2013-12-20 21:10:00,612.7666,681.8723754882812,69.10577392578125
5161,LSTM,2013-12-20 21:20:00,640.7963,657.6437377929688,16.847412109375
5161,LSTM,2013-12-20 21:30:00,594.87897,639.2494506835938,44.3704833984375
5161,LSTM,2013-12-20 21:40:00,603.3621,619.81201171875,16.44989013671875
5161,LSTM,2013-12-20 21:50:00,514.1577,605.5655517578125,91.4078369140625
5161,LSTM,2013-12-20 22:00:00,460.33047,581.7379760742188,121.40750122070312
5161,LSTM,2013-12-20 22:10:00,372.44223,548.4479370117188,176.00570678710938
5161,LSTM,2013-12-20 22:20:00,336.6107,501.2425231933594,164.6318359375
5161,LSTM,2013-12-20 22:30:00,280.37225,448.9891662597656,168.61691284179688
5161,LSTM,2013-12-20 22:40:00,322.41583,393.4027404785156,70.98690795898438
5161,LSTM,2013-12-20 22:50:00,283.0952,352.5648498535156,69.46963500976562
5161,LSTM,2013-12-20 23:00:00,408.79404,319.5018310546875,89.29220581054688
5161,LSTM,2013-12-20 23:10:00,251.38527,317.5032958984375,66.11802673339844
5161,LSTM,2013-12-20 23:20:00,240.89424,305.6680603027344,64.77381896972656
5161,LSTM,2013-12-20 23:30:00,218.96948,289.32794189453125,70.35845947265625
5161,LSTM,2013-12-20 23:40:00,215.77422,269.9203796386719,54.14616394042969
5161,LSTM,2013-12-20 23:50:00,185.72182,251.92477416992188,66.20295715332031
5161,LSTM,2013-12-21 00:00:00,219.38434,232.87744140625,13.49310302734375
5161,LSTM,2013-12-21 00:10:00,211.29134,222.38455200195312,11.093215942382812
5161,LSTM,2013-12-21 00:20:00,178.29422,217.09255981445312,38.79833984375
5161,LSTM,2013-12-21 00:30:00,155.89795,210.2132110595703,54.31526184082031
5161,LSTM,2013-12-21 00:40:00,151.62741,200.15444946289062,48.52703857421875
5161,LSTM,2013-12-21 00:50:00,149.15114,189.61514282226562,40.46400451660156
5161,LSTM,2013-12-21 01:00:00,150.27457,180.40609741210938,30.13153076171875
5161,LSTM,2013-12-21 01:10:00,152.6425,173.8875732421875,21.245071411132812
5161,LSTM,2013-12-21 01:20:00,146.2899,170.57516479492188,24.285263061523438
5161,LSTM,2013-12-21 01:30:00,124.0086,168.7818603515625,44.77326202392578
5161,LSTM,2013-12-21 01:40:00,140.75584,164.67198181152344,23.9161376953125
5161,LSTM,2013-12-21 01:50:00,125.731995,163.1395721435547,37.40757751464844
5161,LSTM,2013-12-21 02:00:00,123.58931,161.07958984375,37.49028015136719
5161,LSTM,2013-12-21 02:10:00,146.92789,159.0705108642578,12.142623901367188
5161,LSTM,2013-12-21 02:20:00,124.38357,161.74185180664062,37.35828399658203
5161,LSTM,2013-12-21 02:30:00,133.63643,163.15420532226562,29.517776489257812
5161,LSTM,2013-12-21 02:40:00,151.0685,165.64376831054688,14.575271606445312
5161,LSTM,2013-12-21 02:50:00,124.377426,171.74314880371094,47.36572265625
5161,LSTM,2013-12-21 03:00:00,127.7924,174.8332977294922,47.04090118408203
5161,LSTM,2013-12-21 03:10:00,139.45918,176.83262634277344,37.373443603515625
5161,LSTM,2013-12-21 03:20:00,113.931465,180.3833770751953,66.45191192626953
5161,LSTM,2013-12-21 03:30:00,122.52346,180.40106201171875,57.877601623535156
5161,LSTM,2013-12-21 03:40:00,140.0016,180.38116455078125,40.37956237792969
5161,LSTM,2013-12-21 03:50:00,114.012665,183.78929138183594,69.77662658691406
5161,LSTM,2013-12-21 04:00:00,134.51648,184.6588592529297,50.14237976074219
5161,LSTM,2013-12-21 04:10:00,143.63506,187.93873596191406,44.303680419921875
5161,LSTM,2013-12-21 04:20:00,108.21252,194.13198852539062,85.91947174072266
5161,LSTM,2013-12-21 04:30:00,125.43553,195.52919006347656,70.09365844726562
5161,LSTM,2013-12-21 04:40:00,124.96248,197.4794921875,72.51701354980469
5161,LSTM,2013-12-21 04:50:00,126.73486,199.93443298339844,73.19956970214844
5161,LSTM,2013-12-21 05:00:00,122.21121,203.1720733642578,80.96086120605469
5161,LSTM,2013-12-21 05:10:00,121.18922,206.16192626953125,84.97270965576172
5161,LSTM,2013-12-21 05:20:00,108.15403,208.96163940429688,100.80760955810547
5161,LSTM,2013-12-21 05:30:00,142.08627,209.6082000732422,67.52192687988281
5161,LSTM,2013-12-21 05:40:00,152.99304,215.28472900390625,62.29168701171875
5161,LSTM,2013-12-21 05:50:00,118.656975,225.423583984375,106.76660919189453
5161,LSTM,2013-12-21 06:00:00,147.33125,231.346435546875,84.01518249511719
5161,LSTM,2013-12-21 06:10:00,190.5125,239.44924926757812,48.93675231933594
5161,LSTM,2013-12-21 06:20:00,157.04753,255.56495666503906,98.51742553710938
5161,LSTM,2013-12-21 06:30:00,164.99596,268.79583740234375,103.79988098144531
5161,LSTM,2013-12-21 06:40:00,186.3249,280.3545837402344,94.02967834472656
5161,LSTM,2013-12-21 06:50:00,186.68721,293.50201416015625,106.81480407714844
5161,LSTM,2013-12-21 07:00:00,205.55937,306.28839111328125,100.72901916503906
5161,LSTM,2013-12-21 07:10:00,196.1886,320.75018310546875,124.56158447265625
5161,LSTM,2013-12-21 07:20:00,191.43243,332.96600341796875,141.5335693359375
5161,LSTM,2013-12-21 07:30:00,309.6655,341.7715759277344,32.1060791015625
5161,LSTM,2013-12-21 07:40:00,279.31418,367.95751953125,88.64334106445312
5161,LSTM,2013-12-21 07:50:00,268.88684,395.4767761230469,126.58993530273438
5161,LSTM,2013-12-21 08:00:00,373.0303,418.19720458984375,45.166900634765625
5161,LSTM,2013-12-21 08:10:00,390.93958,453.04071044921875,62.10113525390625
5161,LSTM,2013-12-21 08:20:00,502.5741,493.16973876953125,9.40435791015625
5161,LSTM,2013-12-21 08:30:00,582.16016,550.0048828125,32.1552734375
5161,LSTM,2013-12-21 08:40:00,601.16113,622.1812133789062,21.02008056640625
5161,LSTM,2013-12-21 08:50:00,754.68195,696.0455932617188,58.6363525390625
5161,LSTM,2013-12-21 09:00:00,991.0584,787.2694091796875,203.78900146484375
5161,LSTM,2013-12-21 09:10:00,1191.5289,917.4790649414062,274.04986572265625
5161,LSTM,2013-12-21 09:20:00,1183.1973,1087.47216796875,95.72509765625
5161,LSTM,2013-12-21 09:30:00,1464.5922,1253.66357421875,210.9285888671875
5161,LSTM,2013-12-21 09:40:00,1627.2997,1445.1668701171875,182.1328125
5161,LSTM,2013-12-21 09:50:00,1823.7963,1652.76416015625,171.0321044921875
5161,LSTM,2013-12-21 10:00:00,1806.946,1874.6710205078125,67.7249755859375
5161,LSTM,2013-12-21 10:10:00,2013.1069,2064.554931640625,51.447998046875
5161,LSTM,2013-12-21 10:20:00,2429.8337,2242.974609375,186.859130859375
5161,LSTM,2013-12-21 10:30:00,2454.5312,2462.693115234375,8.161865234375
5161,LSTM,2013-12-21 10:40:00,2610.0925,2664.667724609375,54.5751953125
5161,LSTM,2013-12-21 10:50:00,3039.9407,2844.328369140625,195.6123046875
5161,LSTM,2013-12-21 11:00:00,3289.7625,3057.6533203125,232.109130859375
5161,LSTM,2013-12-21 11:10:00,3277.9907,3291.098876953125,13.108154296875
5161,LSTM,2013-12-21 11:20:00,3280.9685,3480.737548828125,199.76904296875
5161,LSTM,2013-12-21 11:30:00,3712.048,3605.77685546875,106.271240234375
5161,LSTM,2013-12-21 11:40:00,3323.208,3758.120849609375,434.912841796875
5161,LSTM,2013-12-21 11:50:00,3579.2656,3803.67626953125,224.41064453125
5161,LSTM,2013-12-21 12:00:00,3672.2627,3836.7451171875,164.482421875
5161,LSTM,2013-12-21 12:10:00,3719.9592,3867.4560546875,147.496826171875
5161,LSTM,2013-12-21 12:20:00,3381.267,3893.783447265625,512.516357421875
5161,LSTM,2013-12-21 12:30:00,3742.5396,3833.436279296875,90.896728515625
5161,LSTM,2013-12-21 12:40:00,3613.5344,3814.293701171875,200.75927734375
5161,LSTM,2013-12-21 12:50:00,3626.5444,3782.638916015625,156.094482421875
5161,LSTM,2013-12-21 13:00:00,3952.7932,3749.79931640625,202.993896484375
5161,LSTM,2013-12-21 13:10:00,4221.1035,3788.1533203125,432.9501953125
5161,LSTM,2013-12-21 13:20:00,4256.292,3907.79638671875,348.49560546875
5161,LSTM,2013-12-21 13:30:00,4343.9814,4050.871337890625,293.110107421875
5161,LSTM,2013-12-21 13:40:00,4247.0474,4197.6123046875,49.43505859375
5161,LSTM,2013-12-21 13:50:00,4482.817,4295.96337890625,186.853515625
5161,LSTM,2013-12-21 14:00:00,4332.155,4402.783203125,70.62841796875
5161,LSTM,2013-12-21 14:10:00,4579.6787,4456.16748046875,123.51123046875
5161,LSTM,2013-12-21 14:20:00,4600.0444,4526.3544921875,73.68994140625
5161,LSTM,2013-12-21 14:30:00,4888.6743,4590.70068359375,297.9736328125
5161,LSTM,2013-12-21 14:40:00,4814.1216,4701.232421875,112.88916015625
5161,LSTM,2013-12-21 14:50:00,5115.5303,4791.76171875,323.7685546875
5161,LSTM,2013-12-21 15:00:00,4931.132,4921.05419921875,10.07763671875
5161,LSTM,2013-12-21 15:10:00,5197.4214,4997.677734375,199.74365234375
5161,LSTM,2013-12-21 15:20:00,5152.1006,5092.6015625,59.4990234375
5161,LSTM,2013-12-21 15:30:00,5161.938,5161.619140625,0.31884765625
5161,LSTM,2013-12-21 15:40:00,5238.3193,5203.65087890625,34.66845703125
5161,LSTM,2013-12-21 15:50:00,5195.2695,5237.166015625,41.896484375
5161,LSTM,2013-12-21 16:00:00,5096.8105,5244.84912109375,148.03857421875
5161,LSTM,2013-12-21 16:10:00,4723.406,5211.8515625,488.44580078125
5161,LSTM,2013-12-21 16:20:00,4707.66,5076.59521484375,368.93505859375
5161,LSTM,2013-12-21 16:30:00,4619.0444,4912.201171875,293.15673828125
5161,LSTM,2013-12-21 16:40:00,4474.9863,4739.5009765625,264.5146484375
5161,LSTM,2013-12-21 16:50:00,4293.826,4560.30810546875,266.48193359375
5161,LSTM,2013-12-21 17:00:00,4229.715,4370.732421875,141.017578125
5161,LSTM,2013-12-21 17:10:00,3847.8635,4198.57470703125,350.711181640625
5161,LSTM,2013-12-21 17:20:00,3759.3162,3984.7431640625,225.427001953125
5161,LSTM,2013-12-21 17:30:00,3328.4038,3776.51416015625,448.1103515625
5161,LSTM,2013-12-21 17:40:00,3298.8416,3520.425537109375,221.583984375
5161,LSTM,2013-12-21 17:50:00,3376.934,3289.13037109375,87.8037109375
5161,LSTM,2013-12-21 18:00:00,3115.2852,3133.33203125,18.046875
5161,LSTM,2013-12-21 18:10:00,2839.4736,2993.884765625,154.4111328125
5161,LSTM,2013-12-21 18:20:00,2628.2603,2839.165283203125,210.905029296875
5161,LSTM,2013-12-21 18:30:00,2649.7197,2669.614013671875,19.894287109375
5161,LSTM,2013-12-21 18:40:00,2409.6824,2534.7353515625,125.052978515625
5161,LSTM,2013-12-21 18:50:00,2318.0325,2398.75341796875,80.720947265625
5161,LSTM,2013-12-21 19:00:00,2096.1624,2275.424072265625,179.26171875
5161,LSTM,2013-12-21 19:10:00,1898.765,2142.374755859375,243.6097412109375
5161,LSTM,2013-12-21 19:20:00,1636.9043,1995.7120361328125,358.8077392578125
5161,LSTM,2013-12-21 19:30:00,1420.6627,1823.260986328125,402.5982666015625
5161,LSTM,2013-12-21 19:40:00,1195.5848,1632.70703125,437.1221923828125
5161,LSTM,2013-12-21 19:50:00,1291.7339,1429.2930908203125,137.5592041015625
5161,LSTM,2013-12-21 20:00:00,1121.3544,1276.891845703125,155.5374755859375
5161,LSTM,2013-12-21 20:10:00,1123.2998,1148.174560546875,24.874755859375
5161,LSTM,2013-12-21 20:20:00,1009.4167,1057.563720703125,48.14703369140625
5161,LSTM,2013-12-21 20:30:00,1009.57367,984.111083984375,25.46258544921875
5161,LSTM,2013-12-21 20:40:00,845.9599,934.990478515625,89.03057861328125
5161,LSTM,2013-12-21 20:50:00,824.4452,880.0689697265625,55.623779296875
5161,LSTM,2013-12-21 21:00:00,1049.9863,830.4948120117188,219.49151611328125
5161,LSTM,2013-12-21 21:10:00,899.4314,834.0568237304688,65.37457275390625
5161,LSTM,2013-12-21 21:20:00,778.83716,839.2931518554688,60.45599365234375
5161,LSTM,2013-12-21 21:30:00,784.3658,825.4851684570312,41.119384765625
5161,LSTM,2013-12-21 21:40:00,847.26514,807.0009765625,40.26416015625
5161,LSTM,2013-12-21 21:50:00,807.616,801.6875610351562,5.928466796875
5161,LSTM,2013-12-21 22:00:00,717.5035,798.2298583984375,80.72637939453125
5161,LSTM,2013-12-21 22:10:00,554.8814,781.6095581054688,226.7281494140625
5161,LSTM,2013-12-21 22:20:00,431.04718,733.4314575195312,302.38427734375
5161,LSTM,2013-12-21 22:30:00,450.61215,656.3720092773438,205.75985717773438
5161,LSTM,2013-12-21 22:40:00,378.2581,581.2562255859375,202.99813842773438
5161,LSTM,2013-12-21 22:50:00,413.0446,507.2786560058594,94.23406982421875
5161,LSTM,2013-12-21 23:00:00,416.8296,452.2592468261719,35.429656982421875
5161,LSTM,2013-12-21 23:10:00,471.00955,416.7465515136719,54.26300048828125
5161,LSTM,2013-12-21 23:20:00,364.3126,406.6571960449219,42.3446044921875
5161,LSTM,2013-12-21 23:30:00,317.07718,393.5632629394531,76.486083984375
5161,LSTM,2013-12-21 23:40:00,296.8996,373.5561218261719,76.65652465820312
5161,LSTM,2013-12-21 23:50:00,202.74721,350.27447509765625,147.5272674560547
5161,LSTM,2013-12-22 00:00:00,218.88101,313.5636291503906,94.6826171875
5161,LSTM,2013-12-22 00:10:00,220.17168,278.9710388183594,58.79936218261719
5161,LSTM,2013-12-22 00:20:00,203.0266,251.5811004638672,48.55450439453125
5161,LSTM,2013-12-22 00:30:00,209.5705,229.7803955078125,20.20989990234375
5161,LSTM,2013-12-22 00:40:00,187.73396,215.8087615966797,28.074798583984375
5161,LSTM,2013-12-22 00:50:00,179.95674,204.8233642578125,24.866622924804688
5161,LSTM,2013-12-22 01:00:00,176.40178,196.2117156982422,19.8099365234375
5161,LSTM,2013-12-22 01:10:00,158.61143,190.0125732421875,31.401138305664062
5161,LSTM,2013-12-22 01:20:00,179.7534,183.4901885986328,3.736785888671875
5161,LSTM,2013-12-22 01:30:00,155.42879,181.8285675048828,26.3997802734375
5161,LSTM,2013-12-22 01:40:00,161.61684,179.3589324951172,17.742095947265625
5161,LSTM,2013-12-22 01:50:00,163.42894,178.33322143554688,14.904281616210938
5161,LSTM,2013-12-22 02:00:00,154.28816,178.9856414794922,24.697479248046875
5161,LSTM,2013-12-22 02:10:00,142.01357,179.33482360839844,37.321258544921875
5161,LSTM,2013-12-22 02:20:00,155.68127,177.81199645996094,22.130722045898438
5161,LSTM,2013-12-22 02:30:00,147.15718,178.24107360839844,31.083892822265625
5161,LSTM,2013-12-22 02:40:00,156.03911,178.63014221191406,22.591033935546875
5161,LSTM,2013-12-22 02:50:00,151.39172,180.85255432128906,29.460830688476562
5161,LSTM,2013-12-22 03:00:00,144.24457,183.34979248046875,39.105224609375
5161,LSTM,2013-12-22 03:10:00,145.34608,184.80775451660156,39.461669921875
5161,LSTM,2013-12-22 03:20:00,149.29715,186.0672607421875,36.770111083984375
5161,LSTM,2013-12-22 03:30:00,156.20477,188.11029052734375,31.905517578125
5161,LSTM,2013-12-22 03:40:00,148.22444,191.86746215820312,43.64302062988281
5161,LSTM,2013-12-22 03:50:00,137.28139,195.06405639648438,57.78266906738281
5161,LSTM,2013-12-22 04:00:00,175.68718,196.02691650390625,20.339736938476562
5161,LSTM,2013-12-22 04:10:00,188.8816,202.5826416015625,13.701034545898438
5161,LSTM,2013-12-22 04:20:00,153.52303,213.96664428710938,60.44361877441406
5161,LSTM,2013-12-22 04:30:00,166.23944,220.7571563720703,54.51771545410156
5161,LSTM,2013-12-22 04:40:00,139.73802,226.61349487304688,86.87547302246094
5161,LSTM,2013-12-22 04:50:00,167.06377,227.0525360107422,59.98876953125
5161,LSTM,2013-12-22 05:00:00,157.21971,229.5677947998047,72.34808349609375
5161,LSTM,2013-12-22 05:10:00,191.82173,231.67959594726562,39.85786437988281
5161,LSTM,2013-12-22 05:20:00,174.44112,239.61988830566406,65.17877197265625
5161,LSTM,2013-12-22 05:30:00,181.11992,247.13868713378906,66.01876831054688
5161,LSTM,2013-12-22 05:40:00,198.58919,254.9022979736328,56.3131103515625
5161,LSTM,2013-12-22 05:50:00,175.94362,265.12664794921875,89.18302917480469
5161,LSTM,2013-12-22 06:00:00,185.95343,271.8592529296875,85.90582275390625
5161,LSTM,2013-12-22 06:10:00,169.4521,277.8483581542969,108.39625549316406
5161,LSTM,2013-12-22 06:20:00,143.36398,280.2338562011719,136.869873046875
5161,LSTM,2013-12-22 06:30:00,193.89926,276.2875061035156,82.38824462890625
5161,LSTM,2013-12-22 06:40:00,184.47607,278.4671936035156,93.99111938476562
5161,LSTM,2013-12-22 06:50:00,240.31914,282.6512145996094,42.33207702636719
5161,LSTM,2013-12-22 07:00:00,326.52258,297.296142578125,29.2264404296875
5161,LSTM,2013-12-22 07:10:00,215.69339,330.8922119140625,115.19882202148438
5161,LSTM,2013-12-22 07:20:00,260.60254,351.6988220214844,91.09628295898438
5161,LSTM,2013-12-22 07:30:00,264.78928,370.30181884765625,105.51254272460938
5161,LSTM,2013-12-22 07:40:00,250.56297,386.21246337890625,135.6494903564453
5161,LSTM,2013-12-22 07:50:00,314.787,396.36065673828125,81.57366943359375
5161,LSTM,2013-12-22 08:00:00,313.99716,413.2699279785156,99.27276611328125
5161,LSTM,2013-12-22 08:10:00,307.73666,431.8020935058594,124.0654296875
5161,LSTM,2013-12-22 08:20:00,368.32416,447.73858642578125,79.4144287109375
5161,LSTM,2013-12-22 08:30:00,479.69916,470.5801086425781,9.119049072265625
5161,LSTM,2013-12-22 08:40:00,485.31552,513.5556030273438,28.240081787109375
5161,LSTM,2013-12-22 08:50:00,637.48254,562.856689453125,74.6258544921875
5161,LSTM,2013-12-22 09:00:00,769.5695,635.2955322265625,134.27398681640625
5161,LSTM,2013-12-22 09:10:00,1042.939,733.8455810546875,309.0933837890625
5161,LSTM,2013-12-22 09:20:00,1120.0114,881.9896850585938,238.02166748046875
5161,LSTM,2013-12-22 09:30:00,1506.1578,1051.0185546875,455.1392822265625
5161,LSTM,2013-12-22 09:40:00,1612.749,1278.511474609375,334.237548828125
5161,LSTM,2013-12-22 09:50:00,1948.4683,1525.8408203125,422.62744140625
5161,LSTM,2013-12-22 10:00:00,1964.9064,1811.15673828125,153.7496337890625
5161,LSTM,2013-12-22 10:10:00,2264.9587,2075.58984375,189.368896484375
5161,LSTM,2013-12-22 10:20:00,2556.0422,2342.35791015625,213.684326171875
5161,LSTM,2013-12-22 10:30:00,2781.1304,2618.909912109375,162.220458984375
5161,LSTM,2013-12-22 10:40:00,2721.041,2890.828369140625,169.787353515625
5161,LSTM,2013-12-22 10:50:00,2945.836,3089.422607421875,143.586669921875
5161,LSTM,2013-12-22 11:00:00,3088.5342,3249.107666015625,160.573486328125
5161,LSTM,2013-12-22 11:10:00,3307.9297,3377.738525390625,69.808837890625
5161,LSTM,2013-12-22 11:20:00,3401.1375,3502.681884765625,101.54443359375
5161,LSTM,2013-12-22 11:30:00,3480.9958,3612.830810546875,131.8349609375
5161,LSTM,2013-12-22 11:40:00,3382.0596,3703.685791015625,321.626220703125
5161,LSTM,2013-12-22 11:50:00,3540.3796,3738.8955078125,198.515869140625
5161,LSTM,2013-12-22 12:00:00,3520.159,3766.227294921875,246.068359375
5161,LSTM,2013-12-22 12:10:00,3635.4126,3771.667724609375,136.255126953125
5161,LSTM,2013-12-22 12:20:00,3604.9355,3783.09130859375,178.15576171875
5161,LSTM,2013-12-22 12:30:00,3322.62,3781.8095703125,459.189453125
5161,LSTM,2013-12-22 12:40:00,3709.6125,3708.826416015625,0.7861328125
5161,LSTM,2013-12-22 12:50:00,3698.953,3692.781982421875,6.1708984375
5161,LSTM,2013-12-22 13:00:00,3807.0195,3698.31494140625,108.70458984375
5161,LSTM,2013-12-22 13:10:00,3881.282,3734.0234375,147.258544921875
5161,LSTM,2013-12-22 13:20:00,4090.7812,3791.1552734375,299.6259765625
5161,LSTM,2013-12-22 13:30:00,4110.3506,3891.562255859375,218.788330078125
5161,LSTM,2013-12-22 13:40:00,4074.6938,3996.813232421875,77.880615234375
5161,LSTM,2013-12-22 13:50:00,3939.6633,4076.33740234375,136.674072265625
5161,LSTM,2013-12-22 14:00:00,4441.4775,4097.7021484375,343.775390625
5161,LSTM,2013-12-22 14:10:00,4475.815,4194.58984375,281.22509765625
5161,LSTM,2013-12-22 14:20:00,4638.5596,4312.71044921875,325.84912109375
5161,LSTM,2013-12-22 14:30:00,4911.654,4454.20703125,457.44677734375
5161,LSTM,2013-12-22 14:40:00,4693.617,4638.88671875,54.73046875
5161,LSTM,2013-12-22 14:50:00,4772.321,4758.08349609375,14.2373046875
5161,LSTM,2013-12-22 15:00:00,4917.944,4839.75537109375,78.1884765625
5161,LSTM,2013-12-22 15:10:00,5202.037,4915.52734375,286.509765625
5161,LSTM,2013-12-22 15:20:00,5496.4404,5032.552734375,463.8876953125
5161,LSTM,2013-12-22 15:30:00,5148.8115,5207.97705078125,59.16552734375
5161,LSTM,2013-12-22 15:40:00,5170.4727,5293.94775390625,123.47509765625
5161,LSTM,2013-12-22 15:50:00,5197.569,5324.1962890625,126.62744140625
5161,LSTM,2013-12-22 16:00:00,5111.876,5321.291015625,209.4150390625
5161,LSTM,2013-12-22 16:10:00,5203.0317,5276.6376953125,73.60595703125
5161,LSTM,2013-12-22 16:20:00,4704.4346,5235.5869140625,531.15234375
5161,LSTM,2013-12-22 16:30:00,4574.6064,5084.01416015625,509.40771484375
5161,LSTM,2013-12-22 16:40:00,4689.8677,4877.96142578125,188.09375
5161,LSTM,2013-12-22 16:50:00,4508.6577,4705.837890625,197.18017578125
5161,LSTM,2013-12-22 17:00:00,4076.4365,4537.2353515625,460.798828125
5161,LSTM,2013-12-22 17:10:00,3945.8662,4306.56103515625,360.69482421875
5161,LSTM,2013-12-22 17:20:00,3792.1099,4063.928466796875,271.818603515625
5161,LSTM,2013-12-22 17:30:00,3426.2136,3828.886962890625,402.67333984375
5161,LSTM,2013-12-22 17:40:00,3258.95,3566.0322265625,307.082275390625
5161,LSTM,2013-12-22 17:50:00,3132.6306,3309.25927734375,176.628662109375
5161,LSTM,2013-12-22 18:00:00,2755.7332,3081.865234375,326.132080078125
5161,LSTM,2013-12-22 18:10:00,2439.4658,2838.95654296875,399.49072265625
5161,LSTM,2013-12-22 18:20:00,2133.372,2577.1064453125,443.734375
5161,LSTM,2013-12-22 18:30:00,1886.3403,2300.514892578125,414.174560546875
5161,LSTM,2013-12-22 18:40:00,1736.2622,2026.3597412109375,290.0975341796875
5161,LSTM,2013-12-22 18:50:00,1414.5424,1781.4197998046875,366.87744140625
5161,LSTM,2013-12-22 19:00:00,1426.4116,1540.8687744140625,114.4571533203125
5161,LSTM,2013-12-22 19:10:00,1313.5432,1354.8665771484375,41.3233642578125
5161,LSTM,2013-12-22 19:20:00,1210.7015,1213.6248779296875,2.92333984375
5161,LSTM,2013-12-22 19:30:00,1004.9643,1106.729736328125,101.76544189453125
5161,LSTM,2013-12-22 19:40:00,878.2758,1004.0283203125,125.75250244140625
5161,LSTM,2013-12-22 19:50:00,916.84094,903.7847900390625,13.05615234375
5161,LSTM,2013-12-22 20:00:00,756.34454,833.1864013671875,76.84185791015625
5161,LSTM,2013-12-22 20:10:00,573.801,764.9122924804688,191.11126708984375
5161,LSTM,2013-12-22 20:20:00,561.53125,681.085693359375,119.554443359375
5161,LSTM,2013-12-22 20:30:00,604.3314,604.39599609375,0.0645751953125
5161,LSTM,2013-12-22 20:40:00,415.2736,553.7943725585938,138.52078247070312
5161,LSTM,2013-12-22 20:50:00,512.7652,494.3464660644531,18.418731689453125
5161,LSTM,2013-12-22 21:00:00,696.9035,458.86749267578125,238.0360107421875
5161,LSTM,2013-12-22 21:10:00,547.44727,474.4352722167969,73.01199340820312
5161,LSTM,2013-12-22 21:20:00,431.02182,489.515625,58.493804931640625
5161,LSTM,2013-12-22 21:30:00,381.10562,483.496826171875,102.39120483398438
5161,LSTM,2013-12-22 21:40:00,402.65027,460.30828857421875,57.65802001953125
5161,LSTM,2013-12-22 21:50:00,363.70206,436.8380432128906,73.135986328125
5161,LSTM,2013-12-22 22:00:00,364.70593,411.2909851074219,46.585052490234375
5161,LSTM,2013-12-22 22:10:00,293.6267,389.78076171875,96.154052734375
5161,LSTM,2013-12-22 22:20:00,271.79803,362.3160095214844,90.51797485351562
5161,LSTM,2013-12-22 22:30:00,254.00238,332.9996643066406,78.99728393554688
5161,LSTM,2013-12-22 22:40:00,280.6933,304.8009948730469,24.107696533203125
5161,LSTM,2013-12-22 22:50:00,230.58522,286.59942626953125,56.01420593261719
5161,LSTM,2013-12-22 23:00:00,387.96762,268.3951416015625,119.57247924804688
5161,LSTM,2013-12-22 23:10:00,304.68597,280.2147521972656,24.471221923828125
5161,LSTM,2013-12-22 23:20:00,224.13417,292.2999572753906,68.16578674316406
5161,LSTM,2013-12-22 23:30:00,207.78978,289.5025329589844,81.71275329589844
5161,LSTM,2013-12-22 23:40:00,174.19856,276.9939880371094,102.79542541503906
5161,LSTM,2013-12-22 23:50:00,156.3859,256.0724792480469,99.68658447265625
5161,TCN,2013-12-16 00:00:00,235.49236,291.3718566894531,55.87950134277344
5161,TCN,2013-12-16 00:10:00,268.69864,273.3371887207031,4.6385498046875
5161,TCN,2013-12-16 00:20:00,252.07265,259.5257568359375,7.4531097412109375
5161,TCN,2013-12-16 00:30:00,218.37958,250.53282165527344,32.15324401855469
5161,TCN,2013-12-16 00:40:00,231.68239,239.87799072265625,8.195602416992188
5161,TCN,2013-12-16 00:50:00,209.62328,231.5211639404297,21.89788818359375
5161,TCN,2013-12-16 01:00:00,209.11711,219.79702758789062,10.679916381835938
5161,TCN,2013-12-16 01:10:00,235.20218,216.55422973632812,18.64794921875
5161,TCN,2013-12-16 01:20:00,214.24268,206.79046630859375,7.45220947265625
5161,TCN,2013-12-16 01:30:00,207.96501,203.0264892578125,4.9385223388671875
5161,TCN,2013-12-16 01:40:00,218.90169,194.07366943359375,24.828018188476562
5161,TCN,2013-12-16 01:50:00,192.52118,189.76321411132812,2.757965087890625
5161,TCN,2013-12-16 02:00:00,199.50375,188.01080322265625,11.492950439453125
5161,TCN,2013-12-16 02:10:00,205.08748,189.60391235351562,15.483566284179688
5161,TCN,2013-12-16 02:20:00,198.84103,197.18511962890625,1.655914306640625
5161,TCN,2013-12-16 02:30:00,199.28387,196.9193878173828,2.3644866943359375
5161,TCN,2013-12-16 02:40:00,209.12245,201.55145263671875,7.5709991455078125
5161,TCN,2013-12-16 02:50:00,184.26079,200.3570098876953,16.096221923828125
5161,TCN,2013-12-16 03:00:00,201.11852,203.79795837402344,2.679443359375
5161,TCN,2013-12-16 03:10:00,209.11015,199.6912841796875,9.418869018554688
5161,TCN,2013-12-16 03:20:00,183.43298,192.4813232421875,9.04833984375
5161,TCN,2013-12-16 03:30:00,199.95718,181.80577087402344,18.151412963867188
5161,TCN,2013-12-16 03:40:00,200.8317,166.40875244140625,34.422943115234375
5161,TCN,2013-12-16 03:50:00,179.1481,161.74984741210938,17.39825439453125
5161,TCN,2013-12-16 04:00:00,210.14604,153.1997833251953,56.946258544921875
5161,TCN,2013-12-16 04:10:00,205.14394,149.7386932373047,55.405242919921875
5161,TCN,2013-12-16 04:20:00,189.92653,149.2909698486328,40.63555908203125
5161,TCN,2013-12-16 04:30:00,202.23596,147.88499450683594,54.35096740722656
5161,TCN,2013-12-16 04:40:00,209.58281,142.83192443847656,66.75088500976562
5161,TCN,2013-12-16 04:50:00,187.69508,137.05624389648438,50.63883972167969
5161,TCN,2013-12-16 05:00:00,199.13739,141.20504760742188,57.932342529296875
5161,TCN,2013-12-16 05:10:00,207.1426,146.19082641601562,60.95176696777344
5161,TCN,2013-12-16 05:20:00,193.52405,141.98995971679688,51.534088134765625
5161,TCN,2013-12-16 05:30:00,233.35509,146.2877960205078,87.06729125976562
5161,TCN,2013-12-16 05:40:00,318.2609,203.40023803710938,114.86065673828125
5161,TCN,2013-12-16 05:50:00,289.03192,235.64744567871094,53.38447570800781
5161,TCN,2013-12-16 06:00:00,270.34906,260.4709777832031,9.878082275390625
5161,TCN,2013-12-16 06:10:00,247.3762,281.7140808105469,34.33787536621094
5161,TCN,2013-12-16 06:20:00,269.4001,299.0124816894531,29.612396240234375
5161,TCN,2013-12-16 06:30:00,277.7562,317.4549255371094,39.69873046875
5161,TCN,2013-12-16 06:40:00,299.50864,337.2372741699219,37.7286376953125
5161,TCN,2013-12-16 06:50:00,318.23898,358.8931579589844,40.6541748046875
5161,TCN,2013-12-16 07:00:00,395.32355,383.7038269042969,11.619720458984375
5161,TCN,2013-12-16 07:10:00,432.19437,405.6623229980469,26.53204345703125
5161,TCN,2013-12-16 07:20:00,419.6882,434.4333801269531,14.74517822265625
5161,TCN,2013-12-16 07:30:00,572.12714,467.5630798339844,104.56405639648438
5161,TCN,2013-12-16 07:40:00,695.29205,513.9376220703125,181.35443115234375
5161,TCN,2013-12-16 07:50:00,704.80206,557.03271484375,147.76934814453125
5161,TCN,2013-12-16 08:00:00,789.2132,627.2967529296875,161.91644287109375
5161,TCN,2013-12-16 08:10:00,869.79865,703.1909790039062,166.607666015625
5161,TCN,2013-12-16 08:20:00,834.4706,850.725830078125,16.2552490234375
5161,TCN,2013-12-16 08:30:00,946.5521,963.1000366210938,16.54791259765625
5161,TCN,2013-12-16 08:40:00,943.60834,1091.8568115234375,148.24847412109375
5161,TCN,2013-12-16 08:50:00,961.70447,1183.766357421875,222.0618896484375
5161,TCN,2013-12-16 09:00:00,1011.94965,1256.788818359375,244.83917236328125
5161,TCN,2013-12-16 09:10:00,947.59705,1310.5146484375,362.9176025390625
5161,TCN,2013-12-16 09:20:00,1048.656,1356.9320068359375,308.2760009765625
5161,TCN,2013-12-16 09:30:00,1179.4794,1401.950439453125,222.4710693359375
5161,TCN,2013-12-16 09:40:00,1383.9191,1457.2420654296875,73.322998046875
5161,TCN,2013-12-16 09:50:00,1328.7418,1512.451904296875,183.7100830078125
5161,TCN,2013-12-16 10:00:00,1379.0597,1572.776123046875,193.7164306640625
5161,TCN,2013-12-16 10:10:00,1550.8689,1640.150146484375,89.28125
5161,TCN,2013-12-16 10:20:00,1559.0098,1720.64892578125,161.63916015625
5161,TCN,2013-12-16 10:30:00,1864.4413,1782.6497802734375,81.79150390625
5161,TCN,2013-12-16 10:40:00,1848.016,1856.1988525390625,8.182861328125
5161,TCN,2013-12-16 10:50:00,1709.3956,1898.4534912109375,189.057861328125
5161,TCN,2013-12-16 11:00:00,1961.1587,1924.3472900390625,36.8114013671875
5161,TCN,2013-12-16 11:10:00,2086.6458,1957.313232421875,129.33251953125
5161,TCN,2013-12-16 11:20:00,1910.0787,2002.613525390625,92.5347900390625
5161,TCN,2013-12-16 11:30:00,2116.0876,2025.6700439453125,90.4176025390625
5161,TCN,2013-12-16 11:40:00,2292.748,2073.0439453125,219.7041015625
5161,TCN,2013-12-16 11:50:00,2109.0095,2097.66064453125,11.348876953125
5161,TCN,2013-12-16 12:00:00,2360.4446,2137.321044921875,223.12353515625
5161,TCN,2013-12-16 12:10:00,2505.1448,2186.27734375,318.867431640625
5161,TCN,2013-12-16 12:20:00,2585.238,2222.61669921875,362.621337890625
5161,TCN,2013-12-16 12:30:00,2969.4912,2260.829345703125,708.661865234375
5161,TCN,2013-12-16 12:40:00,3057.33,2314.390625,742.939453125
5161,TCN,2013-12-16 12:50:00,2938.056,2388.728759765625,549.3271484375
5161,TCN,2013-12-16 13:00:00,2866.0698,2474.71533203125,391.3544921875
5161,TCN,2013-12-16 13:10:00,2798.73,2530.104248046875,268.625732421875
5161,TCN,2013-12-16 13:20:00,2803.0942,2576.33740234375,226.7568359375
5161,TCN,2013-12-16 13:30:00,2646.84,2620.88330078125,25.956787109375
5161,TCN,2013-12-16 13:40:00,2462.6577,2608.359619140625,145.701904296875
5161,TCN,2013-12-16 13:50:00,2350.5298,2597.696533203125,247.166748046875
5161,TCN,2013-12-16 14:00:00,2328.2554,2573.208251953125,244.952880859375
5161,TCN,2013-12-16 14:10:00,2480.486,2576.8232421875,96.337158203125
5161,TCN,2013-12-16 14:20:00,2310.5579,2572.216796875,261.658935546875
5161,TCN,2013-12-16 14:30:00,2615.6433,2549.10986328125,66.533447265625
5161,TCN,2013-12-16 14:40:00,2538.4104,2584.2705078125,45.860107421875
5161,TCN,2013-12-16 14:50:00,2448.4739,2579.57177734375,131.097900390625
5161,TCN,2013-12-16 15:00:00,2772.0137,2588.894775390625,183.118896484375
5161,TCN,2013-12-16 15:10:00,2690.5195,2589.38427734375,101.13525390625
5161,TCN,2013-12-16 15:20:00,2592.648,2590.22265625,2.42529296875
5161,TCN,2013-12-16 15:30:00,2785.3909,2587.2705078125,198.120361328125
5161,TCN,2013-12-16 15:40:00,2619.2585,2584.169189453125,35.08935546875
5161,TCN,2013-12-16 15:50:00,2633.5862,2571.453125,62.133056640625
5161,TCN,2013-12-16 16:00:00,2544.4758,2587.462646484375,42.98681640625
5161,TCN,2013-12-16 16:10:00,2674.0369,2580.533203125,93.503662109375
5161,TCN,2013-12-16 16:20:00,2557.1147,2591.37548828125,34.2607421875
5161,TCN,2013-12-16 16:30:00,2391.7551,2570.388671875,178.633544921875
5161,TCN,2013-12-16 16:40:00,2553.3015,2549.659423828125,3.64208984375
5161,TCN,2013-12-16 16:50:00,2696.6912,2521.463623046875,175.2275390625
5161,TCN,2013-12-16 17:00:00,2386.3591,2498.049560546875,111.6904296875
5161,TCN,2013-12-16 17:10:00,2363.5815,2460.245849609375,96.664306640625
5161,TCN,2013-12-16 17:20:00,2429.09,2423.671142578125,5.4189453125
5161,TCN,2013-12-16 17:30:00,2416.3308,2385.69677734375,30.634033203125
5161,TCN,2013-12-16 17:40:00,2332.4739,2359.41845703125,26.944580078125
5161,TCN,2013-12-16 17:50:00,2197.7908,2316.908447265625,119.11767578125
5161,TCN,2013-12-16 18:00:00,2127.2327,2271.962158203125,144.7294921875
5161,TCN,2013-12-16 18:10:00,2131.437,2201.263916015625,69.826904296875
5161,TCN,2013-12-16 18:20:00,1931.2819,2087.154052734375,155.8721923828125
5161,TCN,2013-12-16 18:30:00,1857.6206,1928.9114990234375,71.2908935546875
5161,TCN,2013-12-16 18:40:00,1720.8193,1801.791259765625,80.971923828125
5161,TCN,2013-12-16 18:50:00,1719.8895,1653.226806640625,66.6627197265625
5161,TCN,2013-12-16 19:00:00,1494.5803,1560.505615234375,65.92529296875
5161,TCN,2013-12-16 19:10:00,1387.2498,1421.466552734375,34.216796875
5161,TCN,2013-12-16 19:20:00,1310.2694,1315.626220703125,5.3568115234375
5161,TCN,2013-12-16 19:30:00,1161.1025,1230.786376953125,69.683837890625
5161,TCN,2013-12-16 19:40:00,1097.789,1187.4688720703125,89.679931640625
5161,TCN,2013-12-16 19:50:00,1052.019,1149.126708984375,97.107666015625
5161,TCN,2013-12-16 20:00:00,966.3625,1115.756591796875,149.39410400390625
5161,TCN,2013-12-16 20:10:00,789.50476,1079.7650146484375,290.26025390625
5161,TCN,2013-12-16 20:20:00,889.26215,1049.83056640625,160.56842041015625
5161,TCN,2013-12-16 20:30:00,790.8689,1006.3070068359375,215.4381103515625
5161,TCN,2013-12-16 20:40:00,795.4714,968.9258422851562,173.4544677734375
5161,TCN,2013-12-16 20:50:00,769.1046,927.2234497070312,158.11883544921875
5161,TCN,2013-12-16 21:00:00,695.05756,881.9852294921875,186.92767333984375
5161,TCN,2013-12-16 21:10:00,614.00037,834.3594360351562,220.35906982421875
5161,TCN,2013-12-16 21:20:00,642.0887,785.9971313476562,143.908447265625
5161,TCN,2013-12-16 21:30:00,682.7367,751.406005859375,68.6693115234375
5161,TCN,2013-12-16 21:40:00,582.5713,716.9825439453125,134.4112548828125
5161,TCN,2013-12-16 21:50:00,860.38293,682.6219482421875,177.760986328125
5161,TCN,2013-12-16 22:00:00,633.47144,652.5107421875,19.039306640625
5161,TCN,2013-12-16 22:10:00,543.3787,625.8379516601562,82.459228515625
5161,TCN,2013-12-16 22:20:00,597.4092,604.4345703125,7.025390625
5161,TCN,2013-12-16 22:30:00,610.5447,576.5796508789062,33.96502685546875
5161,TCN,2013-12-16 22:40:00,333.73605,556.2009887695312,222.46493530273438
5161,TCN,2013-12-16 22:50:00,394.0917,524.4402465820312,130.34854125976562
5161,TCN,2013-12-16 23:00:00,417.16583,505.4435119628906,88.27767944335938
5161,TCN,2013-12-16 23:10:00,311.1909,478.66693115234375,167.47604370117188
5161,TCN,2013-12-16 23:20:00,445.8625,454.6343688964844,8.771881103515625
5161,TCN,2013-12-16 23:30:00,342.1666,424.7963562011719,82.6297607421875
5161,TCN,2013-12-16 23:40:00,318.08643,394.9006042480469,76.81417846679688
5161,TCN,2013-12-16 23:50:00,304.5793,373.6456604003906,69.06634521484375
5161,TCN,2013-12-17 00:00:00,302.76498,352.3743896484375,49.609405517578125
5161,TCN,2013-12-17 00:10:00,232.73167,332.8490905761719,100.11741638183594
5161,TCN,2013-12-17 00:20:00,268.7748,321.6394958496094,52.86468505859375
5161,TCN,2013-12-17 00:30:00,226.4829,308.1708068847656,81.68791198730469
5161,TCN,2013-12-17 00:40:00,187.17807,294.64593505859375,107.46786499023438
5161,TCN,2013-12-17 00:50:00,223.17186,279.536865234375,56.36500549316406
5161,TCN,2013-12-17 01:00:00,234.36075,269.77099609375,35.410247802734375
5161,TCN,2013-12-17 01:10:00,216.70508,262.49285888671875,45.78778076171875
5161,TCN,2013-12-17 01:20:00,229.82294,250.21470642089844,20.391769409179688
5161,TCN,2013-12-17 01:30:00,209.51703,241.82931518554688,32.312286376953125
5161,TCN,2013-12-17 01:40:00,183.1384,233.6185760498047,50.48017883300781
5161,TCN,2013-12-17 01:50:00,202.82635,225.93020629882812,23.103851318359375
5161,TCN,2013-12-17 02:00:00,204.51138,220.5952606201172,16.083877563476562
5161,TCN,2013-12-17 02:10:00,173.6049,216.98394775390625,43.37904357910156
5161,TCN,2013-12-17 02:20:00,195.62657,213.24099731445312,17.614425659179688
5161,TCN,2013-12-17 02:30:00,199.54,213.421142578125,13.881149291992188
5161,TCN,2013-12-17 02:40:00,188.96452,208.08792114257812,19.123397827148438
5161,TCN,2013-12-17 02:50:00,206.67401,209.63494873046875,2.9609375
5161,TCN,2013-12-17 03:00:00,213.5412,204.6447296142578,8.896469116210938
5161,TCN,2013-12-17 03:10:00,164.3832,206.40850830078125,42.02531433105469
5161,TCN,2013-12-17 03:20:00,205.71875,207.04981994628906,1.3310699462890625
5161,TCN,2013-12-17 03:30:00,189.8338,210.0349884033203,20.201187133789062
5161,TCN,2013-12-17 03:40:00,165.30069,209.8625946044922,44.56190490722656
5161,TCN,2013-12-17 03:50:00,211.25015,215.3860321044922,4.1358795166015625
5161,TCN,2013-12-17 04:00:00,207.73288,219.98570251464844,12.252822875976562
5161,TCN,2013-12-17 04:10:00,186.83727,227.14732360839844,40.31005859375
5161,TCN,2013-12-17 04:20:00,212.57007,229.9405517578125,17.3704833984375
5161,TCN,2013-12-17 04:30:00,199.12,240.3999481201172,41.27995300292969
5161,TCN,2013-12-17 04:40:00,189.68364,248.9110870361328,59.227447509765625
5161,TCN,2013-12-17 04:50:00,206.41656,257.8479309082031,51.431365966796875
5161,TCN,2013-12-17 05:00:00,199.14429,265.4420471191406,66.29776000976562
5161,TCN,2013-12-17 05:10:00,175.57236,281.33868408203125,105.76632690429688
5161,TCN,2013-12-17 05:20:00,211.8952,295.5226135253906,83.62741088867188
5161,TCN,2013-12-17 05:30:00,229.97296,310.360107421875,80.38714599609375
5161,TCN,2013-12-17 05:40:00,222.11827,320.6271057128906,98.50883483886719
5161,TCN,2013-12-17 05:50:00,266.95532,342.0078125,75.052490234375
5161,TCN,2013-12-17 06:00:00,266.6577,365.850341796875,99.192626953125
5161,TCN,2013-12-17 06:10:00,264.9794,392.3767395019531,127.3973388671875
5161,TCN,2013-12-17 06:20:00,299.75565,406.91259765625,107.15695190429688
5161,TCN,2013-12-17 06:30:00,341.219,428.9947204589844,87.77572631835938
5161,TCN,2013-12-17 06:40:00,302.00635,445.45086669921875,143.44451904296875
5161,TCN,2013-12-17 06:50:00,336.06754,467.4967956542969,131.42926025390625
5161,TCN,2013-12-17 07:00:00,375.1931,483.63848876953125,108.44537353515625
5161,TCN,2013-12-17 07:10:00,397.58102,515.0376586914062,117.45663452148438
5161,TCN,2013-12-17 07:20:00,489.18375,544.6202392578125,55.436492919921875
5161,TCN,2013-12-17 07:30:00,534.2422,576.6447143554688,42.40252685546875
5161,TCN,2013-12-17 07:40:00,660.0387,607.6419677734375,52.396728515625
5161,TCN,2013-12-17 07:50:00,617.42114,638.6311645507812,21.21002197265625
5161,TCN,2013-12-17 08:00:00,824.71655,670.6881713867188,154.02838134765625
5161,TCN,2013-12-17 08:10:00,862.9117,700.2474365234375,162.66424560546875
5161,TCN,2013-12-17 08:20:00,903.38446,734.8764038085938,168.508056640625
5161,TCN,2013-12-17 08:30:00,993.2106,786.2094116210938,207.00115966796875
5161,TCN,2013-12-17 08:40:00,1057.9623,827.0048217773438,230.95745849609375
5161,TCN,2013-12-17 08:50:00,1036.0688,880.682861328125,155.385986328125
5161,TCN,2013-12-17 09:00:00,1217.5115,920.1981811523438,297.31329345703125
5161,TCN,2013-12-17 09:10:00,1188.2633,997.4480590820312,190.81524658203125
5161,TCN,2013-12-17 09:20:00,1214.9235,1055.73681640625,159.1866455078125
5161,TCN,2013-12-17 09:30:00,1532.3738,1140.4136962890625,391.9600830078125
5161,TCN,2013-12-17 09:40:00,1466.2655,1204.8494873046875,261.416015625
5161,TCN,2013-12-17 09:50:00,1664.7877,1298.3663330078125,366.42138671875
5161,TCN,2013-12-17 10:00:00,1818.2194,1418.9896240234375,399.229736328125
5161,TCN,2013-12-17 10:10:00,1694.5822,1544.37939453125,150.2027587890625
5161,TCN,2013-12-17 10:20:00,1874.4421,1663.97705078125,210.465087890625
5161,TCN,2013-12-17 10:30:00,2035.2653,1758.5211181640625,276.744140625
5161,TCN,2013-12-17 10:40:00,2138.9644,1834.511962890625,304.452392578125
5161,TCN,2013-12-17 10:50:00,2250.6003,1908.78076171875,341.819580078125
5161,TCN,2013-12-17 11:00:00,2388.473,1985.058349609375,403.41455078125
5161,TCN,2013-12-17 11:10:00,2460.7341,2069.0986328125,391.635498046875
5161,TCN,2013-12-17 11:20:00,2415.1035,2152.2333984375,262.8701171875
5161,TCN,2013-12-17 11:30:00,2763.068,2202.466064453125,560.60205078125
5161,TCN,2013-12-17 11:40:00,2744.7373,2276.82666015625,467.91064453125
5161,TCN,2013-12-17 11:50:00,2774.4429,2302.630126953125,471.812744140625
5161,TCN,2013-12-17 12:00:00,3062.4578,2374.545654296875,687.912109375
5161,TCN,2013-12-17 12:10:00,3291.7275,2452.652099609375,839.075439453125
5161,TCN,2013-12-17 12:20:00,3444.106,2624.962158203125,819.143798828125
5161,TCN,2013-12-17 12:30:00,3373.3855,2887.9111328125,485.474365234375
5161,TCN,2013-12-17 12:40:00,3342.427,3057.793701171875,284.63330078125
5161,TCN,2013-12-17 12:50:00,3505.4324,3146.99658203125,358.435791015625
5161,TCN,2013-12-17 13:00:00,3803.9375,3211.682861328125,592.254638671875
5161,TCN,2013-12-17 13:10:00,3543.5134,3341.9873046875,201.526123046875
5161,TCN,2013-12-17 13:20:00,3208.6392,3353.70654296875,145.0673828125
5161,TCN,2013-12-17 13:30:00,3234.5732,3305.583251953125,71.010009765625
5161,TCN,2013-12-17 13:40:00,3110.6792,3213.2119140625,102.53271484375
5161,TCN,2013-12-17 13:50:00,3139.6963,3072.9833984375,66.712890625
5161,TCN,2013-12-17 14:00:00,2945.2466,2995.275634765625,50.029052734375
5161,TCN,2013-12-17 14:10:00,2766.0857,2884.682373046875,118.5966796875
5161,TCN,2013-12-17 14:20:00,3100.932,2836.44580078125,264.486083984375
5161,TCN,2013-12-17 14:30:00,3517.678,2824.333251953125,693.3447265625
5161,TCN,2013-12-17 14:40:00,3524.895,2852.875,672.02001953125
5161,TCN,2013-12-17 14:50:00,3358.1033,2882.058837890625,476.04443359375
5161,TCN,2013-12-17 15:00:00,3876.9597,2910.2841796875,966.675537109375
5161,TCN,2013-12-17 15:10:00,3759.038,3082.989990234375,676.048095703125
5161,TCN,2013-12-17 15:20:00,3837.1492,3128.47705078125,708.672119140625
5161,TCN,2013-12-17 15:30:00,3774.914,3317.434814453125,457.479248046875
5161,TCN,2013-12-17 15:40:00,3495.1526,3318.807861328125,176.3447265625
5161,TCN,2013-12-17 15:50:00,3764.5986,3336.283203125,428.3154296875
5161,TCN,2013-12-17 16:00:00,3746.0464,3342.120849609375,403.925537109375
5161,TCN,2013-12-17 16:10:00,3641.88,3300.76416015625,341.11572265625
5161,TCN,2013-12-17 16:20:00,3795.984,3262.347412109375,533.636474609375
5161,TCN,2013-12-17 16:30:00,3566.9692,3211.5546875,355.41455078125
5161,TCN,2013-12-17 16:40:00,3228.2769,3103.31494140625,124.9619140625
5161,TCN,2013-12-17 16:50:00,3273.0974,2927.850830078125,345.24658203125
5161,TCN,2013-12-17 17:00:00,3197.3655,2782.6328125,414.732666015625
5161,TCN,2013-12-17 17:10:00,3225.8516,2649.654541015625,576.197021484375
5161,TCN,2013-12-17 17:20:00,2850.039,2576.594482421875,273.444580078125
5161,TCN,2013-12-17 17:30:00,3065.798,2428.353515625,637.444580078125
5161,TCN,2013-12-17 17:40:00,2853.2896,2363.88427734375,489.4052734375
5161,TCN,2013-12-17 17:50:00,2902.8008,2258.757568359375,644.043212890625
5161,TCN,2013-12-17 18:00:00,2814.6863,2220.600341796875,594.0859375
5161,TCN,2013-12-17 18:10:00,2951.324,2088.910400390625,862.41357421875
5161,TCN,2013-12-17 18:20:00,2730.4817,2071.366943359375,659.11474609375
5161,TCN,2013-12-17 18:30:00,2447.7034,1947.5196533203125,500.1837158203125
5161,TCN,2013-12-17 18:40:00,2416.3674,1818.5767822265625,597.7906494140625
5161,TCN,2013-12-17 18:50:00,2257.1748,1645.5667724609375,611.6080322265625
5161,TCN,2013-12-17 19:00:00,2049.7354,1489.7938232421875,559.9415283203125
5161,TCN,2013-12-17 19:10:00,1769.0593,1338.7684326171875,430.2908935546875
5161,TCN,2013-12-17 19:20:00,1671.0309,1263.537353515625,407.4935302734375
5161,TCN,2013-12-17 19:30:00,1472.355,1216.1072998046875,256.2476806640625
5161,TCN,2013-12-17 19:40:00,1444.2585,1195.704345703125,248.55419921875
5161,TCN,2013-12-17 19:50:00,1219.8506,1164.8695068359375,54.9810791015625
5161,TCN,2013-12-17 20:00:00,1171.9624,1140.8455810546875,31.1168212890625
5161,TCN,2013-12-17 20:10:00,1066.5072,1113.329345703125,46.8221435546875
5161,TCN,2013-12-17 20:20:00,1065.6753,1076.0328369140625,10.3575439453125
5161,TCN,2013-12-17 20:30:00,1107.4401,1038.76513671875,68.6749267578125
5161,TCN,2013-12-17 20:40:00,1170.1951,993.8294677734375,176.3656005859375
5161,TCN,2013-12-17 20:50:00,881.85944,952.9542846679688,71.0948486328125
5161,TCN,2013-12-17 21:00:00,747.4791,910.5695190429688,163.09039306640625
5161,TCN,2013-12-17 21:10:00,636.772,858.8483276367188,222.07635498046875
5161,TCN,2013-12-17 21:20:00,549.43256,818.5463256835938,269.11376953125
5161,TCN,2013-12-17 21:30:00,636.7148,783.6533813476562,146.9385986328125
5161,TCN,2013-12-17 21:40:00,583.74817,750.9022216796875,167.154052734375
5161,TCN,2013-12-17 21:50:00,538.8654,713.0438842773438,174.178466796875
5161,TCN,2013-12-17 22:00:00,543.96155,668.8413696289062,124.87982177734375
5161,TCN,2013-12-17 22:10:00,439.51578,632.33251953125,192.81674194335938
5161,TCN,2013-12-17 22:20:00,424.59024,593.0367431640625,168.44650268554688
5161,TCN,2013-12-17 22:30:00,452.19907,568.9415283203125,116.74246215820312
5161,TCN,2013-12-17 22:40:00,361.02264,540.3056030273438,179.282958984375
5161,TCN,2013-12-17 22:50:00,371.86603,507.2949523925781,135.42892456054688
5161,TCN,2013-12-17 23:00:00,434.7364,458.0361633300781,23.299774169921875
5161,TCN,2013-12-17 23:10:00,406.53528,399.539794921875,6.9954833984375
5161,TCN,2013-12-17 23:20:00,314.7144,361.9823913574219,47.26800537109375
5161,TCN,2013-12-17 23:30:00,311.52432,343.9743347167969,32.45001220703125
5161,TCN,2013-12-17 23:40:00,268.64502,335.3452453613281,66.70022583007812
5161,TCN,2013-12-17 23:50:00,269.08862,322.2858581542969,53.197235107421875
5161,TCN,2013-12-18 00:00:00,303.09613,309.3025817871094,6.206451416015625
5161,TCN,2013-12-18 00:10:00,274.72974,295.8464050292969,21.116668701171875
5161,TCN,2013-12-18 00:20:00,234.28204,280.7859802246094,46.503936767578125
5161,TCN,2013-12-18 00:30:00,258.46707,261.6437683105469,3.17669677734375
5161,TCN,2013-12-18 00:40:00,235.9508,251.4031524658203,15.452346801757812
5161,TCN,2013-12-18 00:50:00,214.01556,245.67831420898438,31.662750244140625
5161,TCN,2013-12-18 01:00:00,244.06615,241.36512756347656,2.701019287109375
5161,TCN,2013-12-18 01:10:00,221.39584,233.58836364746094,12.192520141601562
5161,TCN,2013-12-18 01:20:00,390.53134,225.42684936523438,165.1044921875
5161,TCN,2013-12-18 01:30:00,385.1137,218.99569702148438,166.11801147460938
5161,TCN,2013-12-18 01:40:00,443.73373,208.72935485839844,235.00437927246094
5161,TCN,2013-12-18 01:50:00,424.52182,199.27578735351562,225.24603271484375
5161,TCN,2013-12-18 02:00:00,514.8599,190.4322509765625,324.42767333984375
5161,TCN,2013-12-18 02:10:00,243.27393,195.17645263671875,48.09747314453125
5161,TCN,2013-12-18 02:20:00,216.10474,190.0876007080078,26.017135620117188
5161,TCN,2013-12-18 02:30:00,226.12572,191.65902709960938,34.46669006347656
5161,TCN,2013-12-18 02:40:00,232.07375,188.58648681640625,43.48725891113281
5161,TCN,2013-12-18 02:50:00,208.05132,186.34754943847656,21.703765869140625
5161,TCN,2013-12-18 03:00:00,225.40233,182.5152130126953,42.887115478515625
5161,TCN,2013-12-18 03:10:00,227.49487,178.2217559814453,49.27311706542969
5161,TCN,2013-12-18 03:20:00,215.54005,166.59613037109375,48.94392395019531
5161,TCN,2013-12-18 03:30:00,227.69821,155.16651916503906,72.53169250488281
5161,TCN,2013-12-18 03:40:00,220.47954,144.6542205810547,75.8253173828125
5161,TCN,2013-12-18 03:50:00,219.93324,137.80099487304688,82.13224792480469
5161,TCN,2013-12-18 04:00:00,234.73875,134.83514404296875,99.90361022949219
5161,TCN,2013-12-18 04:10:00,256.21884,132.28768920898438,123.93115234375
5161,TCN,2013-12-18 04:20:00,246.57613,132.47547912597656,114.10064697265625
5161,TCN,2013-12-18 04:30:00,248.08907,135.74801635742188,112.34104919433594
5161,TCN,2013-12-18 04:40:00,257.0533,140.0991668701172,116.95414733886719
5161,TCN,2013-12-18 04:50:00,243.37933,153.53028869628906,89.84904479980469
5161,TCN,2013-12-18 05:00:00,263.1779,156.26296997070312,106.9149169921875
5161,TCN,2013-12-18 05:10:00,227.68663,177.03952026367188,50.64710998535156
5161,TCN,2013-12-18 05:20:00,237.6365,199.5941925048828,38.04231262207031
5161,TCN,2013-12-18 05:30:00,320.8879,230.5229949951172,90.36491394042969
5161,TCN,2013-12-18 05:40:00,246.0984,259.072265625,12.973861694335938
5161,TCN,2013-12-18 05:50:00,260.01495,298.9867248535156,38.971771240234375
5161,TCN,2013-12-18 06:00:00,350.64963,318.5692443847656,32.08038330078125
5161,TCN,2013-12-18 06:10:00,396.91443,335.8702087402344,61.044219970703125
5161,TCN,2013-12-18 06:20:00,404.74667,344.05169677734375,60.694976806640625
5161,TCN,2013-12-18 06:30:00,444.64056,355.1288146972656,89.51174926757812
5161,TCN,2013-12-18 06:40:00,383.8241,368.1375732421875,15.6865234375
5161,TCN,2013-12-18 06:50:00,396.3336,382.37579345703125,13.957794189453125
5161,TCN,2013-12-18 07:00:00,413.65237,403.6181640625,10.034210205078125
5161,TCN,2013-12-18 07:10:00,642.7808,422.5515441894531,220.22927856445312
5161,TCN,2013-12-18 07:20:00,541.2099,448.76434326171875,92.445556640625
5161,TCN,2013-12-18 07:30:00,618.90344,473.1153564453125,145.7880859375
5161,TCN,2013-12-18 07:40:00,646.4804,498.1375732421875,148.34283447265625
5161,TCN,2013-12-18 07:50:00,736.52924,534.0247192382812,202.5045166015625
5161,TCN,2013-12-18 08:00:00,844.3093,583.3319702148438,260.97735595703125
5161,TCN,2013-12-18 08:10:00,899.5496,633.6384887695312,265.9111328125
5161,TCN,2013-12-18 08:20:00,958.5369,687.5338745117188,271.0030517578125
5161,TCN,2013-12-18 08:30:00,1156.951,750.503173828125,406.4478759765625
5161,TCN,2013-12-18 08:40:00,1070.9885,834.7919921875,236.196533203125
5161,TCN,2013-12-18 08:50:00,1130.0845,887.7928466796875,242.2916259765625
5161,TCN,2013-12-18 09:00:00,1296.178,975.6785888671875,320.4993896484375
5161,TCN,2013-12-18 09:10:00,1440.553,1032.084716796875,408.46826171875
5161,TCN,2013-12-18 09:20:00,1529.7799,1146.79150390625,382.9884033203125
5161,TCN,2013-12-18 09:30:00,1691.0552,1241.964111328125,449.091064453125
5161,TCN,2013-12-18 09:40:00,1911.0961,1377.9288330078125,533.167236328125
5161,TCN,2013-12-18 09:50:00,1785.5616,1538.1827392578125,247.37890625
5161,TCN,2013-12-18 10:00:00,2071.8499,1673.548828125,398.301025390625
5161,TCN,2013-12-18 10:10:00,2104.384,1794.16796875,310.216064453125
5161,TCN,2013-12-18 10:20:00,2088.5828,1872.514404296875,216.068359375
5161,TCN,2013-12-18 10:30:00,2219.114,1968.76123046875,250.352783203125
5161,TCN,2013-12-18 10:40:00,2249.7117,2031.01318359375,218.698486328125
5161,TCN,2013-12-18 10:50:00,2448.1501,2106.517578125,341.632568359375
5161,TCN,2013-12-18 11:00:00,2599.8909,2197.634033203125,402.2568359375
5161,TCN,2013-12-18 11:10:00,2445.932,2260.53173828125,185.400146484375
5161,TCN,2013-12-18 11:20:00,2537.695,2295.7607421875,241.934326171875
5161,TCN,2013-12-18 11:30:00,2588.7942,2321.936767578125,266.857421875
5161,TCN,2013-12-18 11:40:00,2524.9182,2345.675048828125,179.2431640625
5161,TCN,2013-12-18 11:50:00,2801.2405,2382.788818359375,418.45166015625
5161,TCN,2013-12-18 12:00:00,2847.3315,2434.84716796875,412.484375
5161,TCN,2013-12-18 12:10:00,3144.238,2504.877685546875,639.3603515625
5161,TCN,2013-12-18 12:20:00,3527.2244,2668.627197265625,858.59716796875
5161,TCN,2013-12-18 12:30:00,3725.421,2888.857421875,836.5634765625
5161,TCN,2013-12-18 12:40:00,3822.5183,3200.16455078125,622.353759765625
5161,TCN,2013-12-18 12:50:00,3866.7158,3406.830322265625,459.885498046875
5161,TCN,2013-12-18 13:00:00,3877.3699,3553.353515625,324.016357421875
5161,TCN,2013-12-18 13:10:00,3581.2974,3661.7880859375,80.49072265625
5161,TCN,2013-12-18 13:20:00,3756.3367,3654.075927734375,102.2607421875
5161,TCN,2013-12-18 13:30:00,3436.1636,3710.036376953125,273.872802734375
5161,TCN,2013-12-18 13:40:00,3591.0415,3570.77587890625,20.265625
5161,TCN,2013-12-18 13:50:00,3316.7224,3599.8408203125,283.118408203125
5161,TCN,2013-12-18 14:00:00,3167.509,3389.365966796875,221.85693359375
5161,TCN,2013-12-18 14:10:00,3138.919,3341.243896484375,202.324951171875
5161,TCN,2013-12-18 14:20:00,3047.273,3191.77099609375,144.498046875
5161,TCN,2013-12-18 14:30:00,3150.5264,3148.20654296875,2.31982421875
5161,TCN,2013-12-18 14:40:00,2938.9463,3048.4326171875,109.486328125
5161,TCN,2013-12-18 14:50:00,3039.379,2978.11083984375,61.26806640625
5161,TCN,2013-12-18 15:00:00,3118.2083,2937.34619140625,180.862060546875
5161,TCN,2013-12-18 15:10:00,3213.4922,2898.318603515625,315.173583984375
5161,TCN,2013-12-18 15:20:00,3012.9036,2888.133056640625,124.7705078125
5161,TCN,2013-12-18 15:30:00,2953.8875,2850.58251953125,103.304931640625
5161,TCN,2013-12-18 15:40:00,2920.7847,2814.75732421875,106.02734375
5161,TCN,2013-12-18 15:50:00,2932.362,2777.2587890625,155.103271484375
5161,TCN,2013-12-18 16:00:00,3075.2095,2710.358642578125,364.850830078125
5161,TCN,2013-12-18 16:10:00,3023.2144,2619.97705078125,403.2373046875
5161,TCN,2013-12-18 16:20:00,2955.8096,2627.414306640625,328.395263671875
5161,TCN,2013-12-18 16:30:00,2909.414,2557.678955078125,351.735107421875
5161,TCN,2013-12-18 16:40:00,2701.2969,2573.6708984375,127.6259765625
5161,TCN,2013-12-18 16:50:00,2824.2446,2508.7158203125,315.52880859375
5161,TCN,2013-12-18 17:00:00,2610.1592,2506.54736328125,103.61181640625
5161,TCN,2013-12-18 17:10:00,2438.9463,2450.529296875,11.5830078125
5161,TCN,2013-12-18 17:20:00,2638.442,2408.46630859375,229.9755859375
5161,TCN,2013-12-18 17:30:00,2572.8606,2354.81396484375,218.046630859375
5161,TCN,2013-12-18 17:40:00,2564.8267,2276.20947265625,288.6171875
5161,TCN,2013-12-18 17:50:00,2356.0193,2209.099365234375,146.919921875
5161,TCN,2013-12-18 18:00:00,2361.8774,2138.310546875,223.56689453125
5161,TCN,2013-12-18 18:10:00,2249.49,2115.885498046875,133.6044921875
5161,TCN,2013-12-18 18:20:00,2056.9507,2002.9307861328125,54.0198974609375
5161,TCN,2013-12-18 18:30:00,2078.2659,1910.9317626953125,167.3341064453125
5161,TCN,2013-12-18 18:40:00,2282.8704,1793.1248779296875,489.7454833984375
5161,TCN,2013-12-18 18:50:00,2069.832,1705.537353515625,364.294677734375
5161,TCN,2013-12-18 19:00:00,1856.3398,1571.4051513671875,284.9346923828125
5161,TCN,2013-12-18 19:10:00,1593.6848,1470.90380859375,122.781005859375
5161,TCN,2013-12-18 19:20:00,1380.7185,1312.3621826171875,68.3563232421875
5161,TCN,2013-12-18 19:30:00,1368.4242,1245.436279296875,122.9879150390625
5161,TCN,2013-12-18 19:40:00,1136.7921,1163.98193359375,27.1898193359375
5161,TCN,2013-12-18 19:50:00,1057.0448,1111.699951171875,54.6551513671875
5161,TCN,2013-12-18 20:00:00,952.5083,1059.395263671875,106.886962890625
5161,TCN,2013-12-18 20:10:00,885.5504,1034.2998046875,148.7493896484375
5161,TCN,2013-12-18 20:20:00,945.30396,990.415283203125,45.111328125
5161,TCN,2013-12-18 20:30:00,955.2644,936.8718872070312,18.39251708984375
5161,TCN,2013-12-18 20:40:00,908.50287,871.5125122070312,36.9903564453125
5161,TCN,2013-12-18 20:50:00,948.1962,804.7235717773438,143.47265625
5161,TCN,2013-12-18 21:00:00,824.9544,753.4541015625,71.50030517578125
5161,TCN,2013-12-18 21:10:00,795.2902,697.5729370117188,97.71728515625
5161,TCN,2013-12-18 21:20:00,611.88983,666.1052856445312,54.2154541015625
5161,TCN,2013-12-18 21:30:00,578.9331,630.5739135742188,51.64080810546875
5161,TCN,2013-12-18 21:40:00,579.75836,599.2103271484375,19.45196533203125
5161,TCN,2013-12-18 21:50:00,505.07065,568.5592041015625,63.488555908203125
5161,TCN,2013-12-18 22:00:00,457.73096,554.4760131835938,96.74505615234375
5161,TCN,2013-12-18 22:10:00,554.7294,537.8150634765625,16.914306640625
5161,TCN,2013-12-18 22:20:00,463.84952,524.7412109375,60.891693115234375
5161,TCN,2013-12-18 22:30:00,405.31708,503.4073486328125,98.09027099609375
5161,TCN,2013-12-18 22:40:00,362.23328,483.0767822265625,120.843505859375
5161,TCN,2013-12-18 22:50:00,315.83978,456.6753845214844,140.83560180664062
5161,TCN,2013-12-18 23:00:00,274.1597,411.3177185058594,137.15802001953125
5161,TCN,2013-12-18 23:10:00,267.61264,367.1020202636719,99.4893798828125
5161,TCN,2013-12-18 23:20:00,269.4348,326.7619323730469,57.327117919921875
5161,TCN,2013-12-18 23:30:00,251.59935,319.9820556640625,68.38270568847656
5161,TCN,2013-12-18 23:40:00,241.11078,310.01043701171875,68.899658203125
5161,TCN,2013-12-18 23:50:00,217.61389,304.18450927734375,86.57061767578125
5161,TCN,2013-12-19 00:00:00,203.93837,292.9602355957031,89.02186584472656
5161,TCN,2013-12-19 00:10:00,204.19022,291.62860107421875,87.43838500976562
5161,TCN,2013-12-19 00:20:00,169.83192,271.083251953125,101.25132751464844
5161,TCN,2013-12-19 00:30:00,162.9695,261.94744873046875,98.97795104980469
5161,TCN,2013-12-19 00:40:00,188.53651,241.34652709960938,52.81001281738281
5161,TCN,2013-12-19 00:50:00,145.82474,230.8678741455078,85.04313659667969
5161,TCN,2013-12-19 01:00:00,147.1228,216.99270629882812,69.86990356445312
5161,TCN,2013-12-19 01:10:00,160.85327,206.64036560058594,45.78709411621094
5161,TCN,2013-12-19 01:20:00,167.06288,197.6302490234375,30.567367553710938
5161,TCN,2013-12-19 01:30:00,144.11838,192.03407287597656,47.91569519042969
5161,TCN,2013-12-19 01:40:00,168.72066,183.60426330566406,14.88360595703125
5161,TCN,2013-12-19 01:50:00,163.0736,173.16221618652344,10.088623046875
5161,TCN,2013-12-19 02:00:00,140.6902,163.37181091308594,22.681610107421875
5161,TCN,2013-12-19 02:10:00,169.9931,156.30271911621094,13.690383911132812
5161,TCN,2013-12-19 02:20:00,146.30841,152.69317626953125,6.384765625
5161,TCN,2013-12-19 02:30:00,139.73344,149.03387451171875,9.300430297851562
5161,TCN,2013-12-19 02:40:00,157.53612,151.99493408203125,5.5411834716796875
5161,TCN,2013-12-19 02:50:00,149.2089,159.47732543945312,10.2684326171875
5161,TCN,2013-12-19 03:00:00,137.03987,153.1273956298828,16.0875244140625
5161,TCN,2013-12-19 03:10:00,161.42363,157.5626678466797,3.8609619140625
5161,TCN,2013-12-19 03:20:00,149.15988,153.3086700439453,4.1487884521484375
5161,TCN,2013-12-19 03:30:00,137.69418,158.37863159179688,20.6844482421875
5161,TCN,2013-12-19 03:40:00,167.33061,158.4285125732422,8.902099609375
5161,TCN,2013-12-19 03:50:00,163.06259,166.03797912597656,2.9753875732421875
5161,TCN,2013-12-19 04:00:00,148.12737,174.02142333984375,25.894058227539062
5161,TCN,2013-12-19 04:10:00,192.28413,180.6479949951172,11.636138916015625
5161,TCN,2013-12-19 04:20:00,164.71341,190.29037475585938,25.57696533203125
5161,TCN,2013-12-19 04:30:00,144.27452,196.82028198242188,52.54576110839844
5161,TCN,2013-12-19 04:40:00,199.8322,201.91014099121094,2.07794189453125
5161,TCN,2013-12-19 04:50:00,156.3342,206.14292907714844,49.80873107910156
5161,TCN,2013-12-19 05:00:00,143.32224,222.6455841064453,79.32334899902344
5161,TCN,2013-12-19 05:10:00,201.51146,238.7273406982422,37.21588134765625
5161,TCN,2013-12-19 05:20:00,182.49237,256.1786804199219,73.68630981445312
5161,TCN,2013-12-19 05:30:00,133.89032,276.4469299316406,142.55661010742188
5161,TCN,2013-12-19 05:40:00,189.73953,292.1713562011719,102.43182373046875
5161,TCN,2013-12-19 05:50:00,187.93494,314.8400573730469,126.90512084960938
5161,TCN,2013-12-19 06:00:00,209.46092,341.2767028808594,131.81578063964844
5161,TCN,2013-12-19 06:10:00,197.42627,357.76068115234375,160.33441162109375
5161,TCN,2013-12-19 06:20:00,212.6369,379.427734375,166.79083251953125
5161,TCN,2013-12-19 06:30:00,216.06082,402.0028991699219,185.94207763671875
5161,TCN,2013-12-19 06:40:00,261.43173,424.7286376953125,163.29690551757812
5161,TCN,2013-12-19 06:50:00,296.271,440.39508056640625,144.12408447265625
5161,TCN,2013-12-19 07:00:00,342.76184,462.7725524902344,120.01071166992188
5161,TCN,2013-12-19 07:10:00,346.69257,491.89117431640625,145.1986083984375
5161,TCN,2013-12-19 07:20:00,422.2298,530.8629150390625,108.63311767578125
5161,TCN,2013-12-19 07:30:00,488.4608,580.218017578125,91.75723266601562
5161,TCN,2013-12-19 07:40:00,604.7331,634.3935546875,29.66046142578125
5161,TCN,2013-12-19 07:50:00,607.37067,690.1209716796875,82.75030517578125
5161,TCN,2013-12-19 08:00:00,717.09607,732.0115356445312,14.91546630859375
5161,TCN,2013-12-19 08:10:00,744.41266,792.0404052734375,47.62774658203125
5161,TCN,2013-12-19 08:20:00,885.86914,853.79052734375,32.07861328125
5161,TCN,2013-12-19 08:30:00,956.97504,927.9014282226562,29.0736083984375
5161,TCN,2013-12-19 08:40:00,974.42224,970.606201171875,3.8160400390625
5161,TCN,2013-12-19 08:50:00,1099.8969,1039.4947509765625,60.402099609375
5161,TCN,2013-12-19 09:00:00,1223.0265,1093.15380859375,129.8726806640625
5161,TCN,2013-12-19 09:10:00,1343.774,1192.28759765625,151.4864501953125
5161,TCN,2013-12-19 09:20:00,1372.3713,1269.501953125,102.869384765625
5161,TCN,2013-12-19 09:30:00,1541.0254,1363.1728515625,177.8525390625
5161,TCN,2013-12-19 09:40:00,1538.6102,1455.291748046875,83.3184814453125
5161,TCN,2013-12-19 09:50:00,1767.8145,1555.4471435546875,212.3673095703125
5161,TCN,2013-12-19 10:00:00,1720.5001,1687.469482421875,33.0306396484375
5161,TCN,2013-12-19 10:10:00,1655.2976,1768.9779052734375,113.6802978515625
5161,TCN,2013-12-19 10:20:00,1764.8962,1849.0413818359375,84.1451416015625
5161,TCN,2013-12-19 10:30:00,1819.6342,1892.886474609375,73.2523193359375
5161,TCN,2013-12-19 10:40:00,2052.6956,1949.253662109375,103.44189453125
5161,TCN,2013-12-19 10:50:00,2101.9968,1990.4515380859375,111.5452880859375
5161,TCN,2013-12-19 11:00:00,2135.1353,2040.159912109375,94.975341796875
5161,TCN,2013-12-19 11:10:00,2269.4614,2092.89990234375,176.5615234375
5161,TCN,2013-12-19 11:20:00,2298.473,2148.5859375,149.886962890625
5161,TCN,2013-12-19 11:30:00,2442.7434,2204.87158203125,237.871826171875
5161,TCN,2013-12-19 11:40:00,2534.7808,2275.93212890625,258.8486328125
5161,TCN,2013-12-19 11:50:00,2562.879,2320.60302734375,242.27587890625
5161,TCN,2013-12-19 12:00:00,2649.3838,2361.18408203125,288.19970703125
5161,TCN,2013-12-19 12:10:00,3079.7336,2392.1904296875,687.543212890625
5161,TCN,2013-12-19 12:20:00,2879.3525,2482.472412109375,396.880126953125
5161,TCN,2013-12-19 12:30:00,3051.9824,2524.837890625,527.14453125
5161,TCN,2013-12-19 12:40:00,3203.688,2669.977294921875,533.710693359375
5161,TCN,2013-12-19 12:50:00,3184.9202,2768.767822265625,416.15234375
5161,TCN,2013-12-19 13:00:00,3255.8198,2905.74609375,350.07373046875
5161,TCN,2013-12-19 13:10:00,3134.402,2990.353271484375,144.048828125
5161,TCN,2013-12-19 13:20:00,3258.1519,2994.090087890625,264.061767578125
5161,TCN,2013-12-19 13:30:00,3144.569,3028.21923828125,116.349853515625
5161,TCN,2013-12-19 13:40:00,3201.7524,2974.7802734375,226.97216796875
5161,TCN,2013-12-19 13:50:00,2828.0125,2980.74755859375,152.735107421875
5161,TCN,2013-12-19 14:00:00,3105.1987,2885.8544921875,219.34423828125
5161,TCN,2013-12-19 14:10:00,2825.0269,2883.4423828125,58.41552734375
5161,TCN,2013-12-19 14:20:00,2680.8604,2806.552734375,125.6923828125
5161,TCN,2013-12-19 14:30:00,2901.1643,2777.608642578125,123.5556640625
5161,TCN,2013-12-19 14:40:00,2752.3262,2741.541748046875,10.784423828125
5161,TCN,2013-12-19 14:50:00,2739.1606,2726.122314453125,13.038330078125
5161,TCN,2013-12-19 15:00:00,2807.927,2700.405517578125,107.521484375
5161,TCN,2013-12-19 15:10:00,2584.6472,2678.797119140625,94.14990234375
5161,TCN,2013-12-19 15:20:00,2495.2998,2639.848388671875,144.548583984375
5161,TCN,2013-12-19 15:30:00,2745.7068,2613.809814453125,131.89697265625
5161,TCN,2013-12-19 15:40:00,2450.8027,2582.02490234375,131.22216796875
5161,TCN,2013-12-19 15:50:00,2718.5146,2542.7646484375,175.75
5161,TCN,2013-12-19 16:00:00,2651.8245,2516.179931640625,135.64453125
5161,TCN,2013-12-19 16:10:00,2449.5356,2478.217041015625,28.681396484375
5161,TCN,2013-12-19 16:20:00,2364.177,2445.9931640625,81.816162109375
5161,TCN,2013-12-19 16:30:00,2622.1045,2390.473388671875,231.631103515625
5161,TCN,2013-12-19 16:40:00,2355.841,2369.722900390625,13.8818359375
5161,TCN,2013-12-19 16:50:00,2382.0017,2318.849853515625,63.15185546875
5161,TCN,2013-12-19 17:00:00,2420.4246,2289.810791015625,130.61376953125
5161,TCN,2013-12-19 17:10:00,2299.2363,2230.246826171875,68.989501953125
5161,TCN,2013-12-19 17:20:00,2240.3677,2163.928466796875,76.439208984375
5161,TCN,2013-12-19 17:30:00,2492.787,2103.239990234375,389.547119140625
5161,TCN,2013-12-19 17:40:00,2202.0068,2051.430908203125,150.575927734375
5161,TCN,2013-12-19 17:50:00,2133.3738,1946.8885498046875,186.4852294921875
5161,TCN,2013-12-19 18:00:00,2326.3213,1859.736572265625,466.584716796875
5161,TCN,2013-12-19 18:10:00,1970.2568,1769.858642578125,200.398193359375
5161,TCN,2013-12-19 18:20:00,1808.8307,1700.021240234375,108.8094482421875
5161,TCN,2013-12-19 18:30:00,1778.7732,1635.992919921875,142.7802734375
5161,TCN,2013-12-19 18:40:00,1635.7878,1555.4881591796875,80.2996826171875
5161,TCN,2013-12-19 18:50:00,1787.2637,1482.03662109375,305.22705078125
5161,TCN,2013-12-19 19:00:00,1440.8885,1396.83984375,44.0487060546875
5161,TCN,2013-12-19 19:10:00,1445.5645,1313.9261474609375,131.6383056640625
5161,TCN,2013-12-19 19:20:00,1165.559,1236.8948974609375,71.3359375
5161,TCN,2013-12-19 19:30:00,983.61755,1185.056396484375,201.4388427734375
5161,TCN,2013-12-19 19:40:00,1067.5725,1148.27294921875,80.700439453125
5161,TCN,2013-12-19 19:50:00,1064.6183,1104.0318603515625,39.41357421875
5161,TCN,2013-12-19 20:00:00,953.12775,1071.2779541015625,118.15020751953125
5161,TCN,2013-12-19 20:10:00,991.1119,1031.10107421875,39.98919677734375
5161,TCN,2013-12-19 20:20:00,837.1152,997.09130859375,159.97613525390625
5161,TCN,2013-12-19 20:30:00,743.8279,943.757568359375,199.9296875
5161,TCN,2013-12-19 20:40:00,719.13165,880.951904296875,161.82025146484375
5161,TCN,2013-12-19 20:50:00,640.9126,829.4336547851562,188.52105712890625
5161,TCN,2013-12-19 21:00:00,713.2597,779.7086791992188,66.448974609375
5161,TCN,2013-12-19 21:10:00,645.8009,741.5602416992188,95.75933837890625
5161,TCN,2013-12-19 21:20:00,572.8274,708.4320678710938,135.60467529296875
5161,TCN,2013-12-19 21:30:00,602.1083,674.7575073242188,72.64923095703125
5161,TCN,2013-12-19 21:40:00,612.77606,647.1019897460938,34.325927734375
5161,TCN,2013-12-19 21:50:00,511.6284,611.5547485351562,99.92636108398438
5161,TCN,2013-12-19 22:00:00,441.11316,588.8464965820312,147.73333740234375
5161,TCN,2013-12-19 22:10:00,420.6894,557.139892578125,136.45050048828125
5161,TCN,2013-12-19 22:20:00,422.76392,530.5152587890625,107.7513427734375
5161,TCN,2013-12-19 22:30:00,424.8138,509.7304992675781,84.91668701171875
5161,TCN,2013-12-19 22:40:00,384.16812,490.2140197753906,106.0458984375
5161,TCN,2013-12-19 22:50:00,292.0899,470.84100341796875,178.7510986328125
5161,TCN,2013-12-19 23:00:00,320.85486,444.35809326171875,123.50323486328125
5161,TCN,2013-12-19 23:10:00,295.0888,419.3052062988281,124.21640014648438
5161,TCN,2013-12-19 23:20:00,295.93073,384.1376953125,88.20697021484375
5161,TCN,2013-12-19 23:30:00,256.09354,352.734619140625,96.64108276367188
5161,TCN,2013-12-19 23:40:00,206.02028,316.62457275390625,110.60429382324219
5161,TCN,2013-12-19 23:50:00,217.92496,293.8578796386719,75.93292236328125
5161,TCN,2013-12-20 00:00:00,242.26108,282.9779357910156,40.71685791015625
5161,TCN,2013-12-20 00:10:00,174.30728,272.7146911621094,98.40740966796875
5161,TCN,2013-12-20 00:20:00,178.3625,263.66015625,85.29765319824219
5161,TCN,2013-12-20 00:30:00,175.14632,252.17823791503906,77.03192138671875
5161,TCN,2013-12-20 00:40:00,152.33878,244.5284881591797,92.18971252441406
5161,TCN,2013-12-20 00:50:00,180.40874,232.913330078125,52.50459289550781
5161,TCN,2013-12-20 01:00:00,171.04825,224.856201171875,53.807952880859375
5161,TCN,2013-12-20 01:10:00,161.85028,215.41957092285156,53.56929016113281
5161,TCN,2013-12-20 01:20:00,185.78027,209.04095458984375,23.26068115234375
5161,TCN,2013-12-20 01:30:00,189.96631,201.4176788330078,11.451370239257812
5161,TCN,2013-12-20 01:40:00,159.52864,195.37828063964844,35.849639892578125
5161,TCN,2013-12-20 01:50:00,174.6532,187.99522399902344,13.342025756835938
5161,TCN,2013-12-20 02:00:00,173.67648,183.72860717773438,10.0521240234375
5161,TCN,2013-12-20 02:10:00,210.40674,178.6989288330078,31.707809448242188
5161,TCN,2013-12-20 02:20:00,215.73897,177.25633239746094,38.482635498046875
5161,TCN,2013-12-20 02:30:00,178.25208,178.85519409179688,0.603118896484375
5161,TCN,2013-12-20 02:40:00,188.90144,179.31251525878906,9.58892822265625
5161,TCN,2013-12-20 02:50:00,167.10315,182.5996856689453,15.496536254882812
5161,TCN,2013-12-20 03:00:00,169.19829,184.68690490722656,15.488616943359375
5161,TCN,2013-12-20 03:10:00,178.6727,192.5093994140625,13.836700439453125
5161,TCN,2013-12-20 03:20:00,154.45125,193.03863525390625,38.58738708496094
5161,TCN,2013-12-20 03:30:00,164.45602,201.1004638671875,36.644439697265625
5161,TCN,2013-12-20 03:40:00,150.4502,201.24417114257812,50.793975830078125
5161,TCN,2013-12-20 03:50:00,157.78348,209.42884826660156,51.64537048339844
5161,TCN,2013-12-20 04:00:00,150.87732,212.54446411132812,61.667144775390625
5161,TCN,2013-12-20 04:10:00,154.2366,221.49012756347656,67.25352478027344
5161,TCN,2013-12-20 04:20:00,181.19868,222.98104858398438,41.78236389160156
5161,TCN,2013-12-20 04:30:00,191.88644,239.05030822753906,47.16386413574219
5161,TCN,2013-12-20 04:40:00,183.43315,246.0381317138672,62.60498046875
5161,TCN,2013-12-20 04:50:00,154.46097,261.2129211425781,106.751953125
5161,TCN,2013-12-20 05:00:00,191.37866,271.8359375,80.457275390625
5161,TCN,2013-12-20 05:10:00,142.15965,286.18585205078125,144.0261993408203
5161,TCN,2013-12-20 05:20:00,163.77124,298.42626953125,134.655029296875
5161,TCN,2013-12-20 05:30:00,186.41087,312.7525939941406,126.34172058105469
5161,TCN,2013-12-20 05:40:00,174.1565,328.9114074707031,154.75491333007812
5161,TCN,2013-12-20 05:50:00,208.78217,354.7181701660156,145.93600463867188
5161,TCN,2013-12-20 06:00:00,232.60474,379.3631591796875,146.7584228515625
5161,TCN,2013-12-20 06:10:00,239.04329,401.4271545410156,162.3838653564453
5161,TCN,2013-12-20 06:20:00,270.35873,419.4258117675781,149.06707763671875
5161,TCN,2013-12-20 06:30:00,315.4997,442.21466064453125,126.7149658203125
5161,TCN,2013-12-20 06:40:00,319.71826,461.3544921875,141.63623046875
5161,TCN,2013-12-20 06:50:00,377.85233,485.9168395996094,108.06451416015625
5161,TCN,2013-12-20 07:00:00,352.55075,507.06842041015625,154.51766967773438
5161,TCN,2013-12-20 07:10:00,383.3799,545.18115234375,161.80123901367188
5161,TCN,2013-12-20 07:20:00,457.79138,575.6555786132812,117.86419677734375
5161,TCN,2013-12-20 07:30:00,519.1235,613.1832275390625,94.05975341796875
5161,TCN,2013-12-20 07:40:00,592.0156,649.7411499023438,57.72552490234375
5161,TCN,2013-12-20 07:50:00,682.51196,686.85693359375,4.344970703125
5161,TCN,2013-12-20 08:00:00,815.2566,725.0582275390625,90.1983642578125
5161,TCN,2013-12-20 08:10:00,893.1666,770.1582641601562,123.00836181640625
5161,TCN,2013-12-20 08:20:00,951.8006,810.8612060546875,140.93939208984375
5161,TCN,2013-12-20 08:30:00,889.6657,871.1393432617188,18.5263671875
5161,TCN,2013-12-20 08:40:00,1044.0208,928.369384765625,115.6513671875
5161,TCN,2013-12-20 08:50:00,1141.5233,1007.9065551757812,133.61676025390625
5161,TCN,2013-12-20 09:00:00,1331.022,1084.2193603515625,246.8026123046875
5161,TCN,2013-12-20 09:10:00,1221.182,1154.416015625,66.7659912109375
5161,TCN,2013-12-20 09:20:00,1363.3949,1214.67138671875,148.7235107421875
5161,TCN,2013-12-20 09:30:00,1549.3873,1293.704833984375,255.6824951171875
5161,TCN,2013-12-20 09:40:00,1544.8607,1388.123291015625,156.7374267578125
5161,TCN,2013-12-20 09:50:00,1697.7924,1496.965576171875,200.8267822265625
5161,TCN,2013-12-20 10:00:00,1738.7125,1596.3896484375,142.3228759765625
5161,TCN,2013-12-20 10:10:00,1758.3699,1717.84716796875,40.522705078125
5161,TCN,2013-12-20 10:20:00,1717.3818,1819.03662109375,101.65478515625
5161,TCN,2013-12-20 10:30:00,2046.7505,1883.8563232421875,162.8941650390625
5161,TCN,2013-12-20 10:40:00,1989.8289,1944.1993408203125,45.6295166015625
5161,TCN,2013-12-20 10:50:00,2381.0547,1981.521484375,399.533203125
5161,TCN,2013-12-20 11:00:00,2271.2346,2072.394775390625,198.83984375
5161,TCN,2013-12-20 11:10:00,2400.4788,2092.63330078125,307.845458984375
5161,TCN,2013-12-20 11:20:00,2226.8408,2207.014404296875,19.826416015625
5161,TCN,2013-12-20 11:30:00,2358.4517,2198.600830078125,159.850830078125
5161,TCN,2013-12-20 11:40:00,2492.564,2269.37939453125,223.1845703125
5161,TCN,2013-12-20 11:50:00,2654.9883,2273.731201171875,381.257080078125
5161,TCN,2013-12-20 12:00:00,2834.7441,2324.49169921875,510.25244140625
5161,TCN,2013-12-20 12:10:00,2796.3367,2359.78857421875,436.548095703125
5161,TCN,2013-12-20 12:20:00,3057.3894,2413.169677734375,644.2197265625
5161,TCN,2013-12-20 12:30:00,3188.3403,2520.8359375,667.50439453125
5161,TCN,2013-12-20 12:40:00,3221.681,2666.921142578125,554.759765625
5161,TCN,2013-12-20 12:50:00,3524.6064,2806.256103515625,718.350341796875
5161,TCN,2013-12-20 13:00:00,3223.6047,3037.263427734375,186.34130859375
5161,TCN,2013-12-20 13:10:00,3420.8806,3045.872802734375,375.0078125
5161,TCN,2013-12-20 13:20:00,3430.3384,3166.40234375,263.93603515625
5161,TCN,2013-12-20 13:30:00,3298.1099,3139.736572265625,158.373291015625
5161,TCN,2013-12-20 13:40:00,3026.8647,3157.499755859375,130.635009765625
5161,TCN,2013-12-20 13:50:00,3372.5327,3000.57568359375,371.95703125
5161,TCN,2013-12-20 14:00:00,3101.176,3029.869384765625,71.306640625
5161,TCN,2013-12-20 14:10:00,3045.3306,2893.694091796875,151.636474609375
5161,TCN,2013-12-20 14:20:00,3055.932,2891.31298828125,164.618896484375
5161,TCN,2013-12-20 14:30:00,2986.7651,2797.361083984375,189.404052734375
5161,TCN,2013-12-20 14:40:00,3136.2236,2798.690673828125,337.532958984375
5161,TCN,2013-12-20 14:50:00,3131.0835,2762.80224609375,368.28125
5161,TCN,2013-12-20 15:00:00,3260.1055,2759.138916015625,500.966552734375
5161,TCN,2013-12-20 15:10:00,3274.4448,2728.951171875,545.49365234375
5161,TCN,2013-12-20 15:20:00,3278.2551,2737.390869140625,540.8642578125
5161,TCN,2013-12-20 15:30:00,3278.9111,2723.40283203125,555.50830078125
5161,TCN,2013-12-20 15:40:00,3529.7249,2723.841552734375,805.88330078125
5161,TCN,2013-12-20 15:50:00,3394.1943,2756.431884765625,637.762451171875
5161,TCN,2013-12-20 16:00:00,3234.207,2756.301513671875,477.905517578125
5161,TCN,2013-12-20 16:10:00,3389.9429,2737.981689453125,651.961181640625
5161,TCN,2013-12-20 16:20:00,3076.8206,2726.218505859375,350.60205078125
5161,TCN,2013-12-20 16:30:00,3169.0256,2616.642578125,552.383056640625
5161,TCN,2013-12-20 16:40:00,3152.8132,2580.658447265625,572.15478515625
5161,TCN,2013-12-20 16:50:00,2945.257,2475.335693359375,469.92138671875
5161,TCN,2013-12-20 17:00:00,2751.2407,2427.689208984375,323.551513671875
5161,TCN,2013-12-20 17:10:00,2526.0862,2307.5263671875,218.559814453125
5161,TCN,2013-12-20 17:20:00,2513.12,2250.021484375,263.0986328125
5161,TCN,2013-12-20 17:30:00,2452.489,2159.408447265625,293.08056640625
5161,TCN,2013-12-20 17:40:00,2226.295,2067.1259765625,159.1689453125
5161,TCN,2013-12-20 17:50:00,2231.8542,1968.0797119140625,263.7745361328125
5161,TCN,2013-12-20 18:00:00,2045.1724,1860.2611083984375,184.9112548828125
5161,TCN,2013-12-20 18:10:00,1932.1818,1765.5003662109375,166.681396484375
5161,TCN,2013-12-20 18:20:00,1809.0939,1704.6181640625,104.4757080078125
5161,TCN,2013-12-20 18:30:00,1682.2748,1554.2427978515625,128.031982421875
5161,TCN,2013-12-20 18:40:00,1658.5394,1525.8638916015625,132.675537109375
5161,TCN,2013-12-20 18:50:00,1627.1318,1440.53173828125,186.60009765625
5161,TCN,2013-12-20 19:00:00,1571.7871,1371.8544921875,199.9326171875
5161,TCN,2013-12-20 19:10:00,1417.9408,1295.8565673828125,122.084228515625
5161,TCN,2013-12-20 19:20:00,1296.3013,1222.5950927734375,73.7061767578125
5161,TCN,2013-12-20 19:30:00,1142.2091,1176.7520751953125,34.54296875
5161,TCN,2013-12-20 19:40:00,1166.7402,1130.7279052734375,36.0123291015625
5161,TCN,2013-12-20 19:50:00,1058.7,1099.6279296875,40.927978515625
5161,TCN,2013-12-20 20:00:00,881.5584,1073.766845703125,192.20843505859375
5161,TCN,2013-12-20 20:10:00,897.3151,1041.7935791015625,144.47845458984375
5161,TCN,2013-12-20 20:20:00,777.0237,1009.310302734375,232.28662109375
5161,TCN,2013-12-20 20:30:00,764.11475,959.6495361328125,195.5347900390625
5161,TCN,2013-12-20 20:40:00,716.72864,911.4539794921875,194.725341796875
5161,TCN,2013-12-20 20:50:00,641.44116,857.9295654296875,216.4884033203125
5161,TCN,2013-12-20 21:00:00,796.38336,802.4910888671875,6.10772705078125
5161,TCN,2013-12-20 21:10:00,612.7666,770.027099609375,157.260498046875
5161,TCN,2013-12-20 21:20:00,640.7963,729.224365234375,88.42803955078125
5161,TCN,2013-12-20 21:30:00,594.87897,703.3358154296875,108.45684814453125
5161,TCN,2013-12-20 21:40:00,603.3621,653.31982421875,49.95770263671875
5161,TCN,2013-12-20 21:50:00,514.1577,635.2350463867188,121.07733154296875
5161,TCN,2013-12-20 22:00:00,460.33047,578.4197387695312,118.08926391601562
5161,TCN,2013-12-20 22:10:00,372.44223,571.22900390625,198.78677368164062
5161,TCN,2013-12-20 22:20:00,336.6107,539.29443359375,202.68374633789062
5161,TCN,2013-12-20 22:30:00,280.37225,527.0051879882812,246.6329345703125
5161,TCN,2013-12-20 22:40:00,322.41583,503.67926025390625,181.263427734375
5161,TCN,2013-12-20 22:50:00,283.0952,487.76568603515625,204.67047119140625
5161,TCN,2013-12-20 23:00:00,408.79404,459.2255554199219,50.4315185546875
5161,TCN,2013-12-20 23:10:00,251.38527,425.77764892578125,174.3923797607422
5161,TCN,2013-12-20 23:20:00,240.89424,379.9881286621094,139.09388732910156
5161,TCN,2013-12-20 23:30:00,218.96948,348.522216796875,129.552734375
5161,TCN,2013-12-20 23:40:00,215.77422,307.4551086425781,91.68089294433594
5161,TCN,2013-12-20 23:50:00,185.72182,296.4407043457031,110.71888732910156
5161,TCN,2013-12-21 00:00:00,219.38434,285.60247802734375,66.2181396484375
5161,TCN,2013-12-21 00:10:00,211.29134,277.681884765625,66.39054870605469
5161,TCN,2013-12-21 00:20:00,178.29422,266.3768310546875,88.08261108398438
5161,TCN,2013-12-21 00:30:00,155.89795,257.62579345703125,101.72784423828125
5161,TCN,2013-12-21 00:40:00,151.62741,239.63168334960938,88.0042724609375
5161,TCN,2013-12-21 00:50:00,149.15114,232.8534393310547,83.70230102539062
5161,TCN,2013-12-21 01:00:00,150.27457,219.49365234375,69.21908569335938
5161,TCN,2013-12-21 01:10:00,152.6425,213.72267150878906,61.080169677734375
5161,TCN,2013-12-21 01:20:00,146.2899,202.91180419921875,56.62190246582031
5161,TCN,2013-12-21 01:30:00,124.0086,195.25062561035156,71.24202728271484
5161,TCN,2013-12-21 01:40:00,140.75584,184.89968872070312,44.14384460449219
5161,TCN,2013-12-21 01:50:00,125.731995,176.31716918945312,50.585174560546875
5161,TCN,2013-12-21 02:00:00,123.58931,165.81446838378906,42.22515869140625
5161,TCN,2013-12-21 02:10:00,146.92789,160.2751007080078,13.347213745117188
5161,TCN,2013-12-21 02:20:00,124.38357,152.57884216308594,28.195274353027344
5161,TCN,2013-12-21 02:30:00,133.63643,154.6199188232422,20.983489990234375
5161,TCN,2013-12-21 02:40:00,151.0685,151.49501037597656,0.426513671875
5161,TCN,2013-12-21 02:50:00,124.377426,155.82638549804688,31.448959350585938
5161,TCN,2013-12-21 03:00:00,127.7924,154.78614807128906,26.993751525878906
5161,TCN,2013-12-21 03:10:00,139.45918,155.5460662841797,16.086883544921875
5161,TCN,2013-12-21 03:20:00,113.931465,152.01275634765625,38.08129119873047
5161,TCN,2013-12-21 03:30:00,122.52346,156.78836059570312,34.26490020751953
5161,TCN,2013-12-21 03:40:00,140.0016,156.69464111328125,16.693038940429688
5161,TCN,2013-12-21 03:50:00,114.012665,161.78634643554688,47.773681640625
5161,TCN,2013-12-21 04:00:00,134.51648,161.63978576660156,27.123306274414062
5161,TCN,2013-12-21 04:10:00,143.63506,166.07244873046875,22.437393188476562
5161,TCN,2013-12-21 04:20:00,108.21252,173.1997833251953,64.98726654052734
5161,TCN,2013-12-21 04:30:00,125.43553,186.75926208496094,61.32373046875
5161,TCN,2013-12-21 04:40:00,124.96248,201.80931091308594,76.84683227539062
5161,TCN,2013-12-21 04:50:00,126.73486,217.96694946289062,91.23208618164062
5161,TCN,2013-12-21 05:00:00,122.21121,231.65859985351562,109.4473876953125
5161,TCN,2013-12-21 05:10:00,121.18922,259.468994140625,138.27978515625
5161,TCN,2013-12-21 05:20:00,108.15403,270.15313720703125,161.99911499023438
5161,TCN,2013-12-21 05:30:00,142.08627,289.6653137207031,147.57904052734375
5161,TCN,2013-12-21 05:40:00,152.99304,310.8382873535156,157.84524536132812
5161,TCN,2013-12-21 05:50:00,118.656975,334.3708190917969,215.71383666992188
5161,TCN,2013-12-21 06:00:00,147.33125,361.6707458496094,214.33949279785156
5161,TCN,2013-12-21 06:10:00,190.5125,380.62945556640625,190.11695861816406
5161,TCN,2013-12-21 06:20:00,157.04753,401.6079406738281,244.56040954589844
5161,TCN,2013-12-21 06:30:00,164.99596,419.9095458984375,254.91358947753906
5161,TCN,2013-12-21 06:40:00,186.3249,435.6396789550781,249.3147735595703
5161,TCN,2013-12-21 06:50:00,186.68721,453.626953125,266.93975830078125
5161,TCN,2013-12-21 07:00:00,205.55937,476.9422607421875,271.38287353515625
5161,TCN,2013-12-21 07:10:00,196.1886,507.1032409667969,310.9146423339844
5161,TCN,2013-12-21 07:20:00,191.43243,536.0690307617188,344.6365966796875
5161,TCN,2013-12-21 07:30:00,309.6655,567.9330444335938,258.2675476074219
5161,TCN,2013-12-21 07:40:00,279.31418,612.0513305664062,332.7371520996094
5161,TCN,2013-12-21 07:50:00,268.88684,642.5609130859375,373.674072265625
5161,TCN,2013-12-21 08:00:00,373.0303,686.5922241210938,313.5619201660156
5161,TCN,2013-12-21 08:10:00,390.93958,715.4816284179688,324.54205322265625
5161,TCN,2013-12-21 08:20:00,502.5741,777.3934326171875,274.8193359375
5161,TCN,2013-12-21 08:30:00,582.16016,811.3823852539062,229.22222900390625
5161,TCN,2013-12-21 08:40:00,601.16113,905.2329711914062,304.07183837890625
5161,TCN,2013-12-21 08:50:00,754.68195,927.9013061523438,173.2193603515625
5161,TCN,2013-12-21 09:00:00,991.0584,1007.2348022460938,16.1763916015625
5161,TCN,2013-12-21 09:10:00,1191.5289,1044.660400390625,146.8685302734375
5161,TCN,2013-12-21 09:20:00,1183.1973,1129.794189453125,53.403076171875
5161,TCN,2013-12-21 09:30:00,1464.5922,1186.2059326171875,278.38623046875
5161,TCN,2013-12-21 09:40:00,1627.2997,1291.3641357421875,335.935546875
5161,TCN,2013-12-21 09:50:00,1823.7963,1384.10009765625,439.6961669921875
5161,TCN,2013-12-21 10:00:00,1806.946,1545.2113037109375,261.7347412109375
5161,TCN,2013-12-21 10:10:00,2013.1069,1634.3665771484375,378.7403564453125
5161,TCN,2013-12-21 10:20:00,2429.8337,1814.3975830078125,615.4361572265625
5161,TCN,2013-12-21 10:30:00,2454.5312,1951.0677490234375,503.4635009765625
5161,TCN,2013-12-21 10:40:00,2610.0925,2114.873046875,495.219482421875
5161,TCN,2013-12-21 10:50:00,3039.9407,2309.7470703125,730.193603515625
5161,TCN,2013-12-21 11:00:00,3289.7625,2520.401611328125,769.36083984375
5161,TCN,2013-12-21 11:10:00,3277.9907,2710.982177734375,567.008544921875
5161,TCN,2013-12-21 11:20:00,3280.9685,2879.649169921875,401.3193359375
5161,TCN,2013-12-21 11:30:00,3712.048,3026.554443359375,685.49365234375
5161,TCN,2013-12-21 11:40:00,3323.208,3336.7177734375,13.509765625
5161,TCN,2013-12-21 11:50:00,3579.2656,3320.048583984375,259.217041015625
5161,TCN,2013-12-21 12:00:00,3672.2627,3503.5302734375,168.732421875
5161,TCN,2013-12-21 12:10:00,3719.9592,3506.211181640625,213.748046875
5161,TCN,2013-12-21 12:20:00,3381.267,3644.066162109375,262.799072265625
5161,TCN,2013-12-21 12:30:00,3742.5396,3541.0283203125,201.51123046875
5161,TCN,2013-12-21 12:40:00,3613.5344,3662.961181640625,49.4267578125
5161,TCN,2013-12-21 12:50:00,3626.5444,3581.817626953125,44.726806640625
5161,TCN,2013-12-21 13:00:00,3952.7932,3667.820068359375,284.97314453125
5161,TCN,2013-12-21 13:10:00,4221.1035,3695.27197265625,525.83154296875
5161,TCN,2013-12-21 13:20:00,4256.292,3856.93798828125,399.35400390625
5161,TCN,2013-12-21 13:30:00,4343.9814,3949.255859375,394.7255859375
5161,TCN,2013-12-21 13:40:00,4247.0474,4078.374267578125,168.673095703125
5161,TCN,2013-12-21 13:50:00,4482.817,4138.3564453125,344.46044921875
5161,TCN,2013-12-21 14:00:00,4332.155,4244.72265625,87.43212890625
5161,TCN,2013-12-21 14:10:00,4579.6787,4267.859375,311.8193359375
5161,TCN,2013-12-21 14:20:00,4600.0444,4377.9150390625,222.12939453125
5161,TCN,2013-12-21 14:30:00,4888.6743,4387.18408203125,501.490234375
5161,TCN,2013-12-21 14:40:00,4814.1216,4513.5595703125,300.56201171875
5161,TCN,2013-12-21 14:50:00,5115.5303,4517.19482421875,598.33544921875
5161,TCN,2013-12-21 15:00:00,4931.132,4646.8642578125,284.267578125
5161,TCN,2013-12-21 15:10:00,5197.4214,4629.94677734375,567.474609375
5161,TCN,2013-12-21 15:20:00,5152.1006,4745.21826171875,406.88232421875
5161,TCN,2013-12-21 15:30:00,5161.938,4734.12890625,427.80908203125
5161,TCN,2013-12-21 15:40:00,5238.3193,4804.89990234375,433.41943359375
5161,TCN,2013-12-21 15:50:00,5195.2695,4776.4189453125,418.8505859375
5161,TCN,2013-12-21 16:00:00,5096.8105,4797.763671875,299.046875
5161,TCN,2013-12-21 16:10:00,4723.406,4748.47802734375,25.072265625
5161,TCN,2013-12-21 16:20:00,4707.66,4664.265625,43.39453125
5161,TCN,2013-12-21 16:30:00,4619.0444,4548.98095703125,70.0634765625
5161,TCN,2013-12-21 16:40:00,4474.9863,4409.146484375,65.83984375
5161,TCN,2013-12-21 16:50:00,4293.826,4264.47021484375,29.35595703125
5161,TCN,2013-12-21 17:00:00,4229.715,4099.75537109375,129.95947265625
5161,TCN,2013-12-21 17:10:00,3847.8635,3956.535888671875,108.67236328125
5161,TCN,2013-12-21 17:20:00,3759.3162,3761.939697265625,2.62353515625
5161,TCN,2013-12-21 17:30:00,3328.4038,3571.926513671875,243.522705078125
5161,TCN,2013-12-21 17:40:00,3298.8416,3299.09423828125,0.252685546875
5161,TCN,2013-12-21 17:50:00,3376.934,3071.41552734375,305.5185546875
5161,TCN,2013-12-21 18:00:00,3115.2852,2772.939453125,342.345703125
5161,TCN,2013-12-21 18:10:00,2839.4736,2434.54443359375,404.92919921875
5161,TCN,2013-12-21 18:20:00,2628.2603,2003.1331787109375,625.1270751953125
5161,TCN,2013-12-21 18:30:00,2649.7197,1728.15966796875,921.56005859375
5161,TCN,2013-12-21 18:40:00,2409.6824,1544.4805908203125,865.2017822265625
5161,TCN,2013-12-21 18:50:00,2318.0325,1428.5498046875,889.482666015625
5161,TCN,2013-12-21 19:00:00,2096.1624,1315.8927001953125,780.2696533203125
5161,TCN,2013-12-21 19:10:00,1898.765,1266.156494140625,632.6085205078125
5161,TCN,2013-12-21 19:20:00,1636.9043,1220.9217529296875,415.9825439453125
5161,TCN,2013-12-21 19:30:00,1420.6627,1190.75634765625,229.9063720703125
5161,TCN,2013-12-21 19:40:00,1195.5848,1159.7711181640625,35.813720703125
5161,TCN,2013-12-21 19:50:00,1291.7339,1138.8062744140625,152.9276123046875
5161,TCN,2013-12-21 20:00:00,1121.3544,1124.1778564453125,2.823486328125
5161,TCN,2013-12-21 20:10:00,1123.2998,1107.2957763671875,16.0040283203125
5161,TCN,2013-12-21 20:20:00,1009.4167,1088.8841552734375,79.46746826171875
5161,TCN,2013-12-21 20:30:00,1009.57367,1051.8065185546875,42.23284912109375
5161,TCN,2013-12-21 20:40:00,845.9599,975.6129150390625,129.65301513671875
5161,TCN,2013-12-21 20:50:00,824.4452,923.334716796875,98.8895263671875
5161,TCN,2013-12-21 21:00:00,1049.9863,858.6153564453125,191.3709716796875
5161,TCN,2013-12-21 21:10:00,899.4314,810.2742919921875,89.1571044921875
5161,TCN,2013-12-21 21:20:00,778.83716,765.4921264648438,13.34503173828125
5161,TCN,2013-12-21 21:30:00,784.3658,711.5518798828125,72.81390380859375
5161,TCN,2013-12-21 21:40:00,847.26514,665.1945190429688,182.07061767578125
5161,TCN,2013-12-21 21:50:00,807.616,620.274658203125,187.34136962890625
5161,TCN,2013-12-21 22:00:00,717.5035,586.0255126953125,131.47796630859375
5161,TCN,2013-12-21 22:10:00,554.8814,554.625,0.25640869140625
5161,TCN,2013-12-21 22:20:00,431.04718,515.1563110351562,84.109130859375
5161,TCN,2013-12-21 22:30:00,450.61215,505.2151794433594,54.60302734375
5161,TCN,2013-12-21 22:40:00,378.2581,475.5023498535156,97.2442626953125
5161,TCN,2013-12-21 22:50:00,413.0446,460.8518371582031,47.8072509765625
5161,TCN,2013-12-21 23:00:00,416.8296,425.5126647949219,8.683074951171875
5161,TCN,2013-12-21 23:10:00,471.00955,407.8096618652344,63.19989013671875
5161,TCN,2013-12-21 23:20:00,364.3126,374.5528259277344,10.240234375
5161,TCN,2013-12-21 23:30:00,317.07718,354.5835876464844,37.50640869140625
5161,TCN,2013-12-21 23:40:00,296.8996,325.6986083984375,28.79901123046875
5161,TCN,2013-12-21 23:50:00,202.74721,303.79248046875,101.04527282714844
5161,TCN,2013-12-22 00:00:00,218.88101,281.5076904296875,62.626678466796875
5161,TCN,2013-12-22 00:10:00,220.17168,266.6751708984375,46.50349426269531
5161,TCN,2013-12-22 00:20:00,203.0266,248.97235107421875,45.94575500488281
5161,TCN,2013-12-22 00:30:00,209.5705,242.20513916015625,32.6346435546875
5161,TCN,2013-12-22 00:40:00,187.73396,232.45701599121094,44.723052978515625
5161,TCN,2013-12-22 00:50:00,179.95674,228.25057983398438,48.29383850097656
5161,TCN,2013-12-22 01:00:00,176.40178,221.49818420410156,45.096405029296875
5161,TCN,2013-12-22 01:10:00,158.61143,216.220703125,57.60926818847656
5161,TCN,2013-12-22 01:20:00,179.7534,214.38644409179688,34.63304138183594
5161,TCN,2013-12-22 01:30:00,155.42879,208.12779235839844,52.699005126953125
5161,TCN,2013-12-22 01:40:00,161.61684,206.15460205078125,44.53776550292969
5161,TCN,2013-12-22 01:50:00,163.42894,207.6978302001953,44.268890380859375
5161,TCN,2013-12-22 02:00:00,154.28816,210.19493103027344,55.906768798828125
5161,TCN,2013-12-22 02:10:00,142.01357,213.10415649414062,71.09059143066406
5161,TCN,2013-12-22 02:20:00,155.68127,214.6130828857422,58.93180847167969
5161,TCN,2013-12-22 02:30:00,147.15718,213.87022399902344,66.71304321289062
5161,TCN,2013-12-22 02:40:00,156.03911,207.16409301757812,51.12498474121094
5161,TCN,2013-12-22 02:50:00,151.39172,200.49586486816406,49.10414123535156
5161,TCN,2013-12-22 03:00:00,144.24457,193.15895080566406,48.91438293457031
5161,TCN,2013-12-22 03:10:00,145.34608,193.119140625,47.77305603027344
5161,TCN,2013-12-22 03:20:00,149.29715,192.7062530517578,43.40910339355469
5161,TCN,2013-12-22 03:30:00,156.20477,193.67379760742188,37.469024658203125
5161,TCN,2013-12-22 03:40:00,148.22444,186.7987823486328,38.5743408203125
5161,TCN,2013-12-22 03:50:00,137.28139,183.41896057128906,46.1375732421875
5161,TCN,2013-12-22 04:00:00,175.68718,163.82427978515625,11.862899780273438
5161,TCN,2013-12-22 04:10:00,188.8816,151.03536987304688,37.84623718261719
5161,TCN,2013-12-22 04:20:00,153.52303,123.40618133544922,30.116844177246094
5161,TCN,2013-12-22 04:30:00,166.23944,115.23867797851562,51.000762939453125
5161,TCN,2013-12-22 04:40:00,139.73802,95.01417541503906,44.723846435546875
5161,TCN,2013-12-22 04:50:00,167.06377,107.27608489990234,59.787681579589844
5161,TCN,2013-12-22 05:00:00,157.21971,141.2822265625,15.937484741210938
5161,TCN,2013-12-22 05:10:00,191.82173,179.30712890625,12.514602661132812
5161,TCN,2013-12-22 05:20:00,174.44112,211.94650268554688,37.50538635253906
5161,TCN,2013-12-22 05:30:00,181.11992,237.6542205810547,56.5343017578125
5161,TCN,2013-12-22 05:40:00,198.58919,260.69476318359375,62.10557556152344
5161,TCN,2013-12-22 05:50:00,175.94362,278.18017578125,102.23655700683594
5161,TCN,2013-12-22 06:00:00,185.95343,299.6378173828125,113.68438720703125
5161,TCN,2013-12-22 06:10:00,169.4521,318.50799560546875,149.05589294433594
5161,TCN,2013-12-22 06:20:00,143.36398,341.88568115234375,198.52169799804688
5161,TCN,2013-12-22 06:30:00,193.89926,359.7123107910156,165.81304931640625
5161,TCN,2013-12-22 06:40:00,184.47607,375.20196533203125,190.72589111328125
5161,TCN,2013-12-22 06:50:00,240.31914,392.3739013671875,152.0547637939453
5161,TCN,2013-12-22 07:00:00,326.52258,414.5023498535156,87.97976684570312
5161,TCN,2013-12-22 07:10:00,215.69339,443.9403991699219,228.24700927734375
5161,TCN,2013-12-22 07:20:00,260.60254,484.24627685546875,223.64373779296875
5161,TCN,2013-12-22 07:30:00,264.78928,522.8777465820312,258.0884704589844
5161,TCN,2013-12-22 07:40:00,250.56297,568.2012329101562,317.63824462890625
5161,TCN,2013-12-22 07:50:00,314.787,610.2908325195312,295.50384521484375
5161,TCN,2013-12-22 08:00:00,313.99716,650.2039184570312,336.2067565917969
5161,TCN,2013-12-22 08:10:00,307.73666,718.1485595703125,410.4118957519531
5161,TCN,2013-12-22 08:20:00,368.32416,781.2611694335938,412.93701171875
5161,TCN,2013-12-22 08:30:00,479.69916,846.3786010742188,366.679443359375
5161,TCN,2013-12-22 08:40:00,485.31552,924.3583984375,439.0428771972656
5161,TCN,2013-12-22 08:50:00,637.48254,1007.82421875,370.3416748046875
5161,TCN,2013-12-22 09:00:00,769.5695,1129.9232177734375,360.35369873046875
5161,TCN,2013-12-22 09:10:00,1042.939,1169.6583251953125,126.7193603515625
5161,TCN,2013-12-22 09:20:00,1120.0114,1274.524658203125,154.5133056640625
5161,TCN,2013-12-22 09:30:00,1506.1578,1333.1602783203125,172.99755859375
5161,TCN,2013-12-22 09:40:00,1612.749,1442.89208984375,169.85693359375
5161,TCN,2013-12-22 09:50:00,1948.4683,1520.3812255859375,428.0870361328125
5161,TCN,2013-12-22 10:00:00,1964.9064,1640.8538818359375,324.052490234375
5161,TCN,2013-12-22 10:10:00,2264.9587,1711.4256591796875,553.5330810546875
5161,TCN,2013-12-22 10:20:00,2556.0422,1893.4510498046875,662.5911865234375
5161,TCN,2013-12-22 10:30:00,2781.1304,2035.8548583984375,745.2755126953125
5161,TCN,2013-12-22 10:40:00,2721.041,2355.89794921875,365.14306640625
5161,TCN,2013-12-22 10:50:00,2945.836,2520.627685546875,425.208251953125
5161,TCN,2013-12-22 11:00:00,3088.5342,2699.55322265625,388.98095703125
5161,TCN,2013-12-22 11:10:00,3307.9297,2775.60302734375,532.32666015625
5161,TCN,2013-12-22 11:20:00,3401.1375,2918.87744140625,482.260009765625
5161,TCN,2013-12-22 11:30:00,3480.9958,3054.9560546875,426.039794921875
5161,TCN,2013-12-22 11:40:00,3382.0596,3242.286865234375,139.772705078125
5161,TCN,2013-12-22 11:50:00,3540.3796,3322.351318359375,218.0283203125
5161,TCN,2013-12-22 12:00:00,3520.159,3424.953857421875,95.205078125
5161,TCN,2013-12-22 12:10:00,3635.4126,3435.79638671875,199.6162109375
5161,TCN,2013-12-22 12:20:00,3604.9355,3506.83935546875,98.09619140625
5161,TCN,2013-12-22 12:30:00,3322.62,3508.651611328125,186.031494140625
5161,TCN,2013-12-22 12:40:00,3709.6125,3448.65966796875,260.952880859375
5161,TCN,2013-12-22 12:50:00,3698.953,3500.93310546875,198.019775390625
5161,TCN,2013-12-22 13:00:00,3807.0195,3478.613037109375,328.406494140625
5161,TCN,2013-12-22 13:10:00,3881.282,3590.348876953125,290.93310546875
5161,TCN,2013-12-22 13:20:00,4090.7812,3615.045166015625,475.736083984375
5161,TCN,2013-12-22 13:30:00,4110.3506,3774.738037109375,335.612548828125
5161,TCN,2013-12-22 13:40:00,4074.6938,3855.10009765625,219.59375
5161,TCN,2013-12-22 13:50:00,3939.6633,3963.5859375,23.922607421875
5161,TCN,2013-12-22 14:00:00,4441.4775,3973.99853515625,467.47900390625
5161,TCN,2013-12-22 14:10:00,4475.815,4121.33935546875,354.4755859375
5161,TCN,2013-12-22 14:20:00,4638.5596,4184.02294921875,454.53662109375
5161,TCN,2013-12-22 14:30:00,4911.654,4332.0078125,579.64599609375
5161,TCN,2013-12-22 14:40:00,4693.617,4428.72119140625,264.89599609375
5161,TCN,2013-12-22 14:50:00,4772.321,4526.666015625,245.65478515625
5161,TCN,2013-12-22 15:00:00,4917.944,4607.8037109375,310.14013671875
5161,TCN,2013-12-22 15:10:00,5202.037,4669.14697265625,532.89013671875
5161,TCN,2013-12-22 15:20:00,5496.4404,4764.3701171875,732.0703125
5161,TCN,2013-12-22 15:30:00,5148.8115,4881.7998046875,267.01171875
5161,TCN,2013-12-22 15:40:00,5170.4727,4904.46533203125,266.00732421875
5161,TCN,2013-12-22 15:50:00,5197.569,4933.8125,263.75634765625
5161,TCN,2013-12-22 16:00:00,5111.876,4867.00732421875,244.86865234375
5161,TCN,2013-12-22 16:10:00,5203.0317,4859.30078125,343.73095703125
5161,TCN,2013-12-22 16:20:00,4704.4346,4820.1181640625,115.68359375
5161,TCN,2013-12-22 16:30:00,4574.6064,4733.146484375,158.5400390625
5161,TCN,2013-12-22 16:40:00,4689.8677,4628.03564453125,61.83203125
5161,TCN,2013-12-22 16:50:00,4508.6577,4520.86669921875,12.208984375
5161,TCN,2013-12-22 17:00:00,4076.4365,4392.103515625,315.6669921875
5161,TCN,2013-12-22 17:10:00,3945.8662,4251.171875,305.3056640625
5161,TCN,2013-12-22 17:20:00,3792.1099,4075.1005859375,282.99072265625
5161,TCN,2013-12-22 17:30:00,3426.2136,3887.166259765625,460.95263671875
5161,TCN,2013-12-22 17:40:00,3258.95,3651.924560546875,392.974609375
5161,TCN,2013-12-22 17:50:00,3132.6306,3375.627197265625,242.99658203125
5161,TCN,2013-12-22 18:00:00,2755.7332,2998.014404296875,242.28125
5161,TCN,2013-12-22 18:10:00,2439.4658,2492.73095703125,53.26513671875
5161,TCN,2013-12-22 18:20:00,2133.372,2043.272705078125,90.099365234375
5161,TCN,2013-12-22 18:30:00,1886.3403,1727.097900390625,159.242431640625
5161,TCN,2013-12-22 18:40:00,1736.2622,1545.2935791015625,190.9686279296875
5161,TCN,2013-12-22 18:50:00,1414.5424,1401.02294921875,13.5194091796875
5161,TCN,2013-12-22 19:00:00,1426.4116,1312.9151611328125,113.4964599609375
5161,TCN,2013-12-22 19:10:00,1313.5432,1254.043701171875,59.49951171875
5161,TCN,2013-12-22 19:20:00,1210.7015,1210.253662109375,0.4478759765625
5161,TCN,2013-12-22 19:30:00,1004.9643,1177.90234375,172.93804931640625
5161,TCN,2013-12-22 19:40:00,878.2758,1148.6031494140625,270.32733154296875
5161,TCN,2013-12-22 19:50:00,916.84094,1128.8150634765625,211.97412109375
5161,TCN,2013-12-22 20:00:00,756.34454,1102.419189453125,346.07464599609375
5161,TCN,2013-12-22 20:10:00,573.801,1087.8175048828125,514.0164794921875
5161,TCN,2013-12-22 20:20:00,561.53125,1072.8367919921875,511.3055419921875
5161,TCN,2013-12-22 20:30:00,604.3314,1037.1827392578125,432.851318359375
5161,TCN,2013-12-22 20:40:00,415.2736,967.4790649414062,552.2054443359375
5161,TCN,2013-12-22 20:50:00,512.7652,902.9375610351562,390.17236328125
5161,TCN,2013-12-22 21:00:00,696.9035,824.1437377929688,127.240234375
5161,TCN,2013-12-22 21:10:00,547.44727,773.5057983398438,226.05853271484375
5161,TCN,2013-12-22 21:20:00,431.02182,697.5455322265625,266.5237121582031
5161,TCN,2013-12-22 21:30:00,381.10562,657.3128662109375,276.2072448730469
5161,TCN,2013-12-22 21:40:00,402.65027,622.1765747070312,219.52630615234375
5161,TCN,2013-12-22 21:50:00,363.70206,601.1362915039062,237.43423461914062
5161,TCN,2013-12-22 22:00:00,364.70593,576.3045654296875,211.5986328125
5161,TCN,2013-12-22 22:10:00,293.6267,552.5322875976562,258.90557861328125
5161,TCN,2013-12-22 22:20:00,271.79803,521.9027709960938,250.104736328125
5161,TCN,2013-12-22 22:30:00,254.00238,500.77203369140625,246.7696533203125
5161,TCN,2013-12-22 22:40:00,280.6933,474.6078796386719,193.91458129882812
5161,TCN,2013-12-22 22:50:00,230.58522,454.0271301269531,223.44190979003906
5161,TCN,2013-12-22 23:00:00,387.96762,424.6805419921875,36.712921142578125
5161,TCN,2013-12-22 23:10:00,304.68597,401.3145751953125,96.62860107421875
5161,TCN,2013-12-22 23:20:00,224.13417,363.3636779785156,139.22950744628906
5161,TCN,2013-12-22 23:30:00,207.78978,337.90179443359375,130.1120147705078
5161,TCN,2013-12-22 23:40:00,174.19856,307.3873291015625,133.1887664794922
5161,TCN,2013-12-22 23:50:00,156.3859,286.9813232421875,130.59542846679688
5059,LightGBM,2013-12-16 00:00:00,285.94077,348.781143316513,62.840377935653635
5059,LightGBM,2013-12-16 00:10:00,386.73553,335.103281749987,51.63225291798176
5059,LightGBM,2013-12-16 00:20:00,393.29654,352.7787635364006,40.51777577024001
5059,LightGBM,2013-12-16 00:30:00,306.3335,332.8810709337799,26.54757484002988
5059,LightGBM,2013-12-16 00:40:00,378.2484,334.1294878739002,44.11892521203731
5059,LightGBM,2013-12-16 00:50:00,379.74503,348.5043341826584,31.240691452107228
5059,LightGBM,2013-12-16 01:00:00,313.56323,328.0311114754187,14.467879053543697
5059,LightGBM,2013-12-16 01:10:00,363.47128,336.4384531810277,27.032829777956692
5059,LightGBM,2013-12-16 01:20:00,355.76028,350.6725696095827,5.08771481424543
5059,LightGBM,2013-12-16 01:30:00,261.89465,326.7795882775823,64.88493495726982
5059,LightGBM,2013-12-16 01:40:00,322.91937,319.01747136343306,3.90190119516069
5059,LightGBM,2013-12-16 01:50:00,333.58017,320.7084566780525,12.871712999681847
5059,LightGBM,2013-12-16 02:00:00,266.3287,292.96073150311423,26.632026669129857
5059,LightGBM,2013-12-16 02:10:00,306.63855,306.98471121352827,0.3461614088407714
5059,LightGBM,2013-12-16 02:20:00,328.371,308.5056157774887,19.86538641977694
5059,LightGBM,2013-12-16 02:30:00,275.8581,276.7591491368748,0.9010558751560325
5059,LightGBM,2013-12-16 02:40:00,306.56317,305.63247967057123,0.9306917161475212
5059,LightGBM,2013-12-16 02:50:00,331.5537,299.8478462237607,31.705864713739288
5059,LightGBM,2013-12-16 03:00:00,273.42023,279.4001636979318,5.979936647150566
5059,LightGBM,2013-12-16 03:10:00,283.75247,299.21357921615635,15.461107292328222
5059,LightGBM,2013-12-16 03:20:00,342.6617,298.34745397020407,44.3142586762803
5059,LightGBM,2013-12-16 03:30:00,282.18365,287.0733574198282,4.8897026346719485
5059,LightGBM,2013-12-16 03:40:00,295.69342,291.2286327976568,4.4647876124994355
5059,LightGBM,2013-12-16 03:50:00,306.71826,306.9236530922065,0.20539137345650715
5059,LightGBM,2013-12-16 04:00:00,245.5802,279.7706975398072,34.1904973444947
5059,LightGBM,2013-12-16 04:10:00,309.10986,270.243543881139,38.866319400111024
5059,LightGBM,2013-12-16 04:20:00,342.4906,297.913601379834,44.576999206103494
5059,LightGBM,2013-12-16 04:30:00,240.64575,281.7494657901134,41.10371383698839
5059,LightGBM,2013-12-16 04:40:00,299.0204,300.7757289528382,1.7553432106507216
5059,LightGBM,2013-12-16 04:50:00,351.99677,311.9520920739028,40.044673062815946
5059,LightGBM,2013-12-16 05:00:00,318.0458,284.2192014847806,33.826605399985
5059,LightGBM,2013-12-16 05:10:00,378.69785,313.4123927933218,65.28545266566255
5059,LightGBM,2013-12-16 05:20:00,356.13885,350.77317114085264,5.365683839616111
5059,LightGBM,2013-12-16 05:30:00,384.46634,333.7743521030441,50.691987008284
5059,LightGBM,2013-12-16 05:40:00,370.89133,377.82467687857445,6.933349974277576
5059,LightGBM,2013-12-16 05:50:00,362.3277,379.30500201991714,16.97730426601089
5059,LightGBM,2013-12-16 06:00:00,336.9213,408.4718510149032,71.5505558488876
5059,LightGBM,2013-12-16 06:10:00,390.61447,414.94037915865243,24.32590772310556
5059,LightGBM,2013-12-16 06:20:00,425.83823,432.5488531541767,6.7106268358173224
5059,LightGBM,2013-12-16 06:30:00,418.44138,442.93267399672067,24.49129826429879
5059,LightGBM,2013-12-16 06:40:00,511.0615,479.2256251070464,31.83586781287545
5059,LightGBM,2013-12-16 06:50:00,629.23,542.3922166467321,86.8377638220179
5059,LightGBM,2013-12-16 07:00:00,653.4199,601.4078420927816,52.01207978221839
5059,LightGBM,2013-12-16 07:10:00,761.4895,760.6068209821716,0.8826809709534018
5059,LightGBM,2013-12-16 07:20:00,882.3408,917.8838839097974,35.54306359729742
5059,LightGBM,2013-12-16 07:30:00,1032.548,976.8166697144368,55.731303918375716
5059,LightGBM,2013-12-16 07:40:00,1124.1259,1074.005319476289,50.12053501589844
5059,LightGBM,2013-12-16 07:50:00,1236.5492,1239.5810356052505,3.031841269312963
5059,LightGBM,2013-12-16 08:00:00,1481.2483,1280.6105146921836,200.63777632344136
5059,LightGBM,2013-12-16 08:10:00,1428.5942,1503.9815817487058,75.38734346745582
5059,LightGBM,2013-12-16 08:20:00,1552.4648,1567.2637164547034,14.798872704703399
5059,LightGBM,2013-12-16 08:30:00,1488.8282,1664.796517883131,175.96827081281845
5059,LightGBM,2013-12-16 08:40:00,1661.2596,1673.419822182077,12.160178627389541
5059,LightGBM,2013-12-16 08:50:00,1617.4148,1759.2352848723056,141.82048995043056
5059,LightGBM,2013-12-16 09:00:00,1664.484,1786.7419776468328,122.25796885777027
5059,LightGBM,2013-12-16 09:10:00,1834.0756,1865.7818969653251,31.70633544188763
5059,LightGBM,2013-12-16 09:20:00,1817.0442,1897.893144866116,80.84895541299102
5059,LightGBM,2013-12-16 09:30:00,1880.4312,1933.335602007821,52.90444966407108
5059,LightGBM,2013-12-16 09:40:00,1992.1698,2036.94878563665,44.77898583196247
5059,LightGBM,2013-12-16 09:50:00,2007.4948,2041.864635198377,34.36988422181457
5059,LightGBM,2013-12-16 10:00:00,1981.7075,2144.5869580800154,162.8794385487654
5059,LightGBM,2013-12-16 10:10:00,2184.5686,2147.1237007457166,37.44490276990837
5059,LightGBM,2013-12-16 10:20:00,1968.1714,2167.04168899651,198.87030227775995
5059,LightGBM,2013-12-16 10:30:00,2176.2668,2224.007031022719,47.74018531959382
5059,LightGBM,2013-12-16 10:40:00,2058.1226,2228.3815093724706,170.25895077872065
5059,LightGBM,2013-12-16 10:50:00,2211.933,2249.332163228939,37.39905776018895
5059,LightGBM,2013-12-16 11:00:00,2043.0377,2349.856784301743,306.8190645751806
5059,LightGBM,2013-12-16 11:10:00,2347.7483,2265.8156161218453,81.93267489377968
5059,LightGBM,2013-12-16 11:20:00,2503.83,2443.478752776794,60.351325348206046
5059,LightGBM,2013-12-16 11:30:00,2471.3293,2461.4811356057953,9.848210097329684
5059,LightGBM,2013-12-16 11:40:00,2487.8162,2521.1967775271896,33.380615417814624
5059,LightGBM,2013-12-16 11:50:00,2553.4895,2616.967378220137,63.47787626701211
5059,LightGBM,2013-12-16 12:00:00,2654.5225,2555.7091678009424,98.8132931365576
5059,LightGBM,2013-12-16 12:10:00,2750.8955,2676.6023381890755,74.29316962342455
5059,LightGBM,2013-12-16 12:20:00,2822.154,2707.122053880452,115.03199885392314
5059,LightGBM,2013-12-16 12:30:00,2701.6877,2823.5728262147127,121.88508207408768
5059,LightGBM,2013-12-16 12:40:00,2846.589,2754.5386702858436,92.05044104228136
5059,LightGBM,2013-12-16 12:50:00,2761.5703,2763.784671758262,2.214359258261993
5059,LightGBM,2013-12-16 13:00:00,2679.1482,2849.3306485843195,170.18245522494453
5059,LightGBM,2013-12-16 13:10:00,2846.7756,2758.5151098002807,88.2605249653443
5059,LightGBM,2013-12-16 13:20:00,2534.2056,2829.67169826948,295.4661318632302
5059,LightGBM,2013-12-16 13:30:00,2814.8188,2736.2981834857687,78.52066417048127
5059,LightGBM,2013-12-16 13:40:00,2797.125,2784.2430505050143,12.881949494985747
5059,LightGBM,2013-12-16 13:50:00,2632.9592,2786.019933947322,153.060705431697
5059,LightGBM,2013-12-16 14:00:00,2719.9246,2810.307433213173,90.38287266629823
5059,LightGBM,2013-12-16 14:10:00,2737.278,2852.3227695576365,115.04469338576155
5059,LightGBM,2013-12-16 14:20:00,2688.813,2734.515356510403,45.70236822915285
5059,LightGBM,2013-12-16 14:30:00,2614.5593,2808.636633380265,194.0773072083898
5059,LightGBM,2013-12-16 14:40:00,2702.127,2790.402002428086,88.27504930308578
5059,LightGBM,2013-12-16 14:50:00,2748.7913,2757.05719810208,8.265938336454838
5059,LightGBM,2013-12-16 15:00:00,2634.2102,2787.7510198684513,153.5408147903263
5059,LightGBM,2013-12-16 15:10:00,2628.354,2710.7054933632994,82.35148945704941
5059,LightGBM,2013-12-16 15:20:00,2626.0117,2638.5969536707,12.585234920699804
5059,LightGBM,2013-12-16 15:30:00,2563.6245,2698.6082465091185,134.98373479036854
5059,LightGBM,2013-12-16 15:40:00,2649.9111,2593.246550208051,56.66458260444915
5059,LightGBM,2013-12-16 15:50:00,2494.1238,2666.4050408236067,172.28126152673167
5059,LightGBM,2013-12-16 16:00:00,2457.8,2562.614243975485,104.8141951473599
5059,LightGBM,2013-12-16 16:10:00,2545.8594,2618.253339955458,72.39396495545816
5059,LightGBM,2013-12-16 16:20:00,2543.695,2534.5869924571434,9.108075902231576
5059,LightGBM,2013-12-16 16:30:00,2322.1726,2680.616331704509,358.44372428263387
5059,LightGBM,2013-12-16 16:40:00,2663.597,2539.2780773999875,124.31884642813748
5059,LightGBM,2013-12-16 16:50:00,2480.9702,2546.0757799530625,65.10556510931247
5059,LightGBM,2013-12-16 17:00:00,2258.544,2455.3304620311737,196.78651671867374
5059,LightGBM,2013-12-16 17:10:00,2365.5015,2427.23154322478,61.730078381030125
5059,LightGBM,2013-12-16 17:20:00,2013.1088,2346.152825268687,333.04406062024964
5059,LightGBM,2013-12-16 17:30:00,2151.991,1996.5185355112794,155.47243128559558
5059,LightGBM,2013-12-16 17:40:00,2143.1855,2145.944153280916,2.758606405915998
5059,LightGBM,2013-12-16 17:50:00,2088.3982,2091.8774497375443,3.479256378169339
5059,LightGBM,2013-12-16 18:00:00,1917.8798,1935.9458600813018,18.066099339114317
5059,LightGBM,2013-12-16 18:10:00,1961.1852,1857.2011918897958,103.98398877426666
5059,LightGBM,2013-12-16 18:20:00,1886.3073,1860.6202685642143,25.686982412348243
5059,LightGBM,2013-12-16 18:30:00,1575.9323,1799.5492856106334,223.61703463407093
5059,LightGBM,2013-12-16 18:40:00,1596.1409,1614.9436999045124,18.802830763887414
5059,LightGBM,2013-12-16 18:50:00,1528.1525,1527.233637718988,0.9188281013246069
5059,LightGBM,2013-12-16 19:00:00,1413.2109,1404.7509943434948,8.459943156505233
5059,LightGBM,2013-12-16 19:10:00,1425.4017,1318.9931542921038,106.40857910633372
5059,LightGBM,2013-12-16 19:20:00,1304.2976,1347.6900405750864,43.392433153211414
5059,LightGBM,2013-12-16 19:30:00,1109.7107,1320.1648943888054,210.45420102943035
5059,LightGBM,2013-12-16 19:40:00,1243.8564,1118.1202865026573,125.73615880984266
5059,LightGBM,2013-12-16 19:50:00,1135.4084,1210.5734517230503,75.16500445742531
5059,LightGBM,2013-12-16 20:00:00,1075.4208,1084.37203850103,8.95126213384242
5059,LightGBM,2013-12-16 20:10:00,1103.3552,1059.09234550199,44.26287910738506
5059,LightGBM,2013-12-16 20:20:00,1062.0172,1082.6437250971906,20.626513183128054
5059,LightGBM,2013-12-16 20:30:00,1051.4791,1007.4180559446124,44.06107003195007
5059,LightGBM,2013-12-16 20:40:00,827.939,1022.3437246550108,194.4046987761045
5059,LightGBM,2013-12-16 20:50:00,939.1461,899.7477330495067,39.39838511455582
5059,LightGBM,2013-12-16 21:00:00,864.99567,952.2798588380339,87.28419233412762
5059,LightGBM,2013-12-16 21:10:00,945.5177,844.3455068658959,101.17219332941659
5059,LightGBM,2013-12-16 21:20:00,929.39575,874.3105225876111,55.0852293655139
5059,LightGBM,2013-12-16 21:30:00,795.038,872.515981013458,77.47795611111428
5059,LightGBM,2013-12-16 21:40:00,731.85895,808.8433360742375,76.98438832033128
5059,LightGBM,2013-12-16 21:50:00,685.2888,775.7170619094583,90.42824355008327
5059,LightGBM,2013-12-16 22:00:00,619.82666,715.9308226228953,96.10416246664533
5059,LightGBM,2013-12-16 22:10:00,686.6954,635.366501852225,51.32887168293121
5059,LightGBM,2013-12-16 22:20:00,627.1446,740.4502247304398,113.30563244528355
5059,LightGBM,2013-12-16 22:30:00,526.67584,622.8729112515275,96.19706896637126
5059,LightGBM,2013-12-16 22:40:00,549.4768,590.040793908025,40.563987267399966
5059,LightGBM,2013-12-16 22:50:00,507.38956,568.2961528324051,60.90659594763952
5059,LightGBM,2013-12-16 23:00:00,502.82867,472.7925286258027,30.036145690603576
5059,LightGBM,2013-12-16 23:10:00,557.64825,485.1451476582697,72.50310673626154
5059,LightGBM,2013-12-16 23:20:00,453.33533,517.6100854292804,64.27475828084289
5059,LightGBM,2013-12-16 23:30:00,434.28394,461.62575033535484,27.341814788479837
5059,LightGBM,2013-12-16 23:40:00,643.6172,421.7112997238681,221.90588777613192
5059,LightGBM,2013-12-16 23:50:00,377.2396,464.9089022799043,87.66930877404491
5059,LightGBM,2013-12-17 00:00:00,420.13507,393.2250307807556,26.910040020025633
5059,LightGBM,2013-12-17 00:10:00,382.49466,418.4138273029244,35.91916787909628
5059,LightGBM,2013-12-17 00:20:00,372.3956,363.3552679295393,9.040331435695066
5059,LightGBM,2013-12-17 00:30:00,354.82898,373.24810210895413,18.41912261676663
5059,LightGBM,2013-12-17 00:40:00,326.95477,365.6313215618133,38.67654861259456
5059,LightGBM,2013-12-17 00:50:00,285.24146,340.49011640230384,55.24866132417884
5059,LightGBM,2013-12-17 01:00:00,307.27518,342.75303771532265,35.47786071336952
5059,LightGBM,2013-12-17 01:10:00,322.3455,318.4500424364494,3.895447065503731
5059,LightGBM,2013-12-17 01:20:00,270.39795,302.6502585422724,32.25230932352241
5059,LightGBM,2013-12-17 01:30:00,287.36633,313.1788588056232,25.81252579781068
5059,LightGBM,2013-12-17 01:40:00,300.23834,306.8027876293124,6.564445344156127
5059,LightGBM,2013-12-17 01:50:00,249.70934,284.2118231709376,34.50248784378914
5059,LightGBM,2013-12-17 02:00:00,278.10532,279.6400255243579,1.5347093622485204
5059,LightGBM,2013-12-17 02:10:00,289.59515,290.68345846760263,1.0883046590088838
5059,LightGBM,2013-12-17 02:20:00,263.2437,277.8719233475645,14.628209968658268
5059,LightGBM,2013-12-17 02:30:00,275.8497,276.2478029696361,0.3981020419017227
5059,LightGBM,2013-12-17 02:40:00,302.6184,287.60187688757327,15.016531315551731
5059,LightGBM,2013-12-17 02:50:00,267.39505,283.35794943892324,15.962899390095117
5059,LightGBM,2013-12-17 03:00:00,294.62833,278.14647009707954,16.48185631893608
5059,LightGBM,2013-12-17 03:10:00,295.62772,301.48684860789547,5.8591325434423425
5059,LightGBM,2013-12-17 03:20:00,270.77686,282.2870410101359,11.510185541385908
5059,LightGBM,2013-12-17 03:30:00,253.19948,279.7883302092921,26.588852059878036
5059,LightGBM,2013-12-17 03:40:00,297.35254,285.3602351494159,11.992303913084072
5059,LightGBM,2013-12-17 03:50:00,271.64038,280.88548559174205,9.245104732367054
5059,LightGBM,2013-12-17 04:00:00,261.4262,274.0698379763397,12.643629480245977
5059,LightGBM,2013-12-17 04:10:00,315.23523,285.06725862599296,30.167970866194537
5059,LightGBM,2013-12-17 04:20:00,340.9571,287.2470083002901,53.71008398486617
5059,LightGBM,2013-12-17 04:30:00,281.91028,300.1266658938892,18.216387573576696
5059,LightGBM,2013-12-17 04:40:00,331.3453,317.8311397241743,13.514166672310068
5059,LightGBM,2013-12-17 04:50:00,279.85925,317.8186313027943,37.9593783731068
5059,LightGBM,2013-12-17 05:00:00,283.45944,303.523245589169,20.06380345049712
5059,LightGBM,2013-12-17 05:10:00,337.38727,312.2941237736444,25.09314429276185
5059,LightGBM,2013-12-17 05:20:00,331.45905,309.54668571618663,21.91235969396962
5059,LightGBM,2013-12-17 05:30:00,294.91028,320.0913459813612,25.1810676610487
5059,LightGBM,2013-12-17 05:40:00,379.7659,348.24502939747276,31.520870260730362
5059,LightGBM,2013-12-17 05:50:00,342.52347,342.6192650086339,0.09579699105574946
5059,LightGBM,2013-12-17 06:00:00,393.1728,363.3560540671221,29.816736460221648
5059,LightGBM,2013-12-17 06:10:00,446.57346,418.4784908740636,28.09496493648328
5059,LightGBM,2013-12-17 06:20:00,479.6781,465.31970100940975,14.358399576527745
5059,LightGBM,2013-12-17 06:30:00,454.89655,509.0318816494601,54.135336239303854
5059,LightGBM,2013-12-17 06:40:00,550.1103,559.9885858469926,9.878295319648828
5059,LightGBM,2013-12-17 06:50:00,753.2259,607.7099789981517,145.5159121151296
5059,LightGBM,2013-12-17 07:00:00,753.5956,789.7324100344172,36.13682897972967
5059,LightGBM,2013-12-17 07:10:00,825.61786,872.685179700669,47.06732081395023
5059,LightGBM,2013-12-17 07:20:00,969.22736,1015.4733971973785,46.24604124034727
5059,LightGBM,2013-12-17 07:30:00,1102.4698,1096.666401660682,5.803446972130587
5059,LightGBM,2013-12-17 07:40:00,1151.8215,1227.133003519347,75.31147031622208
5059,LightGBM,2013-12-17 07:50:00,1323.192,1304.2457617982673,18.946254803295233
5059,LightGBM,2013-12-17 08:00:00,1353.7091,1441.0906595189906,87.3815530736781
5059,LightGBM,2013-12-17 08:10:00,1526.839,1493.5392225605458,33.299766697266705
5059,LightGBM,2013-12-17 08:20:00,1520.4928,1587.2719254963258,66.77912764476332
5059,LightGBM,2013-12-17 08:30:00,1443.8578,1620.6050555858435,176.747267499906
5059,LightGBM,2013-12-17 08:40:00,1733.7269,1543.7977991300202,189.92912958091733
5059,LightGBM,2013-12-17 08:50:00,1723.3816,1661.494993945334,61.886597851540955
5059,LightGBM,2013-12-17 09:00:00,1592.9744,1850.4406860212846,257.4663207869096
5059,LightGBM,2013-12-17 09:10:00,1676.8529,1748.7633261613782,71.91042088794075
5059,LightGBM,2013-12-17 09:20:00,2029.1399,1855.3708201848565,173.76907239326852
5059,LightGBM,2013-12-17 09:30:00,1878.1978,1982.2183794830562,104.0206255768062
5059,LightGBM,2013-12-17 09:40:00,2047.585,2099.836403595735,52.25144265823519
5059,LightGBM,2013-12-17 09:50:00,2180.45,2073.500558160384,106.94939301149088
5059,LightGBM,2013-12-17 10:00:00,2260.443,2120.7843413138153,139.65877392055972
5059,LightGBM,2013-12-17 10:10:00,2108.2441,2260.821276384219,152.5771357592189
5059,LightGBM,2013-12-17 10:20:00,2238.8875,2221.485507751175,17.40194342069981
5059,LightGBM,2013-12-17 10:30:00,2177.5774,2260.533687087693,82.95629450956812
5059,LightGBM,2013-12-17 10:40:00,2299.401,2334.541493230785,35.14061432453491
5059,LightGBM,2013-12-17 10:50:00,2414.3125,2415.2182384890875,0.9057384890875255
5059,LightGBM,2013-12-17 11:00:00,2392.4524,2453.4193855095564,60.96699293143138
5059,LightGBM,2013-12-17 11:10:00,2683.2268,2533.1239696358316,150.1028370047934
5059,LightGBM,2013-12-17 11:20:00,2642.9966,2583.11698937269,59.879592658559886
5059,LightGBM,2013-12-17 11:30:00,2447.843,2584.7004759373517,136.8574583592267
5059,LightGBM,2013-12-17 11:40:00,2542.8638,2614.991789639944,72.12802010869382
5059,LightGBM,2013-12-17 11:50:00,2836.1824,2640.678256097752,195.50411694912282
5059,LightGBM,2013-12-17 12:00:00,2705.4675,2736.6753973877144,31.207868090839384
5059,LightGBM,2013-12-17 12:10:00,2972.2612,2848.071756317869,124.18947415088087
5059,LightGBM,2013-12-17 12:20:00,3007.2957,2948.724720913875,58.57093338300001
5059,LightGBM,2013-12-17 12:30:00,3013.3508,2945.6583755088777,67.69245456924727
5059,LightGBM,2013-12-17 12:40:00,3133.456,2970.510017324758,162.94603736274212
5059,LightGBM,2013-12-17 12:50:00,2863.8774,3041.3248918932627,177.4474504870127
5059,LightGBM,2013-12-17 13:00:00,3008.3774,2974.408188871302,33.96925253494783
5059,LightGBM,2013-12-17 13:10:00,2890.1206,2997.7349254269584,107.6143199582084
5059,LightGBM,2013-12-17 13:20:00,2734.4712,3025.0733756432082,290.60218423695824
5059,LightGBM,2013-12-17 13:30:00,2544.7542,2912.723347312345,367.96919692172014
5059,LightGBM,2013-12-17 13:40:00,2736.847,2733.1987517232405,3.648172104884452
5059,LightGBM,2013-12-17 13:50:00,2691.2998,2680.7558689195093,10.54393576799066
5059,LightGBM,2013-12-17 14:00:00,2396.328,2694.6338682069495,298.3059873475745
5059,LightGBM,2013-12-17 14:10:00,2737.6082,2565.8539992089427,171.7541550879323
5059,LightGBM,2013-12-17 14:20:00,2477.2888,2644.5859612157897,167.29714285641467
5059,LightGBM,2013-12-17 14:30:00,2892.6902,2619.5734681369627,273.1167174099123
5059,LightGBM,2013-12-17 14:40:00,2803.812,2636.580011631477,167.2320000872728
5059,LightGBM,2013-12-17 14:50:00,2902.2222,2765.938103922467,136.28406404628322
5059,LightGBM,2013-12-17 15:00:00,2747.326,2711.384898197039,35.94102953733591
5059,LightGBM,2013-12-17 15:10:00,3124.1052,2638.6792362046726,485.42598840470237
5059,LightGBM,2013-12-17 15:20:00,3048.2637,2663.1855008994376,385.07817097556244
5059,LightGBM,2013-12-17 15:30:00,3095.5195,2718.5514610344285,376.9680702155715
5059,LightGBM,2013-12-17 15:40:00,3181.4688,2781.9760679541805,399.4926820458195
5059,LightGBM,2013-12-17 15:50:00,2941.134,2778.289814864665,162.84421833846
5059,LightGBM,2013-12-17 16:00:00,2902.808,2779.7859661787115,123.02213929003847
5059,LightGBM,2013-12-17 16:10:00,2714.8738,2771.7834685290527,56.9096892321777
5059,LightGBM,2013-12-17 16:20:00,3030.4998,2647.6003389812636,382.8994168781114
5059,LightGBM,2013-12-17 16:30:00,2599.423,2685.0399136039528,85.61681790082775
5059,LightGBM,2013-12-17 16:40:00,2843.513,2628.131195936343,215.38174351678208
5059,LightGBM,2013-12-17 16:50:00,2552.371,2657.47576367863,105.10466992862985
5059,LightGBM,2013-12-17 17:00:00,2385.382,2547.2041466794817,161.8220666013567
5059,LightGBM,2013-12-17 17:10:00,2270.155,2500.284770698003,230.12974140112783
5059,LightGBM,2013-12-17 17:20:00,2145.7808,2435.3291704047783,289.5484086860283
5059,LightGBM,2013-12-17 17:30:00,2272.6868,2189.1747925065342,83.51197507159077
5059,LightGBM,2013-12-17 17:40:00,2324.8818,2145.949688679486,178.93214725801408
5059,LightGBM,2013-12-17 17:50:00,2225.732,2119.9548871159504,105.77704647779956
5059,LightGBM,2013-12-17 18:00:00,2236.8972,2049.867652655807,187.02956414106802
5059,LightGBM,2013-12-17 18:10:00,2005.5432,1949.7514732139966,55.79173967662837
5059,LightGBM,2013-12-17 18:20:00,1953.891,1890.2069194738995,63.68407173703804
5059,LightGBM,2013-12-17 18:30:00,1802.5776,1759.4839548564478,43.09368186230222
5059,LightGBM,2013-12-17 18:40:00,1852.4194,1819.0153069639102,33.404126629839766
5059,LightGBM,2013-12-17 18:50:00,1696.9374,1619.9820389662837,76.95533896340385
5059,LightGBM,2013-12-17 19:00:00,1606.5923,1640.8233085148145,34.23102335856447
5059,LightGBM,2013-12-17 19:10:00,1590.6036,1530.612237620938,59.991400074374496
5059,LightGBM,2013-12-17 19:20:00,1446.0182,1449.9440678931194,3.9258794165568816
5059,LightGBM,2013-12-17 19:30:00,1323.7642,1402.8458560096105,79.08169585336054
5059,LightGBM,2013-12-17 19:40:00,1351.1807,1338.8440946032931,12.336569459206885
5059,LightGBM,2013-12-17 19:50:00,1179.2695,1389.2046983754199,209.93516712541987
5059,LightGBM,2013-12-17 20:00:00,1079.5662,1218.990488504792,139.42432639541698
5059,LightGBM,2013-12-17 20:10:00,1028.0624,1132.415165609407,104.35278767971954
5059,LightGBM,2013-12-17 20:20:00,1090.8693,1105.372910943124,14.503648247811498
5059,LightGBM,2013-12-17 20:30:00,956.15717,1138.6151138897985,182.45794836245477
5059,LightGBM,2013-12-17 20:40:00,862.8589,1005.1993038516667,142.34041713291674
5059,LightGBM,2013-12-17 20:50:00,919.1082,944.6552545735121,25.54703924148089
5059,LightGBM,2013-12-17 21:00:00,801.89136,929.4935833073123,127.60222588543729
5059,LightGBM,2013-12-17 21:10:00,840.02545,822.0825654691205,17.942886191035768
5059,LightGBM,2013-12-17 21:20:00,779.9643,809.6861934884653,29.72189905487153
5059,LightGBM,2013-12-17 21:30:00,783.5628,811.3953372307699,27.832532054988633
5059,LightGBM,2013-12-17 21:40:00,769.1844,765.3579787476967,3.826408459334516
5059,LightGBM,2013-12-17 21:50:00,724.57544,819.6220553313741,95.0466158782491
5059,LightGBM,2013-12-17 22:00:00,680.99176,782.9753319460341,101.98357169212784
5059,LightGBM,2013-12-17 22:10:00,609.1263,771.8772821770722,162.75100043879092
5059,LightGBM,2013-12-17 22:20:00,687.9436,674.1566292100526,13.786974305572357
5059,LightGBM,2013-12-17 22:30:00,579.22,683.7813440006938,104.56137329756882
5059,LightGBM,2013-12-17 22:40:00,560.5221,625.6781175590551,65.15602283249257
5059,LightGBM,2013-12-17 22:50:00,585.93774,619.1460455512716,33.20830141064664
5059,LightGBM,2013-12-17 23:00:00,543.7737,531.6206969319302,12.152984708694817
5059,LightGBM,2013-12-17 23:10:00,489.5595,603.268105261122,113.7085959837782
5059,LightGBM,2013-12-17 23:20:00,539.0693,491.84850218060654,47.220772721737205
5059,LightGBM,2013-12-17 23:30:00,504.443,496.07962098902084,8.363372175041661
5059,LightGBM,2013-12-17 23:40:00,474.9078,454.82792442222717,20.079881974257205
5059,LightGBM,2013-12-17 23:50:00,456.41156,452.15376964150664,4.257790417087108
5059,LightGBM,2013-12-18 00:00:00,410.78296,439.2387220314952,28.455763047120172
5059,LightGBM,2013-12-18 00:10:00,379.65805,399.5565557874346,19.89850525032523
5059,LightGBM,2013-12-18 00:20:00,401.63037,370.8318413426579,30.798529751092076
5059,LightGBM,2013-12-18 00:30:00,409.86038,369.28878160274587,40.571600477332254
5059,LightGBM,2013-12-18 00:40:00,410.02414,383.99204925203344,26.032090152263436
5059,LightGBM,2013-12-18 00:50:00,413.1298,381.8758696871985,31.25392157256715
5059,LightGBM,2013-12-18 01:00:00,381.0714,381.20402628667097,0.13261515385846678
5059,LightGBM,2013-12-18 01:10:00,370.31766,373.9693584315018,3.651700960798678
5059,LightGBM,2013-12-18 01:20:00,391.41586,361.9773217408564,29.438541296252993
5059,LightGBM,2013-12-18 01:30:00,339.14832,367.0592350632565,27.910919633568994
5059,LightGBM,2013-12-18 01:40:00,343.98822,350.52874170826476,6.540521493421011
5059,LightGBM,2013-12-18 01:50:00,354.6266,350.22310983601005,4.403477078052447
5059,LightGBM,2013-12-18 02:00:00,349.94174,359.33823229494124,9.39649035158186
5059,LightGBM,2013-12-18 02:10:00,357.09317,352.25311197411116,4.840058191904461
5059,LightGBM,2013-12-18 02:20:00,353.47437,360.36997988834946,6.895614653974462
5059,LightGBM,2013-12-18 02:30:00,323.44745,354.9667870903115,31.519338359842777
5059,LightGBM,2013-12-18 02:40:00,330.19568,336.2449286100146,6.049249899077097
5059,LightGBM,2013-12-18 02:50:00,333.8312,338.106920890948,4.275713615557379
5059,LightGBM,2013-12-18 03:00:00,349.34024,328.45708243826203,20.88315804025359
5059,LightGBM,2013-12-18 03:10:00,332.18362,339.39936990647664,7.215745638898511
5059,LightGBM,2013-12-18 03:20:00,342.7267,336.1182083429026,6.608506744988006
5059,LightGBM,2013-12-18 03:30:00,374.74506,342.59432976436136,32.15072638798239
5059,LightGBM,2013-12-18 03:40:00,368.85327,353.9200167640824,14.93325472029261
5059,LightGBM,2013-12-18 03:50:00,359.95996,356.96752105461934,2.99243988288066
5059,LightGBM,2013-12-18 04:00:00,320.06473,360.64437397563853,40.579646192435405
5059,LightGBM,2013-12-18 04:10:00,361.5439,343.06737585977135,18.47653893515053
5059,LightGBM,2013-12-18 04:20:00,344.93466,347.90803770272726,2.973375837492881
5059,LightGBM,2013-12-18 04:30:00,401.58304,340.28209241165445,61.30094591842368
5059,LightGBM,2013-12-18 04:40:00,397.4719,363.9535150253534,33.51837828519348
5059,LightGBM,2013-12-18 04:50:00,396.86322,367.1606983187316,29.70252189611216
5059,LightGBM,2013-12-18 05:00:00,346.3754,368.3615717130756,21.986174984559966
5059,LightGBM,2013-12-18 05:10:00,356.57953,363.1598965970002,6.580367788406477
5059,LightGBM,2013-12-18 05:20:00,357.7288,373.5558196608091,15.827029377605982
5059,LightGBM,2013-12-18 05:30:00,379.6343,381.85828348830717,2.2239756269790405
5059,LightGBM,2013-12-18 05:40:00,361.912,392.3126990565897,30.40071175190218
5059,LightGBM,2013-12-18 05:50:00,413.2211,381.58020003049745,31.640899823018174
5059,LightGBM,2013-12-18 06:00:00,403.95444,420.39844811721446,16.444010861355082
5059,LightGBM,2013-12-18 06:10:00,471.12317,428.2066938445917,42.91647510072079
5059,LightGBM,2013-12-18 06:20:00,481.8742,480.8353433448715,1.0388631980972605
5059,LightGBM,2013-12-18 06:30:00,486.94028,560.1622089142816,73.22193181467219
5059,LightGBM,2013-12-18 06:40:00,624.4269,591.1119134811037,33.31496640170883
5059,LightGBM,2013-12-18 06:50:00,638.6378,666.5149271624749,27.87710977966242
5059,LightGBM,2013-12-18 07:00:00,813.0423,760.607263509477,52.43503385380427
5059,LightGBM,2013-12-18 07:10:00,815.51215,939.1350624605773,123.62291646448352
5059,LightGBM,2013-12-18 07:20:00,925.61444,1000.6432266529322,75.02878573496344
5059,LightGBM,2013-12-18 07:30:00,986.8481,1079.9998408522324,93.15175735613866
5059,LightGBM,2013-12-18 07:40:00,1024.8683,1131.3620045854757,106.49371845266319
5059,LightGBM,2013-12-18 07:50:00,1120.7278,1166.2267007423666,45.498917539241575
5059,LightGBM,2013-12-18 08:00:00,1329.3273,1384.8598283292413,55.53255782142878
5059,LightGBM,2013-12-18 08:10:00,1298.2369,1499.4742509298023,201.23731245323984
5059,LightGBM,2013-12-18 08:20:00,1384.4584,1524.697726933901,140.2393529104636
5059,LightGBM,2013-12-18 08:30:00,1469.4359,1528.1401551051315,58.704242019194
5059,LightGBM,2013-12-18 08:40:00,1578.1361,1658.380628733599,80.2445203351615
5059,LightGBM,2013-12-18 08:50:00,1854.7711,1721.058357109708,133.7127610543546
5059,LightGBM,2013-12-18 09:00:00,1918.0592,1752.9891490845018,165.07005501706067
5059,LightGBM,2013-12-18 09:10:00,1979.1547,1919.3801338539847,59.77452923195278
5059,LightGBM,2013-12-18 09:20:00,1986.4985,2021.8615697071384,35.363034550888415
5059,LightGBM,2013-12-18 09:30:00,2171.3083,2075.3762872108377,95.93206239853725
5059,LightGBM,2013-12-18 09:40:00,2056.8528,2163.9434807381667,107.09069753504173
5059,LightGBM,2013-12-18 09:50:00,2273.6548,2164.3847622490293,109.27002290722066
5059,LightGBM,2013-12-18 10:00:00,2399.3738,2266.64903710872,132.72474218815478
5059,LightGBM,2013-12-18 10:10:00,2414.5996,2405.4872594186486,9.112349956351409
5059,LightGBM,2013-12-18 10:20:00,2517.3289,2441.329510421482,75.99934700039285
5059,LightGBM,2013-12-18 10:30:00,2686.7637,2553.8408321828097,132.92283969219034
5059,LightGBM,2013-12-18 10:40:00,2631.3562,2538.4221049001326,92.93409627174242
5059,LightGBM,2013-12-18 10:50:00,2698.8047,2669.8931233813573,28.911564118642673
5059,LightGBM,2013-12-18 11:00:00,2644.4453,2727.033021164041,82.5877086640412
5059,LightGBM,2013-12-18 11:10:00,2527.1482,2743.8014974951993,216.65330413582433
5059,LightGBM,2013-12-18 11:20:00,2794.0598,2633.153719671911,160.90609478121405
5059,LightGBM,2013-12-18 11:30:00,2793.752,2860.538358092758,66.78640496775779
5059,LightGBM,2013-12-18 11:40:00,2745.2158,2862.7008664237187,117.48504611121871
5059,LightGBM,2013-12-18 11:50:00,2864.4187,2993.0582035379844,128.63950236610935
5059,LightGBM,2013-12-18 12:00:00,3068.5156,2907.7106171305722,160.80500786942775
5059,LightGBM,2013-12-18 12:10:00,3000.1797,3049.1814983359427,49.001810835942706
5059,LightGBM,2013-12-18 12:20:00,3004.6577,3042.016276608874,37.358561765123795
5059,LightGBM,2013-12-18 12:30:00,3191.4482,3021.3916717756615,170.0565704118385
5059,LightGBM,2013-12-18 12:40:00,3207.1082,3116.0765321309377,91.03162216593728
5059,LightGBM,2013-12-18 12:50:00,3051.9417,3019.3309950868793,32.610655303745716
5059,LightGBM,2013-12-18 13:00:00,3178.2046,3075.176206222027,103.02838362172315
5059,LightGBM,2013-12-18 13:10:00,3111.8792,3071.559257526143,40.31989286448197
5059,LightGBM,2013-12-18 13:20:00,2973.613,3149.109876585801,175.49683947642598
5059,LightGBM,2013-12-18 13:30:00,3023.979,3095.5431719344597,71.56416802820968
5059,LightGBM,2013-12-18 13:40:00,2870.2231,3164.9159126281174,294.69276809686744
5059,LightGBM,2013-12-18 13:50:00,2810.9236,3084.883389361063,273.9598053766881
5059,LightGBM,2013-12-18 14:00:00,2524.7148,3065.261826619981,540.5469828699811
5059,LightGBM,2013-12-18 14:10:00,2665.3462,2746.5133871091066,81.16719570285659
5059,LightGBM,2013-12-18 14:20:00,2788.0576,2742.272238784042,45.7853784034578
5059,LightGBM,2013-12-18 14:30:00,2690.2422,2807.435963119058,117.19377561905821
5059,LightGBM,2013-12-18 14:40:00,2476.034,2753.19545991455,277.16152436767516
5059,LightGBM,2013-12-18 14:50:00,2679.1196,2648.8878582441225,30.231770662127474
5059,LightGBM,2013-12-18 15:00:00,2502.6748,2760.81623304715,258.14142835965004
5059,LightGBM,2013-12-18 15:10:00,2525.0535,2615.755142497307,90.70167570043213
5059,LightGBM,2013-12-18 15:20:00,2681.9224,2606.826633461023,75.095729820227
5059,LightGBM,2013-12-18 15:30:00,2889.6282,2656.948537654463,232.67963617366195
5059,LightGBM,2013-12-18 15:40:00,2542.5159,2687.3909269358455,144.87505779522053
5059,LightGBM,2013-12-18 15:50:00,2753.3704,2540.840289045222,212.5300722829029
5059,LightGBM,2013-12-18 16:00:00,2676.2473,2671.4197115933966,4.8276028597283585
5059,LightGBM,2013-12-18 16:10:00,2600.9219,2699.038492223005,98.11661722300505
5059,LightGBM,2013-12-18 16:20:00,2616.2776,2596.7094084286437,19.568179461981345
5059,LightGBM,2013-12-18 16:30:00,2503.0156,2584.527733157734,81.51210815773402
5059,LightGBM,2013-12-18 16:40:00,2491.409,2457.4490929197273,33.95984262714774
5059,LightGBM,2013-12-18 16:50:00,2464.9944,2478.3434913551546,13.349106589529583
5059,LightGBM,2013-12-18 17:00:00,2273.415,2500.118790190234,226.703751127734
5059,LightGBM,2013-12-18 17:10:00,2249.7034,2438.312510324108,188.6091411834832
5059,LightGBM,2013-12-18 17:20:00,2227.0051,2356.5958374440233,129.59071049089835
5059,LightGBM,2013-12-18 17:30:00,2196.0857,2253.586642235735,57.50094887635987
5059,LightGBM,2013-12-18 17:40:00,1929.9333,2245.2087375148467,315.2753879054717
5059,LightGBM,2013-12-18 17:50:00,1906.7804,2019.2982880601746,112.51789255236213
5059,LightGBM,2013-12-18 18:00:00,1933.2943,1904.3212258495828,28.973085673854712
5059,LightGBM,2013-12-18 18:10:00,1699.993,1874.1044137342017,174.11137174201417
5059,LightGBM,2013-12-18 18:20:00,1720.3447,1739.2346304074736,18.88990384497356
5059,LightGBM,2013-12-18 18:30:00,1700.0227,1650.776845009897,49.24586006822801
5059,LightGBM,2013-12-18 18:40:00,1523.4855,1612.1213865377165,88.63591290490399
5059,LightGBM,2013-12-18 18:50:00,1568.3333,1469.616642569724,98.71660938340096
5059,LightGBM,2013-12-18 19:00:00,1453.8413,1484.5029910831759,30.661682489425857
5059,LightGBM,2013-12-18 19:10:00,1269.3866,1377.162926328778,107.77632964909048
5059,LightGBM,2013-12-18 19:20:00,1161.6351,1221.7929045001883,60.15777266425084
5059,LightGBM,2013-12-18 19:30:00,1171.1189,1122.014921882412,49.103974601963046
5059,LightGBM,2013-12-18 19:40:00,991.7398,1090.9433917698384,99.20358464093215
5059,LightGBM,2013-12-18 19:50:00,957.08075,1016.1905728450284,59.10982333330969
5059,LightGBM,2013-12-18 20:00:00,985.3857,1051.8610917108895,66.47541055854572
5059,LightGBM,2013-12-18 20:10:00,816.4783,955.4127362332825,138.93446474890754
5059,LightGBM,2013-12-18 20:20:00,850.4735,916.9716480200733,66.4981372778858
5059,LightGBM,2013-12-18 20:30:00,817.6907,868.1802174853143,50.4895436571893
5059,LightGBM,2013-12-18 20:40:00,688.8506,820.360396903796,131.50981096629596
5059,LightGBM,2013-12-18 20:50:00,702.4695,788.3244010855819,85.85491866370694
5059,LightGBM,2013-12-18 21:00:00,753.86127,748.2187723567624,5.642494733081321
5059,LightGBM,2013-12-18 21:10:00,676.85645,721.7624532525847,44.90600794008469
5059,LightGBM,2013-12-18 21:20:00,758.3573,709.0787877571468,49.278512047540744
5059,LightGBM,2013-12-18 21:30:00,652.5494,668.9640210651163,16.41464362371005
5059,LightGBM,2013-12-18 21:40:00,640.0536,661.5049023744925,21.45131350730503
5059,LightGBM,2013-12-18 21:50:00,634.62427,625.4975581023176,9.126709475807388
5059,LightGBM,2013-12-18 22:00:00,604.5951,629.5748413981516,24.979748624714148
5059,LightGBM,2013-12-18 22:10:00,545.23456,621.7583268015188,76.52376869605007
5059,LightGBM,2013-12-18 22:20:00,540.5254,614.8679007749663,74.3425101499663
5059,LightGBM,2013-12-18 22:30:00,593.64,517.658306632126,75.98170801631147
5059,LightGBM,2013-12-18 22:40:00,579.179,516.4522171056725,62.72679900760875
5059,LightGBM,2013-12-18 22:50:00,502.68198,570.648167464245,67.96619114588566
5059,LightGBM,2013-12-18 23:00:00,536.72876,484.284818674785,52.443941090839985
5059,LightGBM,2013-12-18 23:10:00,487.20523,500.0002707529969,12.7950400401063
5059,LightGBM,2013-12-18 23:20:00,436.3902,463.5982939724508,27.20809621854454
5059,LightGBM,2013-12-18 23:30:00,456.98666,440.6018216094589,16.384842208900466
5059,LightGBM,2013-12-18 23:40:00,429.72488,436.61655359549684,6.891669562293714
5059,LightGBM,2013-12-18 23:50:00,370.90134,410.63010880860656,39.72877213868469
5059,LightGBM,2013-12-19 00:00:00,435.60614,376.96371422142136,58.642425915297395
5059,LightGBM,2013-12-19 00:10:00,394.7007,390.74370630269885,3.957007808629271
5059,LightGBM,2013-12-19 00:20:00,400.94308,368.83022991175943,32.11285480503744
5059,LightGBM,2013-12-19 00:30:00,427.43805,370.2175791227749,57.22047019363134
5059,LightGBM,2013-12-19 00:40:00,336.43256,381.2287884312388,44.79623227889505
5059,LightGBM,2013-12-19 00:50:00,365.28946,350.08566352722187,15.203795701293757
5059,LightGBM,2013-12-19 01:00:00,346.52133,365.4687486135928,18.947416826483447
5059,LightGBM,2013-12-19 01:10:00,342.67114,350.1912285515121,7.520085973387097
5059,LightGBM,2013-12-19 01:20:00,320.30676,351.58871564591396,31.281952950601465
5059,LightGBM,2013-12-19 01:30:00,328.14258,338.5813746929372,10.438796567937175
5059,LightGBM,2013-12-19 01:40:00,280.11807,325.77082034946693,45.652747839701306
5059,LightGBM,2013-12-19 01:50:00,335.46817,322.24511698769703,13.223053178318594
5059,LightGBM,2013-12-19 02:00:00,298.21442,315.88501521264163,17.670598708735383
5059,LightGBM,2013-12-19 02:10:00,309.21713,304.7379906587747,4.479141909584655
5059,LightGBM,2013-12-19 02:20:00,300.12256,319.60190473032554,19.479346136575543
5059,LightGBM,2013-12-19 02:30:00,246.72475,302.59709568065404,55.87234897655247
5059,LightGBM,2013-12-19 02:40:00,276.32565,297.1374156197701,20.811762543598206
5059,LightGBM,2013-12-19 02:50:00,262.11307,294.0204216098217,31.907353982868585
5059,LightGBM,2013-12-19 03:00:00,270.27988,274.95319318071904,4.673316471734665
5059,LightGBM,2013-12-19 03:10:00,252.87465,279.9711601186688,27.096511070817257
5059,LightGBM,2013-12-19 03:20:00,251.35564,280.3469302729437,28.991293676264036
5059,LightGBM,2013-12-19 03:30:00,252.64908,271.0540174493258,18.40493908018516
5059,LightGBM,2013-12-19 03:40:00,252.2801,270.50410501547503,18.22399942465472
5059,LightGBM,2013-12-19 03:50:00,271.09418,269.49251736767445,1.601659878419298
5059,LightGBM,2013-12-19 04:00:00,250.35619,271.04508029714344,20.688894384057505
5059,LightGBM,2013-12-19 04:10:00,284.96732,269.5247787708031,15.44253690302503
5059,LightGBM,2013-12-19 04:20:00,278.65344,284.82290297600474,6.169460593192241
5059,LightGBM,2013-12-19 04:30:00,234.95042,282.54738153852384,47.5969573441879
5059,LightGBM,2013-12-19 04:40:00,278.24277,274.93409278526417,3.308674548720205
5059,LightGBM,2013-12-19 04:50:00,274.403,296.56900279769036,22.16598766097161
5059,LightGBM,2013-12-19 05:00:00,246.9415,288.23262437135577,41.291126568621394
5059,LightGBM,2013-12-19 05:10:00,316.2096,293.16308920575415,23.046505520808353
5059,LightGBM,2013-12-19 05:20:00,317.42062,300.88792645851385,16.53269732078303
5059,LightGBM,2013-12-19 05:30:00,308.83353,286.56350871218694,22.27001789914118
5059,LightGBM,2013-12-19 05:40:00,312.58328,319.6234470617258,7.0401645910226875
5059,LightGBM,2013-12-19 05:50:00,378.32358,329.9879195219867,48.33565835887265
5059,LightGBM,2013-12-19 06:00:00,398.94138,369.829277898441,29.112097833980897
5059,LightGBM,2013-12-19 06:10:00,383.5255,420.07656334959637,36.55105065428387
5059,LightGBM,2013-12-19 06:20:00,505.4137,446.12462782367163,59.28906846539087
5059,LightGBM,2013-12-19 06:30:00,487.4411,529.8515872288503,42.4104861546316
5059,LightGBM,2013-12-19 06:40:00,513.9205,561.9015410641823,47.98106987277606
5059,LightGBM,2013-12-19 06:50:00,644.89886,633.4021229362087,11.496741809885066
5059,LightGBM,2013-12-19 07:00:00,664.45844,690.5127428844595,26.05430782586575
5059,LightGBM,2013-12-19 07:10:00,682.46765,803.6123358781767,121.14468451098924
5059,LightGBM,2013-12-19 07:20:00,738.4892,930.1271575931843,191.63796081584053
5059,LightGBM,2013-12-19 07:30:00,748.6995,935.6661190708498,186.9665951450686
5059,LightGBM,2013-12-19 07:40:00,879.4211,926.6389499283946,47.217868385425845
5059,LightGBM,2013-12-19 07:50:00,1059.6798,1054.3825988730312,5.2972106972813435
5059,LightGBM,2013-12-19 08:00:00,1205.6597,1198.3530998090978,7.306568159652215
5059,LightGBM,2013-12-19 08:10:00,1294.0133,1297.3529036578616,3.3395979937990887
5059,LightGBM,2013-12-19 08:20:00,1403.5646,1413.2448688122215,9.680293616909012
5059,LightGBM,2013-12-19 08:30:00,1366.8352,1451.987369297539,85.15216421941409
5059,LightGBM,2013-12-19 08:40:00,1410.3503,1513.9462932606086,103.59595146373363
5059,LightGBM,2013-12-19 08:50:00,1500.0518,1475.8534997248835,24.198258087616523
5059,LightGBM,2013-12-19 09:00:00,1631.4614,1610.1400714496276,21.321354331622388
5059,LightGBM,2013-12-19 09:10:00,1594.8406,1694.3697593381994,99.5291831663244
5059,LightGBM,2013-12-19 09:20:00,1743.9664,1666.6892941399135,77.277136524149
5059,LightGBM,2013-12-19 09:30:00,1792.1635,1821.4314692949893,29.268017146551756
5059,LightGBM,2013-12-19 09:40:00,1852.2518,1930.845482741422,78.59365168673457
5059,LightGBM,2013-12-19 09:50:00,1815.0078,1917.8493643405009,102.84155184050087
5059,LightGBM,2013-12-19 10:00:00,1953.0441,2014.735784569259,61.69171718644657
5059,LightGBM,2013-12-19 10:10:00,1898.2076,2097.00084553632,198.79320393475746
5059,LightGBM,2013-12-19 10:20:00,1932.6768,2139.8402394223735,207.16348160987354
5059,LightGBM,2013-12-19 10:30:00,2083.847,2211.0135411681713,127.16661734004629
5059,LightGBM,2013-12-19 10:40:00,2171.034,2184.8500626552463,13.816127108371347
5059,LightGBM,2013-12-19 10:50:00,2265.2751,2274.0712367249353,8.796090240560261
5059,LightGBM,2013-12-19 11:00:00,2178.1807,2315.924899257861,137.74423519536094
5059,LightGBM,2013-12-19 11:10:00,2262.1309,2317.5873402581233,55.45648088312328
5059,LightGBM,2013-12-19 11:20:00,2150.6255,2364.931215201203,214.30572691995303
5059,LightGBM,2013-12-19 11:30:00,2270.9175,2368.9114159310916,97.9939354623416
5059,LightGBM,2013-12-19 11:40:00,2441.9106,2387.3221081168654,54.588536414384635
5059,LightGBM,2013-12-19 11:50:00,2547.372,2510.0672164694447,37.3048538430553
5059,LightGBM,2013-12-19 12:00:00,2549.3323,2509.562747197094,39.76952819353119
5059,LightGBM,2013-12-19 12:10:00,2767.8403,2564.9881935031613,202.85213852808874
5059,LightGBM,2013-12-19 12:20:00,2683.886,2681.3969684775793,2.489017850545679
5059,LightGBM,2013-12-19 12:30:00,2711.2275,2766.6484184113583,55.42087934885831
5059,LightGBM,2013-12-19 12:40:00,2517.5942,2797.193525778429,279.5992874971789
5059,LightGBM,2013-12-19 12:50:00,2742.896,2647.438548663281,95.45744743046907
5059,LightGBM,2013-12-19 13:00:00,2650.2075,2678.6653193417224,28.457799810472352
5059,LightGBM,2013-12-19 13:10:00,2467.6526,2659.1352707984765,191.48268290785154
5059,LightGBM,2013-12-19 13:20:00,2606.0076,2657.5302536777067,51.522685318331696
5059,LightGBM,2013-12-19 13:30:00,2583.6455,2671.37077879916,87.72527098665978
5059,LightGBM,2013-12-19 13:40:00,2529.9766,2659.743682747286,129.76712024728613
5059,LightGBM,2013-12-19 13:50:00,2546.6702,2631.9967588312034,85.32659281557835
5059,LightGBM,2013-12-19 14:00:00,2376.3787,2596.500151067892,220.12148895851715
5059,LightGBM,2013-12-19 14:10:00,2511.2964,2581.4769177222556,70.18053100350562
5059,LightGBM,2013-12-19 14:20:00,2380.6892,2688.6768895818477,307.9876805974727
5059,LightGBM,2013-12-19 14:30:00,2496.9202,2561.8876826535193,64.96751663789428
5059,LightGBM,2013-12-19 14:40:00,2670.8054,2623.090854684266,47.714565237608895
5059,LightGBM,2013-12-19 14:50:00,2527.7153,2626.9323644906267,99.2170324593767
5059,LightGBM,2013-12-19 15:00:00,2489.7966,2552.9018528526512,63.105221993276245
5059,LightGBM,2013-12-19 15:10:00,2740.8386,2577.3305262494146,163.50809679746044
5059,LightGBM,2013-12-19 15:20:00,2435.4739,2653.0690297336773,217.59515278055233
5059,LightGBM,2013-12-19 15:30:00,2455.3765,2583.725913762649,128.34944891889882
5059,LightGBM,2013-12-19 15:40:00,2387.4033,2560.7811768335096,173.37785652100956
5059,LightGBM,2013-12-19 15:50:00,2405.84,2581.781650278446,175.9415623878208
5059,LightGBM,2013-12-19 16:00:00,2422.1624,2486.015442398172,63.85308888254713
5059,LightGBM,2013-12-19 16:10:00,2372.235,2551.1943063327353,178.95919891086032
5059,LightGBM,2013-12-19 16:20:00,2159.3252,2430.7776887257705,271.45249341327053
5059,LightGBM,2013-12-19 16:30:00,2137.3472,2357.9361336058055,220.58896563705548
5059,LightGBM,2013-12-19 16:40:00,2231.6362,2316.419786568485,84.78355609973505
5059,LightGBM,2013-12-19 16:50:00,2189.9358,2244.570616052002,54.63482503637715
5059,LightGBM,2013-12-19 17:00:00,2123.9602,2291.5539435937635,167.5937385156385
5059,LightGBM,2013-12-19 17:10:00,2123.4507,2247.675101062719,124.22441746896902
5059,LightGBM,2013-12-19 17:20:00,1877.5531,2190.0374696798417,312.4843690939042
5059,LightGBM,2013-12-19 17:30:00,2125.435,1938.8591376567217,186.5759209370283
5059,LightGBM,2013-12-19 17:40:00,2092.7605,2026.925325171835,65.83517287503992
5059,LightGBM,2013-12-19 17:50:00,1824.8812,2009.463455012844,184.58222942690645
5059,LightGBM,2013-12-19 18:00:00,1729.0022,1807.4394901960084,78.43729293038336
5059,LightGBM,2013-12-19 18:10:00,1680.3955,1709.3453131668812,28.94980535438117
5059,LightGBM,2013-12-19 18:20:00,1606.5753,1683.9914417979808,77.41612441516827
5059,LightGBM,2013-12-19 18:30:00,1626.3033,1511.137493847894,115.1658508786686
5059,LightGBM,2013-12-19 18:40:00,1547.6588,1539.062037458469,8.596776018093578
5059,LightGBM,2013-12-19 18:50:00,1395.2604,1507.7450982762812,112.48472229971867
5059,LightGBM,2013-12-19 19:00:00,1390.367,1301.2799891219422,89.08695423743279
5059,LightGBM,2013-12-19 19:10:00,1230.7985,1347.782356572411,116.98389465834839
5059,LightGBM,2013-12-19 19:20:00,1114.6785,1232.366954339152,117.68848754227702
5059,LightGBM,2013-12-19 19:30:00,1020.2102,1149.3665355051248,129.15633042699983
5059,LightGBM,2013-12-19 19:40:00,942.3615,981.6227606696899,39.26124943922116
5059,LightGBM,2013-12-19 19:50:00,842.16235,937.4439287577453,95.28157524212031
5059,LightGBM,2013-12-19 20:00:00,718.4314,896.5148785066029,178.08348202222794
5059,LightGBM,2013-12-19 20:10:00,781.4337,833.1617826676378,51.728066847325294
5059,LightGBM,2013-12-19 20:20:00,700.18353,832.7708572819306,132.58732456708685
5059,LightGBM,2013-12-19 20:30:00,728.1585,777.3234735936206,49.16496529283938
5059,LightGBM,2013-12-19 20:40:00,701.60626,785.2909378503169,83.68467564328569
5059,LightGBM,2013-12-19 20:50:00,737.4239,751.2594280421852,13.835538882028914
5059,LightGBM,2013-12-19 21:00:00,640.25195,740.84427600155,100.59232287655004
5059,LightGBM,2013-12-19 21:10:00,642.9851,673.900784279944,30.91567685806899
5059,LightGBM,2013-12-19 21:20:00,583.51904,680.8284839258544,97.30944095710436
5059,LightGBM,2013-12-19 21:30:00,631.582,603.917013396858,27.66495681798574
5059,LightGBM,2013-12-19 21:40:00,589.1496,582.5686602966447,6.58093687132407
5059,LightGBM,2013-12-19 21:50:00,559.72516,556.2098150876981,3.5153436037081747
5059,LightGBM,2013-12-19 22:00:00,568.68,600.3261779140811,31.646185238299836
5059,LightGBM,2013-12-19 22:10:00,518.3545,546.1889773987197,27.834485211219658
5059,LightGBM,2013-12-19 22:20:00,516.46484,488.6439752394908,27.82086851050917
5059,LightGBM,2013-12-19 22:30:00,506.92117,483.0152660903781,23.905907005325048
5059,LightGBM,2013-12-19 22:40:00,482.3108,465.3975926067068,16.91319840891822
5059,LightGBM,2013-12-19 22:50:00,465.71014,452.75121030300113,12.95893373996762
5059,LightGBM,2013-12-19 23:00:00,525.8392,446.80078681414057,79.03838554914068
5059,LightGBM,2013-12-19 23:10:00,489.60336,504.677424379086,15.07406134197663
5059,LightGBM,2013-12-19 23:20:00,372.18173,456.632364191167,84.45063201343265
5059,LightGBM,2013-12-19 23:30:00,404.69742,405.2156425628236,0.5182243499329502
5059,LightGBM,2013-12-19 23:40:00,391.80353,387.03633825956723,4.767189572464019
5059,LightGBM,2013-12-19 23:50:00,297.08508,402.498377531369,105.41329452355649
5059,LightGBM,2013-12-20 00:00:00,363.3345,326.96533914958707,36.36916402424106
5059,LightGBM,2013-12-20 00:10:00,311.23398,339.244020931591,28.01004266010665
5059,LightGBM,2013-12-20 00:20:00,304.2302,302.84967765827963,1.3805164335172435
5059,LightGBM,2013-12-20 00:30:00,292.2712,314.19335380185345,21.922144085056573
5059,LightGBM,2013-12-20 00:40:00,266.19818,302.18078735985375,35.98260620751
5059,LightGBM,2013-12-20 00:50:00,241.73764,278.8260083691189,37.088367988259506
5059,LightGBM,2013-12-20 01:00:00,268.45358,267.7903278115035,0.6632549521683586
5059,LightGBM,2013-12-20 01:10:00,255.58801,262.41320254384846,6.825189848535956
5059,LightGBM,2013-12-20 01:20:00,255.26366,257.7634435801619,2.499786963950953
5059,LightGBM,2013-12-20 01:30:00,247.74217,262.8835965012049,15.141424259993983
5059,LightGBM,2013-12-20 01:40:00,261.45126,253.5893897543364,7.86187367339798
5059,LightGBM,2013-12-20 01:50:00,212.55832,245.496528498029,32.93820940623212
5059,LightGBM,2013-12-20 02:00:00,225.63672,252.87739205965406,27.240673309654056
5059,LightGBM,2013-12-20 02:10:00,253.41428,253.91383226669848,0.4995561436516027
5059,LightGBM,2013-12-20 02:20:00,224.57256,244.34858391292087,19.776028370928685
5059,LightGBM,2013-12-20 02:30:00,224.44083,238.35673356661925,13.91590715060363
5059,LightGBM,2013-12-20 02:40:00,250.79286,249.78961135988035,1.0032505785962087
5059,LightGBM,2013-12-20 02:50:00,213.31396,239.29780160858027,25.983836764830272
5059,LightGBM,2013-12-20 03:00:00,220.35384,232.22237236652396,11.868536306953644
5059,LightGBM,2013-12-20 03:10:00,226.84929,249.91159085325882,23.062301912829128
5059,LightGBM,2013-12-20 03:20:00,201.8171,233.20404662481943,31.386953729311614
5059,LightGBM,2013-12-20 03:30:00,205.79384,236.09876036351247,30.304921862535906
5059,LightGBM,2013-12-20 03:40:00,235.06807,249.04225769312555,13.974188235117737
5059,LightGBM,2013-12-20 03:50:00,192.8713,235.98134116002586,43.11003378697899
5059,LightGBM,2013-12-20 04:00:00,216.31819,231.44203558579576,15.123844057475452
5059,LightGBM,2013-12-20 04:10:00,236.10062,240.91736943119434,4.81675297611622
5059,LightGBM,2013-12-20 04:20:00,207.19698,246.0073070736952,38.810331365687375
5059,LightGBM,2013-12-20 04:30:00,252.64702,228.20184146079052,24.44517697182667
5059,LightGBM,2013-12-20 04:40:00,243.07234,251.05358093660865,7.981239017663341
5059,LightGBM,2013-12-20 04:50:00,206.34781,244.3073677579962,37.959558920105565
5059,LightGBM,2013-12-20 05:00:00,246.40039,243.80092373551125,2.5994668894887525
5059,LightGBM,2013-12-20 05:10:00,231.74612,253.0084542575887,21.262329990010585
5059,LightGBM,2013-12-20 05:20:00,241.9884,234.87669258049422,7.111710739818278
5059,LightGBM,2013-12-20 05:30:00,240.64299,257.4684962221462,16.825506109841513
5059,LightGBM,2013-12-20 05:40:00,296.80536,250.2651392608624,46.54021962585634
5059,LightGBM,2013-12-20 05:50:00,303.16022,282.0142314481958,21.14598583696045
5059,LightGBM,2013-12-20 06:00:00,369.727,317.06015086633033,52.66683887976342
5059,LightGBM,2013-12-20 06:10:00,364.43896,360.4010630968854,4.037901746864577
5059,LightGBM,2013-12-20 06:20:00,412.51233,390.62695865116046,21.885370450402036
5059,LightGBM,2013-12-20 06:30:00,379.6234,460.437091700179,80.8136786142415
5059,LightGBM,2013-12-20 06:40:00,429.28006,508.8795354282637,79.59947561381057
5059,LightGBM,2013-12-20 06:50:00,670.184,498.98188003004356,171.2021409660502
5059,LightGBM,2013-12-20 07:00:00,684.615,679.4171406966311,5.197849537743878
5059,LightGBM,2013-12-20 07:10:00,693.4316,872.8269423881673,179.3953627983235
5059,LightGBM,2013-12-20 07:20:00,856.2361,902.1135317561603,45.87744777178534
5059,LightGBM,2013-12-20 07:30:00,789.64154,983.8840573638928,194.24251683654904
5059,LightGBM,2013-12-20 07:40:00,935.7097,1079.2422470273482,143.53253023047318
5059,LightGBM,2013-12-20 07:50:00,1030.2852,1034.3439526541129,4.058796404112854
5059,LightGBM,2013-12-20 08:00:00,1220.1327,1205.6805542913598,14.45213613832766
5059,LightGBM,2013-12-20 08:10:00,1237.1399,1361.7641437075497,124.62425112942469
5059,LightGBM,2013-12-20 08:20:00,1306.8202,1382.0065170855796,75.18632665589212
5059,LightGBM,2013-12-20 08:30:00,1387.7256,1449.7014758210446,61.975889883544596
5059,LightGBM,2013-12-20 08:40:00,1409.9805,1485.2938089678964,75.31334021789644
5059,LightGBM,2013-12-20 08:50:00,1643.7428,1559.907239439046,83.83555841251655
5059,LightGBM,2013-12-20 09:00:00,1689.2719,1661.2354363103104,28.036414275627067
5059,LightGBM,2013-12-20 09:10:00,1596.9042,1738.122885069003,141.2187102643154
5059,LightGBM,2013-12-20 09:20:00,1671.042,1715.5421435797439,44.50015139224388
5059,LightGBM,2013-12-20 09:30:00,1595.8231,1853.6754308526731,257.8523107354856
5059,LightGBM,2013-12-20 09:40:00,1878.9928,1758.1484706414337,120.84432721012877
5059,LightGBM,2013-12-20 09:50:00,1986.6229,1923.2085178185018,63.41440698618567
5059,LightGBM,2013-12-20 10:00:00,1975.8969,2016.965890465501,41.069039879563434
5059,LightGBM,2013-12-20 10:10:00,1999.3615,2160.0818942162814,160.7204440209689
5059,LightGBM,2013-12-20 10:20:00,2245.892,2170.603351963132,75.2887378806181
5059,LightGBM,2013-12-20 10:30:00,2462.251,2182.880424810259,279.3705517522412
5059,LightGBM,2013-12-20 10:40:00,2270.869,2452.4871929071996,181.61829642282464
5059,LightGBM,2013-12-20 10:50:00,2222.109,2322.232877631815,100.12399091306497
5059,LightGBM,2013-12-20 11:00:00,2357.3289,2282.3315938773094,74.99726354456561
5059,LightGBM,2013-12-20 11:10:00,2275.7559,2411.4903790185413,135.73451964354126
5059,LightGBM,2013-12-20 11:20:00,2439.7173,2372.394907600411,67.32237755583901
5059,LightGBM,2013-12-20 11:30:00,2526.545,2523.7409788416226,2.8039430333774362
5059,LightGBM,2013-12-20 11:40:00,2346.0898,2512.930526554682,166.84068280468182
5059,LightGBM,2013-12-20 11:50:00,2470.7983,2416.347685457371,54.45065438637903
5059,LightGBM,2013-12-20 12:00:00,2650.6477,2524.721631798169,125.9260732799562
5059,LightGBM,2013-12-20 12:10:00,2598.8076,2560.7569931014195,38.05062408608046
5059,LightGBM,2013-12-20 12:20:00,2632.6096,2667.914480406104,35.30486126547885
5059,LightGBM,2013-12-20 12:30:00,2461.2249,2727.4401146483688,266.21526113274376
5059,LightGBM,2013-12-20 12:40:00,2746.582,2661.3465877917006,85.23544345829941
5059,LightGBM,2013-12-20 12:50:00,2632.105,2683.7991755869753,51.69419511822525
5059,LightGBM,2013-12-20 13:00:00,2633.7163,2718.9365160498264,85.22020745607642
5059,LightGBM,2013-12-20 13:10:00,2568.3618,2689.7826961571195,121.42087975086952
5059,LightGBM,2013-12-20 13:20:00,2618.5422,2677.8044021808473,59.26216585272232
5059,LightGBM,2013-12-20 13:30:00,2665.7302,2662.771890826925,2.958333782450154
5059,LightGBM,2013-12-20 13:40:00,2900.3716,2690.902945334709,209.46863669654113
5059,LightGBM,2013-12-20 13:50:00,2662.6619,2652.982268876301,9.679596358073923
5059,LightGBM,2013-12-20 14:00:00,2651.5894,2695.2819267257264,43.69257125697641
5059,LightGBM,2013-12-20 14:10:00,2596.082,2719.7928677075074,123.71083645750741
5059,LightGBM,2013-12-20 14:20:00,2519.1433,2664.629896520929,145.48658597405392
5059,LightGBM,2013-12-20 14:30:00,2734.3699,2701.7045816335863,32.66529141328874
5059,LightGBM,2013-12-20 14:40:00,2823.199,2662.597684735867,160.601289873508
5059,LightGBM,2013-12-20 14:50:00,2617.3066,2653.5227944070307,36.21615378203069
5059,LightGBM,2013-12-20 15:00:00,2674.8652,2659.0414806100366,15.823753764963385
5059,LightGBM,2013-12-20 15:10:00,2548.0388,2666.7143166066835,118.6754982473085
5059,LightGBM,2013-12-20 15:20:00,2558.9575,2661.58317234736,102.62565281610978
5059,LightGBM,2013-12-20 15:30:00,2391.4993,2613.7119801414524,222.2127125633274
5059,LightGBM,2013-12-20 15:40:00,2764.468,2568.993637070717,195.4743805074081
5059,LightGBM,2013-12-20 15:50:00,2595.302,2604.187144243678,8.885142290553176
5059,LightGBM,2013-12-20 16:00:00,2626.2993,2600.4909856523027,25.808330753947303
5059,LightGBM,2013-12-20 16:10:00,2673.3782,2576.482745377656,96.8954284504689
5059,LightGBM,2013-12-20 16:20:00,2455.5232,2624.511251125334,168.98805776595918
5059,LightGBM,2013-12-20 16:30:00,2262.6885,2484.929031408647,222.240554846147
5059,LightGBM,2013-12-20 16:40:00,2273.0952,2409.3420964747315,136.24688163098153
5059,LightGBM,2013-12-20 16:50:00,2120.3896,2400.6728983806843,280.2832499431843
5059,LightGBM,2013-12-20 17:00:00,2335.026,2210.984691486209,124.04118742004084
5059,LightGBM,2013-12-20 17:10:00,2156.2869,2176.3017563428316,20.014891108456595
5059,LightGBM,2013-12-20 17:20:00,2015.8969,2063.004610416714,47.10775983077656
5059,LightGBM,2013-12-20 17:30:00,2134.4436,2047.6979491031066,86.74565441251843
5059,LightGBM,2013-12-20 17:40:00,1919.2555,2010.9094936027836,91.65400043872114
5059,LightGBM,2013-12-20 17:50:00,1839.2902,1926.1045782447577,86.8144171119452
5059,LightGBM,2013-12-20 18:00:00,1951.7672,1797.225346628145,154.54186528591754
5059,LightGBM,2013-12-20 18:10:00,1644.7549,1803.4463903732203,158.6915075607203
5059,LightGBM,2013-12-20 18:20:00,1486.1345,1707.700538578916,221.56601709454094
5059,LightGBM,2013-12-20 18:30:00,1693.2423,1438.9998045276443,254.2425050426682
5059,LightGBM,2013-12-20 18:40:00,1344.2493,1476.9369153794253,132.68764780130027
5059,LightGBM,2013-12-20 18:50:00,1241.1987,1277.494415718363,36.295685249612916
5059,LightGBM,2013-12-20 19:00:00,1227.9812,1244.487365395396,16.506164223520955
5059,LightGBM,2013-12-20 19:10:00,1140.5072,1213.9110561263935,73.40385397795603
5059,LightGBM,2013-12-20 19:20:00,1019.1906,1116.309832708044,97.11921991507529
5059,LightGBM,2013-12-20 19:30:00,927.6131,1044.6889363122987,117.07583816776742
5059,LightGBM,2013-12-20 19:40:00,860.2623,996.4230332830024,136.16070418143988
5059,LightGBM,2013-12-20 19:50:00,789.0069,877.0877153746277,88.08081840197144
5059,LightGBM,2013-12-20 20:00:00,744.62024,982.5400035727822,237.9197643149697
5059,LightGBM,2013-12-20 20:10:00,782.2459,916.2340452296294,133.98813458509812
5059,LightGBM,2013-12-20 20:20:00,736.78107,827.8523853370783,91.07131844254707
5059,LightGBM,2013-12-20 20:30:00,696.86,853.5072874542635,156.64730210270102
5059,LightGBM,2013-12-20 20:40:00,733.6609,818.6167809460738,84.95589227419885
5059,LightGBM,2013-12-20 20:50:00,721.83344,739.4516140592943,17.618179000700593
5059,LightGBM,2013-12-20 21:00:00,662.1285,770.5891913483924,108.46071234448618
5059,LightGBM,2013-12-20 21:10:00,703.3142,750.1666829841503,46.85247399977527
5059,LightGBM,2013-12-20 21:20:00,637.8367,717.0491794866688,79.21250956479378
5059,LightGBM,2013-12-20 21:30:00,693.22076,681.8248076072989,11.395956552857342
5059,LightGBM,2013-12-20 21:40:00,601.387,740.6663751955244,139.2793512697432
5059,LightGBM,2013-12-20 21:50:00,664.32275,596.9949250148492,67.32782889140083
5059,LightGBM,2013-12-20 22:00:00,564.0374,702.9272787402074,138.88986418942613
5059,LightGBM,2013-12-20 22:10:00,487.8661,574.8461541108867,86.98006524369919
5059,LightGBM,2013-12-20 22:20:00,539.56445,541.131303787927,1.5668506629269814
5059,LightGBM,2013-12-20 22:30:00,738.7419,510.55079178568377,228.19109053853498
5059,LightGBM,2013-12-20 22:40:00,1177.4384,529.5380354094754,647.9003190827121
5059,LightGBM,2013-12-20 22:50:00,832.1246,636.6309566956443,195.49361605826198
5059,LightGBM,2013-12-20 23:00:00,696.6468,635.6177829781722,61.02900657260909
5059,LightGBM,2013-12-20 23:10:00,505.41702,589.1286105323527,83.71158782727457
5059,LightGBM,2013-12-20 23:20:00,790.2081,532.2029830336423,258.00514684917016
5059,LightGBM,2013-12-20 23:30:00,458.1687,614.3530826695801,156.1843814977051
5059,LightGBM,2013-12-20 23:40:00,404.18,522.361773453403,118.18178077762173
5059,LightGBM,2013-12-20 23:50:00,392.979,429.07075105211936,36.09174714586936
5059,LightGBM,2013-12-21 00:00:00,361.36307,347.20069956293173,14.162368064021393
5059,LightGBM,2013-12-21 00:10:00,361.5745,353.06720899179913,8.50728441640399
5059,LightGBM,2013-12-21 00:20:00,322.63083,344.2738246643216,21.642995806899705
5059,LightGBM,2013-12-21 00:30:00,308.55063,323.9346683686768,15.384039706567421
5059,LightGBM,2013-12-21 00:40:00,308.66302,339.8237225349762,31.160697632632434
5059,LightGBM,2013-12-21 00:50:00,316.9625,297.21670122754995,19.745792668934428
5059,LightGBM,2013-12-21 01:00:00,297.1868,296.15015648124665,1.036641614456471
5059,LightGBM,2013-12-21 01:10:00,320.12656,291.04459624982985,29.081960146654524
5059,LightGBM,2013-12-21 01:20:00,315.64932,289.62531792761996,26.024004582145665
5059,LightGBM,2013-12-21 01:30:00,277.5032,284.7650879640807,7.261883618377567
5059,LightGBM,2013-12-21 01:40:00,282.7768,291.4344137529088,8.657619319315074
5059,LightGBM,2013-12-21 01:50:00,296.13834,285.2508701716595,10.887466009981097
5059,LightGBM,2013-12-21 02:00:00,279.48264,270.43813184182056,9.044503656226311
5059,LightGBM,2013-12-21 02:10:00,274.27963,275.21572133199066,0.9360887636312896
5059,LightGBM,2013-12-21 02:20:00,257.2602,276.7483936305045,19.488200759410745
5059,LightGBM,2013-12-21 02:30:00,250.54742,264.1462000303106,13.598775713904331
5059,LightGBM,2013-12-21 02:40:00,319.1933,259.17234621735764,60.02095212248611
5059,LightGBM,2013-12-21 02:50:00,255.39021,272.4176204641648,17.027407451469514
5059,LightGBM,2013-12-21 03:00:00,269.69437,255.17284581218286,14.521520642895268
5059,LightGBM,2013-12-21 03:10:00,265.03293,274.34695818421704,9.31402971742017
5059,LightGBM,2013-12-21 03:20:00,273.5162,254.47918642872426,19.037018405260113
5059,LightGBM,2013-12-21 03:30:00,287.6533,259.90242480454486,27.75086499037701
5059,LightGBM,2013-12-21 03:40:00,283.76547,274.89192861101907,8.873543801090307
5059,LightGBM,2013-12-21 03:50:00,275.07043,269.79422983068855,5.2762047396239495
5059,LightGBM,2013-12-21 04:00:00,292.82037,267.9412977023076,24.879075832848628
5059,LightGBM,2013-12-21 04:10:00,332.5462,273.96678008356054,58.579423529720714
5059,LightGBM,2013-12-21 04:20:00,310.3698,279.33966822679156,31.03014378492719
5059,LightGBM,2013-12-21 04:30:00,288.39502,289.9542155933225,1.5591960620724876
5059,LightGBM,2013-12-21 04:40:00,300.36313,302.70297157213804,2.339842910028665
5059,LightGBM,2013-12-21 04:50:00,302.14236,294.8876677228358,7.254696779117353
5059,LightGBM,2013-12-21 05:00:00,321.63306,289.29188887707306,32.34116776355194
5059,LightGBM,2013-12-21 05:10:00,279.65805,303.63062708206905,23.97257654495968
5059,LightGBM,2013-12-21 05:20:00,313.6889,314.7367090198545,1.0478052112607656
5059,LightGBM,2013-12-21 05:30:00,313.98743,308.03504999458573,5.952376763226766
5059,LightGBM,2013-12-21 05:40:00,310.84875,301.2408428873239,9.607911995488621
5059,LightGBM,2013-12-21 05:50:00,316.01263,312.8867515482181,3.1258827291256353
5059,LightGBM,2013-12-21 06:00:00,323.74387,333.0781916537946,9.334325686997715
5059,LightGBM,2013-12-21 06:10:00,301.79507,330.99311720328905,29.19804274039842
5059,LightGBM,2013-12-21 06:20:00,326.47913,359.7441404448873,33.26501446832481
5059,LightGBM,2013-12-21 06:30:00,342.92157,359.9532450501379,17.031675225919173
5059,LightGBM,2013-12-21 06:40:00,296.91846,370.82215501102104,73.90369797977104
5059,LightGBM,2013-12-21 06:50:00,335.83932,366.80932227221103,30.96999732103916
5059,LightGBM,2013-12-21 07:00:00,374.44254,377.18950238611063,2.7469669857200074
5059,LightGBM,2013-12-21 07:10:00,345.98758,399.287299134279,53.299719788575885
5059,LightGBM,2013-12-21 07:20:00,423.27612,418.8735180679543,4.402604978920692
5059,LightGBM,2013-12-21 07:30:00,409.3582,439.6856098514666,30.327425037013484
5059,LightGBM,2013-12-21 07:40:00,468.2277,466.3971752596404,1.8305163907502333
5059,LightGBM,2013-12-21 07:50:00,520.4716,482.13102458098024,38.34059407136351
5059,LightGBM,2013-12-21 08:00:00,583.5124,604.1145009802628,20.602110843544096
5059,LightGBM,2013-12-21 08:10:00,506.6174,620.6572472855524,114.03984616250557
5059,LightGBM,2013-12-21 08:20:00,730.40265,604.8672102406955,125.53543868508575
5059,LightGBM,2013-12-21 08:30:00,708.8068,706.846245712595,1.960578017873786
5059,LightGBM,2013-12-21 08:40:00,748.7587,738.3232523390807,10.435475688263068
5059,LightGBM,2013-12-21 08:50:00,776.95844,807.9324724017494,30.9740373431556
5059,LightGBM,2013-12-21 09:00:00,834.7816,844.6103416842534,9.828725473315899
5059,LightGBM,2013-12-21 09:10:00,927.0139,974.019083222284,47.00516720665905
5059,LightGBM,2013-12-21 09:20:00,1075.7583,1064.1925279508243,11.565772830425658
5059,LightGBM,2013-12-21 09:30:00,1118.0957,1234.6277969772968,116.53209385229684
5059,LightGBM,2013-12-21 09:40:00,1275.7828,1260.982660456064,14.800176457998532
5059,LightGBM,2013-12-21 09:50:00,1225.114,1309.5968994575965,84.48288578572146
5059,LightGBM,2013-12-21 10:00:00,1428.2643,1444.3651400297792,16.10085780321674
5059,LightGBM,2013-12-21 10:10:00,1449.5228,1524.7579238413446,75.23509669290706
5059,LightGBM,2013-12-21 10:20:00,1457.4513,1519.7447732414848,62.293479296172336
5059,LightGBM,2013-12-21 10:30:00,1642.2817,1553.2400546947597,89.04168358649031
5059,LightGBM,2013-12-21 10:40:00,1650.5839,1716.5898840960294,66.00602179134194
5059,LightGBM,2013-12-21 10:50:00,1815.624,1738.4797226233889,77.14430081411115
5059,LightGBM,2013-12-21 11:00:00,1969.3021,1882.560522801182,86.74160122225544
5059,LightGBM,2013-12-21 11:10:00,1965.2987,1965.5090783624512,0.21037230776369142
5059,LightGBM,2013-12-21 11:20:00,2041.4291,2091.7969537110084,50.36787656257093
5059,LightGBM,2013-12-21 11:30:00,2129.975,2094.3938534836893,35.58124417256067
5059,LightGBM,2013-12-21 11:40:00,2113.1958,2201.21417933194,88.01837855069016
5059,LightGBM,2013-12-21 11:50:00,2121.8818,2246.9471466377527,125.06531070025267
5059,LightGBM,2013-12-21 12:00:00,2164.9207,2282.5908407622373,117.67018646536235
5059,LightGBM,2013-12-21 12:10:00,2325.1907,2337.6611230798017,12.470449251676655
5059,LightGBM,2013-12-21 12:20:00,2355.1353,2320.336876779632,34.79837712661811
5059,LightGBM,2013-12-21 12:30:00,2386.17,2322.1459459457838,64.02397592921625
5059,LightGBM,2013-12-21 12:40:00,2157.8718,2430.383558725529,272.5117325536539
5059,LightGBM,2013-12-21 12:50:00,2452.4163,2304.973672065927,147.44258769969792
5059,LightGBM,2013-12-21 13:00:00,2294.8982,2454.429582794941,159.53138943556587
5059,LightGBM,2013-12-21 13:10:00,2495.4827,2424.6573329016023,70.82533311402267
5059,LightGBM,2013-12-21 13:20:00,2569.2935,2434.326096351428,134.96736067982192
5059,LightGBM,2013-12-21 13:30:00,2397.1416,2466.255626932359,69.11402536985906
5059,LightGBM,2013-12-21 13:40:00,2213.5134,2448.840173499777,235.32674576540194
5059,LightGBM,2013-12-21 13:50:00,2490.4229,2428.759152999879,61.66369856262099
5059,LightGBM,2013-12-21 14:00:00,2579.4653,2542.636021318573,36.82931071267694
5059,LightGBM,2013-12-21 14:10:00,2429.455,2555.5199189261825,126.06484080118253
5059,LightGBM,2013-12-21 14:20:00,2475.5437,2513.5111632173466,37.96746204547162
5059,LightGBM,2013-12-21 14:30:00,2627.732,2560.281190586304,67.45074300744591
5059,LightGBM,2013-12-21 14:40:00,2615.487,2669.9533528499474,54.46629230307235
5059,LightGBM,2013-12-21 14:50:00,2511.2036,2631.461143815168,120.25753053391782
5059,LightGBM,2013-12-21 15:00:00,2755.5808,2559.4951727400407,196.08563780683426
5059,LightGBM,2013-12-21 15:10:00,2681.3354,2643.164488222831,38.170960995918904
5059,LightGBM,2013-12-21 15:20:00,2624.8208,2701.894059173496,77.07325839224586
5059,LightGBM,2013-12-21 15:30:00,2838.9736,2679.6541267994285,159.31950601307153
5059,LightGBM,2013-12-21 15:40:00,2782.5344,2716.565392000167,65.96903182795813
5059,LightGBM,2013-12-21 15:50:00,2546.956,2686.583318149879,139.62726346237878
5059,LightGBM,2013-12-21 16:00:00,2749.6194,2545.23024589414,204.3891388714851
5059,LightGBM,2013-12-21 16:10:00,2715.9993,2677.047746202965,38.951521375160155
5059,LightGBM,2013-12-21 16:20:00,2544.2124,2662.096658195696,117.88425585194591
5059,LightGBM,2013-12-21 16:30:00,2755.3923,2521.0067984391867,234.3855355451883
5059,LightGBM,2013-12-21 16:40:00,2733.1387,2602.580964328735,130.5577075462652
5059,LightGBM,2013-12-21 16:50:00,2625.955,2551.4346364724033,74.52044165259667
5059,LightGBM,2013-12-21 17:00:00,2288.752,2604.4279648963548,315.67601177135475
5059,LightGBM,2013-12-21 17:10:00,2231.9077,2481.005355244651,249.09764040090113
5059,LightGBM,2013-12-21 17:20:00,2133.056,2268.0153217129778,134.95941350985277
5059,LightGBM,2013-12-21 17:30:00,2152.113,2234.9986943543213,82.88565724494629
5059,LightGBM,2013-12-21 17:40:00,1993.871,2156.5393471368957,162.66837545720819
5059,LightGBM,2013-12-21 17:50:00,1951.852,2009.1696787680237,57.31762798677369
5059,LightGBM,2013-12-21 18:00:00,1813.9456,1951.6313989396092,137.6858422989842
5059,LightGBM,2013-12-21 18:10:00,1655.6823,1854.0509488711195,198.36869789455704
5059,LightGBM,2013-12-21 18:20:00,1597.5038,1702.9952521172709,105.49146793758337
5059,LightGBM,2013-12-21 18:30:00,1325.4285,1591.0742062042,265.645739407325
5059,LightGBM,2013-12-21 18:40:00,1457.4198,1314.029601545176,143.3901982595114
5059,LightGBM,2013-12-21 18:50:00,1450.1372,1321.308346470941,128.82886056030907
5059,LightGBM,2013-12-21 19:00:00,1219.9037,1352.7761050306506,132.87241850721307
5059,LightGBM,2013-12-21 19:10:00,1292.1918,1211.5074191102115,80.68435335072604
5059,LightGBM,2013-12-21 19:20:00,1162.7396,1320.053509803305,157.3138857798674
5059,LightGBM,2013-12-21 19:30:00,1148.6572,1194.3694386174393,45.7122120549393
5059,LightGBM,2013-12-21 19:40:00,1033.7631,1106.3411852074044,72.57812368396685
5059,LightGBM,2013-12-21 19:50:00,946.29254,987.2118836226821,40.91934211877583
5059,LightGBM,2013-12-21 20:00:00,943.5213,961.193043353186,17.67174208365475
5059,LightGBM,2013-12-21 20:10:00,952.71265,988.7322042774796,36.01955779310458
5059,LightGBM,2013-12-21 20:20:00,890.1043,917.6607110010133,27.556401918982033
5059,LightGBM,2013-12-21 20:30:00,913.2415,903.6555374687489,9.58597864453236
5059,LightGBM,2013-12-21 20:40:00,859.0975,939.1977976734702,80.10032452893893
5059,LightGBM,2013-12-21 20:50:00,780.55316,901.4810907362945,120.92792911520075
5059,LightGBM,2013-12-21 21:00:00,788.2426,803.4828634136665,15.2402486675727
5059,LightGBM,2013-12-21 21:10:00,706.01117,805.2792990074275,99.26812957383379
5059,LightGBM,2013-12-21 21:20:00,683.72034,745.1931680604222,61.47283114635968
5059,LightGBM,2013-12-21 21:30:00,653.22577,702.0919380254863,48.86616898251759
5059,LightGBM,2013-12-21 21:40:00,590.1952,688.8240515926926,98.62886116300513
5059,LightGBM,2013-12-21 21:50:00,508.78333,648.3421190767239,139.55879388141136
5059,LightGBM,2013-12-21 22:00:00,559.7363,567.5131614831606,7.776833358160616
5059,LightGBM,2013-12-21 22:10:00,489.1154,514.2214006185831,25.106013655692436
5059,LightGBM,2013-12-21 22:20:00,517.43915,470.0754266519475,47.36372129727124
5059,LightGBM,2013-12-21 22:30:00,570.5882,478.0697964169216,92.51839938385967
5059,LightGBM,2013-12-21 22:40:00,525.5759,503.44623813731664,22.12968959705836
5059,LightGBM,2013-12-21 22:50:00,463.4319,511.52334653910725,48.09146177348225
5059,LightGBM,2013-12-21 23:00:00,485.2741,448.5973670733977,36.67674181332103
5059,LightGBM,2013-12-21 23:10:00,469.79868,453.8878967860794,15.910778751029966
5059,LightGBM,2013-12-21 23:20:00,406.76755,441.12868602119875,34.36113841377687
5059,LightGBM,2013-12-21 23:30:00,498.52814,404.4244371545281,94.10370005250314
5059,LightGBM,2013-12-21 23:40:00,419.48297,426.7260753987475,7.2431042073412755
5059,LightGBM,2013-12-21 23:50:00,313.36542,404.0747844946394,90.70936701417065
5059,LightGBM,2013-12-22 00:00:00,311.2208,340.68138028981986,29.46058561208548
5059,LightGBM,2013-12-22 00:10:00,285.27692,312.81913450079463,27.542217996888382
5059,LightGBM,2013-12-22 00:20:00,287.1131,294.9674051394509,7.854306994919625
5059,LightGBM,2013-12-22 00:30:00,288.16458,301.70399144579847,13.53941014697034
5059,LightGBM,2013-12-22 00:40:00,265.65384,283.87123324286466,18.217394131536537
5059,LightGBM,2013-12-22 00:50:00,327.46786,267.1579469472798,60.309918042954564
5059,LightGBM,2013-12-22 01:00:00,274.27466,278.53256234746834,4.2579041443433425
5059,LightGBM,2013-12-22 01:10:00,263.7229,270.7664932441287,7.0435928535036965
5059,LightGBM,2013-12-22 01:20:00,257.9314,275.4544382645428,17.523041780167773
5059,LightGBM,2013-12-22 01:30:00,210.99529,256.11007921092596,45.11479417674627
5059,LightGBM,2013-12-22 01:40:00,235.3852,250.63629324113253,15.251100370038785
5059,LightGBM,2013-12-22 01:50:00,244.28406,254.4271763854817,10.143118768294187
5059,LightGBM,2013-12-22 02:00:00,207.78162,243.53046863057983,35.74885241964233
5059,LightGBM,2013-12-22 02:10:00,191.04721,245.61440688601206,54.56719619265269
5059,LightGBM,2013-12-22 02:20:00,239.0879,243.32100406901367,4.2330981852246055
5059,LightGBM,2013-12-22 02:30:00,235.65778,229.96744438993863,5.690331488967615
5059,LightGBM,2013-12-22 02:40:00,192.75902,230.50143907694735,37.74242113261141
5059,LightGBM,2013-12-22 02:50:00,211.66522,238.55209199507706,26.886869827108313
5059,LightGBM,2013-12-22 03:00:00,198.14497,234.22909000768652,36.08411625280371
5059,LightGBM,2013-12-22 03:10:00,188.68126,228.69669907420865,40.015439918935215
5059,LightGBM,2013-12-22 03:20:00,197.03189,233.1838058923223,36.15191502318169
5059,LightGBM,2013-12-22 03:30:00,207.60875,228.90593870767822,21.29718931802978
5059,LightGBM,2013-12-22 03:40:00,194.52626,223.73902915601752,29.21276878004096
5059,LightGBM,2013-12-22 03:50:00,199.42442,226.5103840760938,27.085960858320362
5059,LightGBM,2013-12-22 04:00:00,191.96487,227.03712182190887,35.072247554330744
5059,LightGBM,2013-12-22 04:10:00,184.78975,226.95813703459228,42.16838788908447
5059,LightGBM,2013-12-22 04:20:00,202.44556,225.53007540726642,23.084518766641423
5059,LightGBM,2013-12-22 04:30:00,188.9675,222.79126959148408,33.823770812187206
5059,LightGBM,2013-12-22 04:40:00,196.66335,222.00742584141315,25.34408050449909
5059,LightGBM,2013-12-22 04:50:00,218.43881,228.28593365403523,9.847121398175858
5059,LightGBM,2013-12-22 05:00:00,204.28622,229.71364152166316,25.42741715642879
5059,LightGBM,2013-12-22 05:10:00,204.22127,229.18657611784332,24.965308417648004
5059,LightGBM,2013-12-22 05:20:00,212.75475,222.49001929320136,9.73527380980292
5059,LightGBM,2013-12-22 05:30:00,201.71213,227.38369895151882,25.67157126597195
5059,LightGBM,2013-12-22 05:40:00,182.26083,231.78153647005792,49.52070272982354
5059,LightGBM,2013-12-22 05:50:00,215.85309,231.30522354731167,15.45213516840542
5059,LightGBM,2013-12-22 06:00:00,209.48022,250.889722003284,41.40949739390899
5059,LightGBM,2013-12-22 06:10:00,202.72679,261.90548525910987,59.17869387727393
5059,LightGBM,2013-12-22 06:20:00,241.69568,282.6669895124676,40.97131080153008
5059,LightGBM,2013-12-22 06:30:00,212.7093,261.72721072737266,49.01790591780235
5059,LightGBM,2013-12-22 06:40:00,195.13115,254.2004487689052,59.06929947691302
5059,LightGBM,2013-12-22 06:50:00,250.33661,298.42857375916583,48.09196487244708
5059,LightGBM,2013-12-22 07:00:00,234.88385,291.9222864757483,57.03843637809206
5059,LightGBM,2013-12-22 07:10:00,237.84229,263.7372803879421,25.89499523169212
5059,LightGBM,2013-12-22 07:20:00,284.89966,276.21962552694384,8.680032676181156
5059,LightGBM,2013-12-22 07:30:00,271.18427,295.9369362812251,24.752671144506337
5059,LightGBM,2013-12-22 07:40:00,261.90845,292.57196208648816,30.663514820863156
5059,LightGBM,2013-12-22 07:50:00,294.08463,343.44858130669826,49.363956062557634
5059,LightGBM,2013-12-22 08:00:00,349.03415,301.8901322705223,47.14401689939956
5059,LightGBM,2013-12-22 08:10:00,349.0551,335.2937234014054,13.761391344688377
5059,LightGBM,2013-12-22 08:20:00,378.0785,428.72334216777585,50.644850956838354
5059,LightGBM,2013-12-22 08:30:00,424.97803,457.25684382297527,32.27881647922527
5059,LightGBM,2013-12-22 08:40:00,469.05362,441.81588887385084,27.237730510914787
5059,LightGBM,2013-12-22 08:50:00,553.50824,477.10490020360845,76.4033395424853
5059,LightGBM,2013-12-22 09:00:00,689.464,642.7274080888754,46.73658116893705
5059,LightGBM,2013-12-22 09:10:00,631.2228,870.2033668447059,238.9805885243934
5059,LightGBM,2013-12-22 09:20:00,707.78723,815.2272097098047,107.4399782644922
5059,LightGBM,2013-12-22 09:30:00,766.17035,1146.5285654138963,380.3582162928026
5059,LightGBM,2013-12-22 09:40:00,803.88727,1092.8907142650105,289.00344619860425
5059,LightGBM,2013-12-22 09:50:00,971.2718,1251.864635138089,280.5928455873077
5059,LightGBM,2013-12-22 10:00:00,1046.3397,1214.026288833271,167.6865671535836
5059,LightGBM,2013-12-22 10:10:00,1230.1508,1282.9008088621322,52.75005202619468
5059,LightGBM,2013-12-22 10:20:00,1127.9285,1464.3003609336492,336.37189413677424
5059,LightGBM,2013-12-22 10:30:00,1449.8251,1437.2174256830651,12.60764755912237
5059,LightGBM,2013-12-22 10:40:00,1383.4529,1625.2861491097824,241.8332682504074
5059,LightGBM,2013-12-22 10:50:00,1643.2719,1567.6797691966153,75.59208138932217
5059,LightGBM,2013-12-22 11:00:00,1733.9,1648.6013322274769,85.29869218658564
5059,LightGBM,2013-12-22 11:10:00,1675.901,1735.7265411747514,59.825540198188946
5059,LightGBM,2013-12-22 11:20:00,1833.2424,1826.815425220551,6.427006420073894
5059,LightGBM,2013-12-22 11:30:00,1764.016,1884.1786894437257,120.16269823278822
5059,LightGBM,2013-12-22 11:40:00,2001.0841,1879.3558563402464,121.72825010506608
5059,LightGBM,2013-12-22 11:50:00,1983.384,2021.7725301737912,38.38849697066621
5059,LightGBM,2013-12-22 12:00:00,2070.5903,1975.0214079643554,95.56892406689462
5059,LightGBM,2013-12-22 12:10:00,2207.3523,1995.0448177652838,212.30747715659118
5059,LightGBM,2013-12-22 12:20:00,2090.542,2123.9030685368357,33.36107634933569
5059,LightGBM,2013-12-22 12:30:00,1998.6561,2057.1491433383308,58.49301540864326
5059,LightGBM,2013-12-22 12:40:00,2118.2163,2036.4971162699399,81.71919232381015
5059,LightGBM,2013-12-22 12:50:00,2046.2311,2073.1321061295034,26.901027027940927
5059,LightGBM,2013-12-22 13:00:00,2005.1089,2020.4517421661878,15.342855447437842
5059,LightGBM,2013-12-22 13:10:00,2134.599,2035.3223934057014,99.2767276880486
5059,LightGBM,2013-12-22 13:20:00,2146.1335,2126.8430790575962,19.290465864278758
5059,LightGBM,2013-12-22 13:30:00,2083.6038,2118.454696698885,34.85093693326007
5059,LightGBM,2013-12-22 13:40:00,2265.5215,2114.493599160601,151.0278852143988
5059,LightGBM,2013-12-22 13:50:00,2261.104,2363.499790897603,102.3957869913529
5059,LightGBM,2013-12-22 14:00:00,2310.0315,2339.7708934808074,29.739399340182445
5059,LightGBM,2013-12-22 14:10:00,2401.2407,2441.890282139107,40.64955948285706
5059,LightGBM,2013-12-22 14:20:00,2304.6191,2517.6901623848985,213.07102175989849
5059,LightGBM,2013-12-22 14:30:00,2281.7644,2495.7754149174007,214.01101062052567
5059,LightGBM,2013-12-22 14:40:00,2348.873,2530.521556206952,181.64850933195203
5059,LightGBM,2013-12-22 14:50:00,2395.8262,2559.6104277078725,163.78425583287253
5059,LightGBM,2013-12-22 15:00:00,2172.3372,2556.2203530549045,383.88319485177954
5059,LightGBM,2013-12-22 15:10:00,2329.1118,2509.186358922998,180.0745425167479
5059,LightGBM,2013-12-22 15:20:00,2651.8508,2608.8642438392512,42.98658623887377
5059,LightGBM,2013-12-22 15:30:00,2556.0718,2524.4041434876744,31.667633856075554
5059,LightGBM,2013-12-22 15:40:00,2471.201,2629.692871499613,158.49194376523792
5059,LightGBM,2013-12-22 15:50:00,2486.2014,2632.1916153771745,145.99019936154946
5059,LightGBM,2013-12-22 16:00:00,2402.3157,2619.332962144446,217.0172883163209
5059,LightGBM,2013-12-22 16:10:00,2440.9219,2549.8448073956156,108.92293239561559
5059,LightGBM,2013-12-22 16:20:00,2260.968,2508.5849059458183,247.61688836769326
5059,LightGBM,2013-12-22 16:30:00,2325.243,2410.061125990272,84.8182060683971
5059,LightGBM,2013-12-22 16:40:00,2008.1635,2479.460017663593,471.29656551515563
5059,LightGBM,2013-12-22 16:50:00,2312.8545,2199.9965425300566,112.85794965744344
5059,LightGBM,2013-12-22 17:00:00,1884.4528,2337.5439440362525,453.09118524718997
5059,LightGBM,2013-12-22 17:10:00,2071.2512,1873.127427618454,198.12379308467098
5059,LightGBM,2013-12-22 17:20:00,1986.6573,1947.7340750904095,38.92327354240297
5059,LightGBM,2013-12-22 17:30:00,1833.105,1981.1160239978308,148.01104352908078
5059,LightGBM,2013-12-22 17:40:00,1691.1322,1857.4497793185196,166.31757717008213
5059,LightGBM,2013-12-22 17:50:00,1681.0178,1665.993175631611,15.024646634014061
5059,LightGBM,2013-12-22 18:00:00,1457.5157,1617.8535480388769,160.33780096856435
5059,LightGBM,2013-12-22 18:10:00,1255.7267,1339.1730580400142,83.44637346970171
5059,LightGBM,2013-12-22 18:20:00,1255.9373,1194.3284202060513,61.608835653323695
5059,LightGBM,2013-12-22 18:30:00,1104.2017,1152.2591695156855,48.05750935943547
5059,LightGBM,2013-12-22 18:40:00,929.8861,1193.625673139676,263.7395647412386
5059,LightGBM,2013-12-22 18:50:00,896.4366,944.1226905696502,47.68610609699397
5059,LightGBM,2013-12-22 19:00:00,807.0841,852.4148722014002,45.33076575608766
5059,LightGBM,2013-12-22 19:10:00,1002.8872,856.1002722242142,146.78693480703578
5059,LightGBM,2013-12-22 19:20:00,794.06885,947.9840367758616,153.91518911961157
5059,LightGBM,2013-12-22 19:30:00,773.29156,784.7842800101492,11.492715068742996
5059,LightGBM,2013-12-22 19:40:00,666.1855,805.504419864288,139.31893402444427
5059,LightGBM,2013-12-22 19:50:00,663.61017,697.4248020743452,33.814633617313916
5059,LightGBM,2013-12-22 20:00:00,622.58167,728.8981350587911,106.31647001972863
5059,LightGBM,2013-12-22 20:10:00,596.7989,747.719016657057,150.9201274969007
5059,LightGBM,2013-12-22 20:20:00,650.94525,726.671239289034,75.72598782419027
5059,LightGBM,2013-12-22 20:30:00,500.13675,603.4674507076732,103.33070144009503
5059,LightGBM,2013-12-22 20:40:00,519.0877,530.0437167866727,10.95600926714144
5059,LightGBM,2013-12-22 20:50:00,522.98975,576.4393837876662,53.4496376939162
5059,LightGBM,2013-12-22 21:00:00,535.3907,519.5229703135806,15.867715721575678
5059,LightGBM,2013-12-22 21:10:00,484.15634,505.22971059332974,21.073369040595367
5059,LightGBM,2013-12-22 21:20:00,455.881,491.80074922333694,35.91973726044631
5059,LightGBM,2013-12-22 21:30:00,444.85413,466.93557882411784,22.08145284755534
5059,LightGBM,2013-12-22 21:40:00,423.22687,453.32344647929716,30.09657880351591
5059,LightGBM,2013-12-22 21:50:00,406.41708,406.88660226874265,0.46951852850827436
5059,LightGBM,2013-12-22 22:00:00,471.26865,386.39315580234165,84.87549043789272
5059,LightGBM,2013-12-22 22:10:00,413.9503,423.6454969411115,9.695210075877128
5059,LightGBM,2013-12-22 22:20:00,342.5726,408.13863628774897,65.56603496938959
5059,LightGBM,2013-12-22 22:30:00,381.97705,364.07468155366035,17.902369227589645
5059,LightGBM,2013-12-22 22:40:00,298.52628,376.431597221602,77.90532158683635
5059,LightGBM,2013-12-22 22:50:00,353.7261,343.51522301992503,10.210881716403094
5059,LightGBM,2013-12-22 23:00:00,346.68527,363.5339683022515,16.848696085454606
5059,LightGBM,2013-12-22 23:10:00,342.67206,337.55071610456537,5.1213420009033825
5059,LightGBM,2013-12-22 23:20:00,316.53268,351.6472293051202,35.114544978948345
5059,LightGBM,2013-12-22 23:30:00,324.01608,325.2566243118188,1.2405415481469504
5059,LightGBM,2013-12-22 23:40:00,267.51175,330.6056158360589,63.09386656848079
5059,LightGBM,2013-12-22 23:50:00,322.2856,321.743437676622,0.5421763370498525
5059,LSTM,2013-12-16 00:00:00,285.94077,397.0976257324219,111.1568603515625
5059,LSTM,2013-12-16 00:10:00,386.73553,371.9660949707031,14.769439697265625
5059,LSTM,2013-12-16 00:20:00,393.29654,364.32745361328125,28.969085693359375
5059,LSTM,2013-12-16 00:30:00,306.3335,367.8037109375,61.47021484375
5059,LSTM,2013-12-16 00:40:00,378.2484,359.2434387207031,19.004974365234375
5059,LSTM,2013-12-16 00:50:00,379.74503,361.7052307128906,18.039794921875
5059,LSTM,2013-12-16 01:00:00,313.56323,369.7699890136719,56.206756591796875
5059,LSTM,2013-12-16 01:10:00,363.47128,366.700439453125,3.229156494140625
5059,LSTM,2013-12-16 01:20:00,355.76028,369.6331481933594,13.87286376953125
5059,LSTM,2013-12-16 01:30:00,261.89465,374.1294860839844,112.23483276367188
5059,LSTM,2013-12-16 01:40:00,322.91937,360.912353515625,37.99298095703125
5059,LSTM,2013-12-16 01:50:00,333.58017,354.38916015625,20.808990478515625
5059,LSTM,2013-12-16 02:00:00,266.3287,355.1268615722656,88.79815673828125
5059,LSTM,2013-12-16 02:10:00,306.63855,346.8316345214844,40.193084716796875
5059,LSTM,2013-12-16 02:20:00,328.371,344.2500915527344,15.87908935546875
5059,LSTM,2013-12-16 02:30:00,275.8581,350.0862121582031,74.22811889648438
5059,LSTM,2013-12-16 02:40:00,306.56317,349.7500305175781,43.186859130859375
5059,LSTM,2013-12-16 02:50:00,331.5537,353.34649658203125,21.79278564453125
5059,LSTM,2013-12-16 03:00:00,273.42023,364.3232421875,90.90301513671875
5059,LSTM,2013-12-16 03:10:00,283.75247,367.0182189941406,83.2657470703125
5059,LSTM,2013-12-16 03:20:00,342.6617,368.204833984375,25.543121337890625
5059,LSTM,2013-12-16 03:30:00,282.18365,381.1662292480469,98.98257446289062
5059,LSTM,2013-12-16 03:40:00,295.69342,387.614013671875,91.92059326171875
5059,LSTM,2013-12-16 03:50:00,306.71826,393.3493347167969,86.63107299804688
5059,LSTM,2013-12-16 04:00:00,245.5802,401.2221374511719,155.64193725585938
5059,LSTM,2013-12-16 04:10:00,309.10986,398.38421630859375,89.27435302734375
5059,LSTM,2013-12-16 04:20:00,342.4906,403.7158508300781,61.225250244140625
5059,LSTM,2013-12-16 04:30:00,240.64575,420.1432189941406,179.49746704101562
5059,LSTM,2013-12-16 04:40:00,299.0204,421.1548156738281,122.13442993164062
5059,LSTM,2013-12-16 04:50:00,351.99677,425.7952880859375,73.79852294921875
5059,LSTM,2013-12-16 05:00:00,318.0458,442.93841552734375,124.89260864257812
5059,LSTM,2013-12-16 05:10:00,378.69785,458.2900085449219,79.5921630859375
5059,LSTM,2013-12-16 05:20:00,356.13885,482.3526916503906,126.21383666992188
5059,LSTM,2013-12-16 05:30:00,384.46634,503.63983154296875,119.17349243164062
5059,LSTM,2013-12-16 05:40:00,370.89133,525.9282836914062,155.03695678710938
5059,LSTM,2013-12-16 05:50:00,362.3277,543.203369140625,180.87567138671875
5059,LSTM,2013-12-16 06:00:00,336.9213,553.8706665039062,216.94937133789062
5059,LSTM,2013-12-16 06:10:00,390.61447,554.95166015625,164.33718872070312
5059,LSTM,2013-12-16 06:20:00,425.83823,561.4093017578125,135.57107543945312
5059,LSTM,2013-12-16 06:30:00,418.44138,576.7588500976562,158.31747436523438
5059,LSTM,2013-12-16 06:40:00,511.0615,592.9388427734375,81.87734985351562
5059,LSTM,2013-12-16 06:50:00,629.23,624.486328125,4.74365234375
5059,LSTM,2013-12-16 07:00:00,653.4199,681.5734252929688,28.15350341796875
5059,LSTM,2013-12-16 07:10:00,761.4895,746.97314453125,14.516357421875
5059,LSTM,2013-12-16 07:20:00,882.3408,825.916259765625,56.424560546875
5059,LSTM,2013-12-16 07:30:00,1032.548,921.2774047851562,111.27056884765625
5059,LSTM,2013-12-16 07:40:00,1124.1259,1036.784912109375,87.3409423828125
5059,LSTM,2013-12-16 07:50:00,1236.5492,1158.73974609375,77.8094482421875
5059,LSTM,2013-12-16 08:00:00,1481.2483,1282.3570556640625,198.8912353515625
5059,LSTM,2013-12-16 08:10:00,1428.5942,1429.8582763671875,1.2640380859375
5059,LSTM,2013-12-16 08:20:00,1552.4648,1549.2423095703125,3.2225341796875
5059,LSTM,2013-12-16 08:30:00,1488.8282,1655.2144775390625,166.38623046875
5059,LSTM,2013-12-16 08:40:00,1661.2596,1721.132080078125,59.8724365234375
5059,LSTM,2013-12-16 08:50:00,1617.4148,1788.5914306640625,171.1766357421875
5059,LSTM,2013-12-16 09:00:00,1664.484,1833.612548828125,169.1285400390625
5059,LSTM,2013-12-16 09:10:00,1834.0756,1868.1063232421875,34.03076171875
5059,LSTM,2013-12-16 09:20:00,1817.0442,1922.705322265625,105.6611328125
5059,LSTM,2013-12-16 09:30:00,1880.4312,1969.9886474609375,89.5574951171875
5059,LSTM,2013-12-16 09:40:00,1992.1698,2016.122314453125,23.9525146484375
5059,LSTM,2013-12-16 09:50:00,2007.4948,2072.9619140625,65.4671630859375
5059,LSTM,2013-12-16 10:00:00,1981.7075,2124.3681640625,142.66064453125
5059,LSTM,2013-12-16 10:10:00,2184.5686,2157.3662109375,27.202392578125
5059,LSTM,2013-12-16 10:20:00,1968.1714,2215.1455078125,246.97412109375
5059,LSTM,2013-12-16 10:30:00,2176.2668,2226.96044921875,50.693603515625
5059,LSTM,2013-12-16 10:40:00,2058.1226,2259.513671875,201.39111328125
5059,LSTM,2013-12-16 10:50:00,2211.933,2268.124267578125,56.191162109375
5059,LSTM,2013-12-16 11:00:00,2043.0377,2295.893798828125,252.8560791015625
5059,LSTM,2013-12-16 11:10:00,2347.7483,2290.255859375,57.492431640625
5059,LSTM,2013-12-16 11:20:00,2503.83,2333.276611328125,170.553466796875
5059,LSTM,2013-12-16 11:30:00,2471.3293,2413.747802734375,57.58154296875
5059,LSTM,2013-12-16 11:40:00,2487.8162,2484.212646484375,3.603515625
5059,LSTM,2013-12-16 11:50:00,2553.4895,2539.82958984375,13.659912109375
5059,LSTM,2013-12-16 12:00:00,2654.5225,2590.76708984375,63.75537109375
5059,LSTM,2013-12-16 12:10:00,2750.8955,2648.256591796875,102.638916015625
5059,LSTM,2013-12-16 12:20:00,2822.154,2713.896728515625,108.25732421875
5059,LSTM,2013-12-16 12:30:00,2701.6877,2781.72607421875,80.038330078125
5059,LSTM,2013-12-16 12:40:00,2846.589,2811.541259765625,35.0478515625
5059,LSTM,2013-12-16 12:50:00,2761.5703,2850.956787109375,89.386474609375
5059,LSTM,2013-12-16 13:00:00,2679.1482,2866.135498046875,186.9873046875
5059,LSTM,2013-12-16 13:10:00,2846.7756,2853.4189453125,6.643310546875
5059,LSTM,2013-12-16 13:20:00,2534.2056,2866.30029296875,332.0947265625
5059,LSTM,2013-12-16 13:30:00,2814.8188,2819.602294921875,4.783447265625
5059,LSTM,2013-12-16 13:40:00,2797.125,2820.146240234375,23.021240234375
5059,LSTM,2013-12-16 13:50:00,2632.9592,2827.879150390625,194.919921875
5059,LSTM,2013-12-16 14:00:00,2719.9246,2802.86865234375,82.944091796875
5059,LSTM,2013-12-16 14:10:00,2737.278,2789.57568359375,52.297607421875
5059,LSTM,2013-12-16 14:20:00,2688.813,2783.30810546875,94.4951171875
5059,LSTM,2013-12-16 14:30:00,2614.5593,2769.184326171875,154.625
5059,LSTM,2013-12-16 14:40:00,2702.127,2739.185546875,37.05859375
5059,LSTM,2013-12-16 14:50:00,2748.7913,2726.64892578125,22.142333984375
5059,LSTM,2013-12-16 15:00:00,2634.2102,2728.9951171875,94.784912109375
5059,LSTM,2013-12-16 15:10:00,2628.354,2710.629150390625,82.275146484375
5059,LSTM,2013-12-16 15:20:00,2626.0117,2687.863037109375,61.851318359375
5059,LSTM,2013-12-16 15:30:00,2563.6245,2665.853759765625,102.229248046875
5059,LSTM,2013-12-16 15:40:00,2649.9111,2634.114501953125,15.796630859375
5059,LSTM,2013-12-16 15:50:00,2494.1238,2622.388427734375,128.2646484375
5059,LSTM,2013-12-16 16:00:00,2457.8,2585.04443359375,127.244384765625
5059,LSTM,2013-12-16 16:10:00,2545.8594,2540.01025390625,5.84912109375
5059,LSTM,2013-12-16 16:20:00,2543.695,2518.099853515625,25.59521484375
5059,LSTM,2013-12-16 16:30:00,2322.1726,2505.234619140625,183.06201171875
5059,LSTM,2013-12-16 16:40:00,2663.597,2451.60546875,211.991455078125
5059,LSTM,2013-12-16 16:50:00,2480.9702,2467.147216796875,13.822998046875
5059,LSTM,2013-12-16 17:00:00,2258.544,2459.02978515625,200.48583984375
5059,LSTM,2013-12-16 17:10:00,2365.5015,2401.487548828125,35.986083984375
5059,LSTM,2013-12-16 17:20:00,2013.1088,2362.5048828125,349.3961181640625
5059,LSTM,2013-12-16 17:30:00,2151.991,2261.58935546875,109.598388671875
5059,LSTM,2013-12-16 17:40:00,2143.1855,2192.0654296875,48.8798828125
5059,LSTM,2013-12-16 17:50:00,2088.3982,2141.3056640625,52.907470703125
5059,LSTM,2013-12-16 18:00:00,1917.8798,2095.2861328125,177.4063720703125
5059,LSTM,2013-12-16 18:10:00,1961.1852,2025.032958984375,63.8477783203125
5059,LSTM,2013-12-16 18:20:00,1886.3073,1970.6998291015625,84.392578125
5059,LSTM,2013-12-16 18:30:00,1575.9323,1915.6002197265625,339.66796875
5059,LSTM,2013-12-16 18:40:00,1596.1409,1807.7359619140625,211.5950927734375
5059,LSTM,2013-12-16 18:50:00,1528.1525,1709.7724609375,181.6199951171875
5059,LSTM,2013-12-16 19:00:00,1413.2109,1618.9169921875,205.7060546875
5059,LSTM,2013-12-16 19:10:00,1425.4017,1525.09423828125,99.6925048828125
5059,LSTM,2013-12-16 19:20:00,1304.2976,1451.932861328125,147.63525390625
5059,LSTM,2013-12-16 19:30:00,1109.7107,1375.3365478515625,265.6258544921875
5059,LSTM,2013-12-16 19:40:00,1243.8564,1274.111083984375,30.254638671875
5059,LSTM,2013-12-16 19:50:00,1135.4084,1212.5611572265625,77.1527099609375
5059,LSTM,2013-12-16 20:00:00,1075.4208,1154.2025146484375,78.78173828125
5059,LSTM,2013-12-16 20:10:00,1103.3552,1097.80078125,5.554443359375
5059,LSTM,2013-12-16 20:20:00,1062.0172,1059.6568603515625,2.3603515625
5059,LSTM,2013-12-16 20:30:00,1051.4791,1027.752685546875,23.7264404296875
5059,LSTM,2013-12-16 20:40:00,827.939,1003.3965454101562,175.45751953125
5059,LSTM,2013-12-16 20:50:00,939.1461,942.552734375,3.4066162109375
5059,LSTM,2013-12-16 21:00:00,864.99567,904.1964721679688,39.2008056640625
5059,LSTM,2013-12-16 21:10:00,945.5177,866.7525634765625,78.76513671875
5059,LSTM,2013-12-16 21:20:00,929.39575,854.4361572265625,74.9595947265625
5059,LSTM,2013-12-16 21:30:00,795.038,851.4638671875,56.42584228515625
5059,LSTM,2013-12-16 21:40:00,731.85895,827.0244140625,95.16546630859375
5059,LSTM,2013-12-16 21:50:00,685.2888,787.9776611328125,102.6888427734375
5059,LSTM,2013-12-16 22:00:00,619.82666,742.4215698242188,122.59490966796875
5059,LSTM,2013-12-16 22:10:00,686.6954,690.8801879882812,4.184814453125
5059,LSTM,2013-12-16 22:20:00,627.1446,661.0894775390625,33.94488525390625
5059,LSTM,2013-12-16 22:30:00,526.67584,634.3583374023438,107.6824951171875
5059,LSTM,2013-12-16 22:40:00,549.4768,595.111083984375,45.63427734375
5059,LSTM,2013-12-16 22:50:00,507.38956,563.8361206054688,56.446563720703125
5059,LSTM,2013-12-16 23:00:00,502.82867,534.0380859375,31.20941162109375
5059,LSTM,2013-12-16 23:10:00,557.64825,510.49407958984375,47.1541748046875
5059,LSTM,2013-12-16 23:20:00,453.33533,505.6654968261719,52.330169677734375
5059,LSTM,2013-12-16 23:30:00,434.28394,489.6905212402344,55.406585693359375
5059,LSTM,2013-12-16 23:40:00,643.6172,469.34283447265625,174.27435302734375
5059,LSTM,2013-12-16 23:50:00,377.2396,493.2247009277344,115.985107421875
5059,LSTM,2013-12-17 00:00:00,420.13507,479.4006042480469,59.265533447265625
5059,LSTM,2013-12-17 00:10:00,382.49466,461.8152770996094,79.32061767578125
5059,LSTM,2013-12-17 00:20:00,372.3956,439.058837890625,66.66323852539062
5059,LSTM,2013-12-17 00:30:00,354.82898,417.0350341796875,62.2060546875
5059,LSTM,2013-12-17 00:40:00,326.95477,396.5852355957031,69.63046264648438
5059,LSTM,2013-12-17 00:50:00,285.24146,375.7049255371094,90.46347045898438
5059,LSTM,2013-12-17 01:00:00,307.27518,350.7939453125,43.518768310546875
5059,LSTM,2013-12-17 01:10:00,322.3455,333.4453430175781,11.099853515625
5059,LSTM,2013-12-17 01:20:00,270.39795,326.152099609375,55.754150390625
5059,LSTM,2013-12-17 01:30:00,287.36633,315.120849609375,27.7545166015625
5059,LSTM,2013-12-17 01:40:00,300.23834,308.21759033203125,7.979248046875
5059,LSTM,2013-12-17 01:50:00,249.70934,307.62078857421875,57.91145324707031
5059,LSTM,2013-12-17 02:00:00,278.10532,300.85601806640625,22.750701904296875
5059,LSTM,2013-12-17 02:10:00,289.59515,298.58782958984375,8.99267578125
5059,LSTM,2013-12-17 02:20:00,263.2437,301.9211120605469,38.677398681640625
5059,LSTM,2013-12-17 02:30:00,275.8497,303.0588073730469,27.2091064453125
5059,LSTM,2013-12-17 02:40:00,302.6184,306.2615661621094,3.643157958984375
5059,LSTM,2013-12-17 02:50:00,267.39505,316.1686096191406,48.7735595703125
5059,LSTM,2013-12-17 03:00:00,294.62833,321.9272766113281,27.2989501953125
5059,LSTM,2013-12-17 03:10:00,295.62772,331.0377197265625,35.410003662109375
5059,LSTM,2013-12-17 03:20:00,270.77686,341.7720642089844,70.99520874023438
5059,LSTM,2013-12-17 03:30:00,253.19948,347.97064208984375,94.77116394042969
5059,LSTM,2013-12-17 03:40:00,297.35254,348.7110290527344,51.358489990234375
5059,LSTM,2013-12-17 03:50:00,271.64038,356.4282531738281,84.78787231445312
5059,LSTM,2013-12-17 04:00:00,261.4262,362.89990234375,101.47369384765625
5059,LSTM,2013-12-17 04:10:00,315.23523,366.88226318359375,51.64703369140625
5059,LSTM,2013-12-17 04:20:00,340.9571,380.5378723144531,39.580780029296875
5059,LSTM,2013-12-17 04:30:00,281.91028,403.2767333984375,121.366455078125
5059,LSTM,2013-12-17 04:40:00,331.3453,416.8275146484375,85.48220825195312
5059,LSTM,2013-12-17 04:50:00,279.85925,433.8197326660156,153.96047973632812
5059,LSTM,2013-12-17 05:00:00,283.45944,441.2981872558594,157.8387451171875
5059,LSTM,2013-12-17 05:10:00,337.38727,444.1678466796875,106.78057861328125
5059,LSTM,2013-12-17 05:20:00,331.45905,455.48822021484375,124.0291748046875
5059,LSTM,2013-12-17 05:30:00,294.91028,469.232421875,174.3221435546875
5059,LSTM,2013-12-17 05:40:00,379.7659,475.6180725097656,95.8521728515625
5059,LSTM,2013-12-17 05:50:00,342.52347,493.78369140625,151.26022338867188
5059,LSTM,2013-12-17 06:00:00,393.1728,508.9174499511719,115.74465942382812
5059,LSTM,2013-12-17 06:10:00,446.57346,529.9013671875,83.32791137695312
5059,LSTM,2013-12-17 06:20:00,479.6781,561.2714233398438,81.59332275390625
5059,LSTM,2013-12-17 06:30:00,454.89655,599.642822265625,144.74627685546875
5059,LSTM,2013-12-17 06:40:00,550.1103,630.8257446289062,80.7154541015625
5059,LSTM,2013-12-17 06:50:00,753.2259,671.3487548828125,81.87713623046875
5059,LSTM,2013-12-17 07:00:00,753.5956,749.1763305664062,4.41925048828125
5059,LSTM,2013-12-17 07:10:00,825.61786,833.3198852539062,7.7020263671875
5059,LSTM,2013-12-17 07:20:00,969.22736,919.3771362304688,49.8502197265625
5059,LSTM,2013-12-17 07:30:00,1102.4698,1018.6160278320312,83.85382080078125
5059,LSTM,2013-12-17 07:40:00,1151.8215,1132.0228271484375,19.7987060546875
5059,LSTM,2013-12-17 07:50:00,1323.192,1240.5782470703125,82.61376953125
5059,LSTM,2013-12-17 08:00:00,1353.7091,1358.7095947265625,5.00048828125
5059,LSTM,2013-12-17 08:10:00,1526.839,1464.0543212890625,62.78466796875
5059,LSTM,2013-12-17 08:20:00,1520.4928,1575.488037109375,54.9952392578125
5059,LSTM,2013-12-17 08:30:00,1443.8578,1665.7003173828125,221.842529296875
5059,LSTM,2013-12-17 08:40:00,1733.7269,1712.982421875,20.7445068359375
5059,LSTM,2013-12-17 08:50:00,1723.3816,1786.9437255859375,63.5621337890625
5059,LSTM,2013-12-17 09:00:00,1592.9744,1854.2833251953125,261.3089599609375
5059,LSTM,2013-12-17 09:10:00,1676.8529,1879.2568359375,202.4039306640625
5059,LSTM,2013-12-17 09:20:00,2029.1399,1896.72998046875,132.409912109375
5059,LSTM,2013-12-17 09:30:00,1878.1978,1974.3740234375,96.17626953125
5059,LSTM,2013-12-17 09:40:00,2047.585,2030.0609130859375,17.5240478515625
5059,LSTM,2013-12-17 09:50:00,2180.45,2098.33984375,82.110107421875
5059,LSTM,2013-12-17 10:00:00,2260.443,2182.12646484375,78.316650390625
5059,LSTM,2013-12-17 10:10:00,2108.2441,2269.437744140625,161.193603515625
5059,LSTM,2013-12-17 10:20:00,2238.8875,2309.905029296875,71.017578125
5059,LSTM,2013-12-17 10:30:00,2177.5774,2349.529052734375,171.95166015625
5059,LSTM,2013-12-17 10:40:00,2299.401,2367.060546875,67.65966796875
5059,LSTM,2013-12-17 10:50:00,2414.3125,2395.978271484375,18.334228515625
5059,LSTM,2013-12-17 11:00:00,2392.4524,2444.158447265625,51.7060546875
5059,LSTM,2013-12-17 11:10:00,2683.2268,2484.177978515625,199.048828125
5059,LSTM,2013-12-17 11:20:00,2642.9966,2569.60888671875,73.3876953125
5059,LSTM,2013-12-17 11:30:00,2447.843,2643.68798828125,195.844970703125
5059,LSTM,2013-12-17 11:40:00,2542.8638,2660.436767578125,117.572998046875
5059,LSTM,2013-12-17 11:50:00,2836.1824,2672.311279296875,163.87109375
5059,LSTM,2013-12-17 12:00:00,2705.4675,2735.5107421875,30.043212890625
5059,LSTM,2013-12-17 12:10:00,2972.2612,2775.188720703125,197.072509765625
5059,LSTM,2013-12-17 12:20:00,3007.2957,2851.990478515625,155.30517578125
5059,LSTM,2013-12-17 12:30:00,3013.3508,2929.51513671875,83.835693359375
5059,LSTM,2013-12-17 12:40:00,3133.456,2992.0654296875,141.390625
5059,LSTM,2013-12-17 12:50:00,2863.8774,3059.54638671875,195.6689453125
5059,LSTM,2013-12-17 13:00:00,3008.3774,3059.634765625,51.25732421875
5059,LSTM,2013-12-17 13:10:00,2890.1206,3067.333984375,177.21337890625
5059,LSTM,2013-12-17 13:20:00,2734.4712,3048.8544921875,314.38330078125
5059,LSTM,2013-12-17 13:30:00,2544.7542,2994.270751953125,449.5166015625
5059,LSTM,2013-12-17 13:40:00,2736.847,2900.023681640625,163.1767578125
5059,LSTM,2013-12-17 13:50:00,2691.2998,2849.42822265625,158.12841796875
5059,LSTM,2013-12-17 14:00:00,2396.328,2809.7939453125,413.466064453125
5059,LSTM,2013-12-17 14:10:00,2737.6082,2721.23876953125,16.369384765625
5059,LSTM,2013-12-17 14:20:00,2477.2888,2704.52099609375,227.232177734375
5059,LSTM,2013-12-17 14:30:00,2892.6902,2655.82080078125,236.869384765625
5059,LSTM,2013-12-17 14:40:00,2803.812,2692.7578125,111.05419921875
5059,LSTM,2013-12-17 14:50:00,2902.2222,2725.83984375,176.38232421875
5059,LSTM,2013-12-17 15:00:00,2747.326,2771.854736328125,24.52880859375
5059,LSTM,2013-12-17 15:10:00,3124.1052,2778.891357421875,345.2138671875
5059,LSTM,2013-12-17 15:20:00,3048.2637,2849.169189453125,199.094482421875
5059,LSTM,2013-12-17 15:30:00,3095.5195,2904.0263671875,191.4931640625
5059,LSTM,2013-12-17 15:40:00,3181.4688,2953.533935546875,227.934814453125
5059,LSTM,2013-12-17 15:50:00,2941.134,3007.095703125,65.961669921875
5059,LSTM,2013-12-17 16:00:00,2902.808,3000.3037109375,97.49560546875
5059,LSTM,2013-12-17 16:10:00,2714.8738,2970.12744140625,255.253662109375
5059,LSTM,2013-12-17 16:20:00,3030.4998,2898.2744140625,132.225341796875
5059,LSTM,2013-12-17 16:30:00,2599.423,2892.8212890625,293.398193359375
5059,LSTM,2013-12-17 16:40:00,2843.513,2814.9375,28.575439453125
5059,LSTM,2013-12-17 16:50:00,2552.371,2785.262939453125,232.891845703125
5059,LSTM,2013-12-17 17:00:00,2385.382,2711.18896484375,325.806884765625
5059,LSTM,2013-12-17 17:10:00,2270.155,2606.4609375,336.305908203125
5059,LSTM,2013-12-17 17:20:00,2145.7808,2488.61767578125,342.8369140625
5059,LSTM,2013-12-17 17:30:00,2272.6868,2363.32080078125,90.634033203125
5059,LSTM,2013-12-17 17:40:00,2324.8818,2286.379638671875,38.502197265625
5059,LSTM,2013-12-17 17:50:00,2225.732,2248.399658203125,22.667724609375
5059,LSTM,2013-12-17 18:00:00,2236.8972,2209.55078125,27.346435546875
5059,LSTM,2013-12-17 18:10:00,2005.5432,2181.614990234375,176.07177734375
5059,LSTM,2013-12-17 18:20:00,1953.891,2114.400390625,160.5093994140625
5059,LSTM,2013-12-17 18:30:00,1802.5776,2039.0562744140625,236.4786376953125
5059,LSTM,2013-12-17 18:40:00,1852.4194,1943.977294921875,91.557861328125
5059,LSTM,2013-12-17 18:50:00,1696.9374,1872.18359375,175.2462158203125
5059,LSTM,2013-12-17 19:00:00,1606.5923,1789.0638427734375,182.4715576171875
5059,LSTM,2013-12-17 19:10:00,1590.6036,1701.443359375,110.8397216796875
5059,LSTM,2013-12-17 19:20:00,1446.0182,1626.6441650390625,180.6259765625
5059,LSTM,2013-12-17 19:30:00,1323.7642,1541.186767578125,217.422607421875
5059,LSTM,2013-12-17 19:40:00,1351.1807,1445.1639404296875,93.9832763671875
5059,LSTM,2013-12-17 19:50:00,1179.2695,1370.68701171875,191.41748046875
5059,LSTM,2013-12-17 20:00:00,1079.5662,1283.049072265625,203.48291015625
5059,LSTM,2013-12-17 20:10:00,1028.0624,1189.3721923828125,161.309814453125
5059,LSTM,2013-12-17 20:20:00,1090.8693,1102.1309814453125,11.26171875
5059,LSTM,2013-12-17 20:30:00,956.15717,1047.4642333984375,91.30706787109375
5059,LSTM,2013-12-17 20:40:00,862.8589,988.3319091796875,125.4730224609375
5059,LSTM,2013-12-17 20:50:00,919.1082,922.0711059570312,2.962890625
5059,LSTM,2013-12-17 21:00:00,801.89136,878.4605712890625,76.5692138671875
5059,LSTM,2013-12-17 21:10:00,840.02545,828.694091796875,11.33135986328125
5059,LSTM,2013-12-17 21:20:00,779.9643,795.5077514648438,15.54345703125
5059,LSTM,2013-12-17 21:30:00,783.5628,763.7510986328125,19.81170654296875
5059,LSTM,2013-12-17 21:40:00,769.1844,740.783935546875,28.40045166015625
5059,LSTM,2013-12-17 21:50:00,724.57544,723.8182983398438,0.75714111328125
5059,LSTM,2013-12-17 22:00:00,680.99176,704.7689208984375,23.77716064453125
5059,LSTM,2013-12-17 22:10:00,609.1263,681.181640625,72.05535888671875
5059,LSTM,2013-12-17 22:20:00,687.9436,647.2256469726562,40.71795654296875
5059,LSTM,2013-12-17 22:30:00,579.22,632.5239868164062,53.30401611328125
5059,LSTM,2013-12-17 22:40:00,560.5221,607.4493408203125,46.92724609375
5059,LSTM,2013-12-17 22:50:00,585.93774,580.6669921875,5.270751953125
5059,LSTM,2013-12-17 23:00:00,543.7737,564.24853515625,20.474853515625
5059,LSTM,2013-12-17 23:10:00,489.5595,547.6920166015625,58.13250732421875
5059,LSTM,2013-12-17 23:20:00,539.0693,524.537841796875,14.53143310546875
5059,LSTM,2013-12-17 23:30:00,504.443,513.8121337890625,9.369140625
5059,LSTM,2013-12-17 23:40:00,474.9078,504.2149963378906,29.30718994140625
5059,LSTM,2013-12-17 23:50:00,456.41156,492.0437927246094,35.632232666015625
5059,LSTM,2013-12-18 00:00:00,410.78296,478.3052978515625,67.5223388671875
5059,LSTM,2013-12-18 00:10:00,379.65805,458.2784423828125,78.62039184570312
5059,LSTM,2013-12-18 00:20:00,401.63037,433.9405212402344,32.310150146484375
5059,LSTM,2013-12-18 00:30:00,409.86038,417.302001953125,7.441619873046875
5059,LSTM,2013-12-18 00:40:00,410.02414,409.3870849609375,0.637054443359375
5059,LSTM,2013-12-18 00:50:00,413.1298,407.5135803222656,5.6162109375
5059,LSTM,2013-12-18 01:00:00,381.0714,410.0077819824219,28.936370849609375
5059,LSTM,2013-12-18 01:10:00,370.31766,408.41729736328125,38.099639892578125
5059,LSTM,2013-12-18 01:20:00,391.41586,403.9258117675781,12.50994873046875
5059,LSTM,2013-12-18 01:30:00,339.14832,403.84698486328125,64.69866943359375
5059,LSTM,2013-12-18 01:40:00,343.98822,396.2406311035156,52.252410888671875
5059,LSTM,2013-12-18 01:50:00,354.6266,388.2218933105469,33.595306396484375
5059,LSTM,2013-12-18 02:00:00,349.94174,384.2461242675781,34.30438232421875
5059,LSTM,2013-12-18 02:10:00,357.09317,382.658447265625,25.565277099609375
5059,LSTM,2013-12-18 02:20:00,353.47437,384.6050720214844,31.130706787109375
5059,LSTM,2013-12-18 02:30:00,323.44745,387.9430236816406,64.49557495117188
5059,LSTM,2013-12-18 02:40:00,330.19568,386.2846984863281,56.089019775390625
5059,LSTM,2013-12-18 02:50:00,333.8312,384.6917724609375,50.860565185546875
5059,LSTM,2013-12-18 03:00:00,349.34024,385.05059814453125,35.710357666015625
5059,LSTM,2013-12-18 03:10:00,332.18362,390.2875061035156,58.1038818359375
5059,LSTM,2013-12-18 03:20:00,342.7267,394.67047119140625,51.943756103515625
5059,LSTM,2013-12-18 03:30:00,374.74506,400.9589538574219,26.213897705078125
5059,LSTM,2013-12-18 03:40:00,368.85327,414.49005126953125,45.63677978515625
5059,LSTM,2013-12-18 03:50:00,359.95996,429.38519287109375,69.42523193359375
5059,LSTM,2013-12-18 04:00:00,320.06473,441.8775329589844,121.81280517578125
5059,LSTM,2013-12-18 04:10:00,361.5439,444.5394592285156,82.99554443359375
5059,LSTM,2013-12-18 04:20:00,344.93466,451.02215576171875,106.08749389648438
5059,LSTM,2013-12-18 04:30:00,401.58304,456.4610900878906,54.8780517578125
5059,LSTM,2013-12-18 04:40:00,397.4719,472.4706115722656,74.99871826171875
5059,LSTM,2013-12-18 04:50:00,396.86322,491.5770263671875,94.71380615234375
5059,LSTM,2013-12-18 05:00:00,346.3754,509.9048767089844,163.52947998046875
5059,LSTM,2013-12-18 05:10:00,356.57953,516.043701171875,159.46417236328125
5059,LSTM,2013-12-18 05:20:00,357.7288,517.7603759765625,160.03158569335938
5059,LSTM,2013-12-18 05:30:00,379.6343,518.1423950195312,138.50808715820312
5059,LSTM,2013-12-18 05:40:00,361.912,522.77587890625,160.8638916015625
5059,LSTM,2013-12-18 05:50:00,413.2211,526.1411743164062,112.92007446289062
5059,LSTM,2013-12-18 06:00:00,403.95444,538.6199951171875,134.66555786132812
5059,LSTM,2013-12-18 06:10:00,471.12317,552.6114501953125,81.48828125
5059,LSTM,2013-12-18 06:20:00,481.8742,578.312744140625,96.43853759765625
5059,LSTM,2013-12-18 06:30:00,486.94028,608.4262084960938,121.48593139648438
5059,LSTM,2013-12-18 06:40:00,624.4269,637.0855712890625,12.65869140625
5059,LSTM,2013-12-18 06:50:00,638.6378,686.885009765625,48.2471923828125
5059,LSTM,2013-12-18 07:00:00,813.0423,742.41357421875,70.62872314453125
5059,LSTM,2013-12-18 07:10:00,815.51215,824.8843383789062,9.3721923828125
5059,LSTM,2013-12-18 07:20:00,925.61444,907.4727783203125,18.14166259765625
5059,LSTM,2013-12-18 07:30:00,986.8481,996.488525390625,9.64044189453125
5059,LSTM,2013-12-18 07:40:00,1024.8683,1084.533203125,59.6649169921875
5059,LSTM,2013-12-18 07:50:00,1120.7278,1163.1796875,42.451904296875
5059,LSTM,2013-12-18 08:00:00,1329.3273,1240.9007568359375,88.426513671875
5059,LSTM,2013-12-18 08:10:00,1298.2369,1343.4237060546875,45.186767578125
5059,LSTM,2013-12-18 08:20:00,1384.4584,1431.501708984375,47.0433349609375
5059,LSTM,2013-12-18 08:30:00,1469.4359,1511.7835693359375,42.34765625
5059,LSTM,2013-12-18 08:40:00,1578.1361,1588.5416259765625,10.405517578125
5059,LSTM,2013-12-18 08:50:00,1854.7711,1668.83154296875,185.9395751953125
5059,LSTM,2013-12-18 09:00:00,1918.0592,1787.2933349609375,130.765869140625
5059,LSTM,2013-12-18 09:10:00,1979.1547,1909.49951171875,69.6551513671875
5059,LSTM,2013-12-18 09:20:00,1986.4985,2019.542236328125,33.043701171875
5059,LSTM,2013-12-18 09:30:00,2171.3083,2102.77001953125,68.538330078125
5059,LSTM,2013-12-18 09:40:00,2056.8528,2193.09326171875,136.240478515625
5059,LSTM,2013-12-18 09:50:00,2273.6548,2244.377197265625,29.277587890625
5059,LSTM,2013-12-18 10:00:00,2399.3738,2311.49462890625,87.879150390625
5059,LSTM,2013-12-18 10:10:00,2414.5996,2393.5595703125,21.0400390625
5059,LSTM,2013-12-18 10:20:00,2517.3289,2466.44775390625,50.881103515625
5059,LSTM,2013-12-18 10:30:00,2686.7637,2540.23388671875,146.52978515625
5059,LSTM,2013-12-18 10:40:00,2631.3562,2630.778076171875,0.578125
5059,LSTM,2013-12-18 10:50:00,2698.8047,2696.661865234375,2.142822265625
5059,LSTM,2013-12-18 11:00:00,2644.4453,2753.073974609375,108.628662109375
5059,LSTM,2013-12-18 11:10:00,2527.1482,2782.6337890625,255.485595703125
5059,LSTM,2013-12-18 11:20:00,2794.0598,2773.214111328125,20.845703125
5059,LSTM,2013-12-18 11:30:00,2793.752,2803.510986328125,9.759033203125
5059,LSTM,2013-12-18 11:40:00,2745.2158,2838.337158203125,93.121337890625
5059,LSTM,2013-12-18 11:50:00,2864.4187,2857.84521484375,6.573486328125
5059,LSTM,2013-12-18 12:00:00,3068.5156,2890.949462890625,177.566162109375
5059,LSTM,2013-12-18 12:10:00,3000.1797,2959.947509765625,40.232177734375
5059,LSTM,2013-12-18 12:20:00,3004.6577,3011.34716796875,6.689453125
5059,LSTM,2013-12-18 12:30:00,3191.4482,3047.43115234375,144.01708984375
5059,LSTM,2013-12-18 12:40:00,3207.1082,3106.463623046875,100.64453125
5059,LSTM,2013-12-18 12:50:00,3051.9417,3161.239501953125,109.2978515625
5059,LSTM,2013-12-18 13:00:00,3178.2046,3172.1806640625,6.02392578125
5059,LSTM,2013-12-18 13:10:00,3111.8792,3191.76318359375,79.884033203125
5059,LSTM,2013-12-18 13:20:00,2973.613,3193.858154296875,220.2451171875
5059,LSTM,2013-12-18 13:30:00,3023.979,3161.875244140625,137.896240234375
5059,LSTM,2013-12-18 13:40:00,2870.2231,3134.9130859375,264.68994140625
5059,LSTM,2013-12-18 13:50:00,2810.9236,3081.439697265625,270.51611328125
5059,LSTM,2013-12-18 14:00:00,2524.7148,3018.0576171875,493.3427734375
5059,LSTM,2013-12-18 14:10:00,2665.3462,2904.420654296875,239.074462890625
5059,LSTM,2013-12-18 14:20:00,2788.0576,2826.215087890625,38.157470703125
5059,LSTM,2013-12-18 14:30:00,2690.2422,2795.594482421875,105.352294921875
5059,LSTM,2013-12-18 14:40:00,2476.034,2763.941650390625,287.90771484375
5059,LSTM,2013-12-18 14:50:00,2679.1196,2694.543212890625,15.423583984375
5059,LSTM,2013-12-18 15:00:00,2502.6748,2668.5947265625,165.919921875
5059,LSTM,2013-12-18 15:10:00,2525.0535,2621.117919921875,96.064453125
5059,LSTM,2013-12-18 15:20:00,2681.9224,2581.621337890625,100.301025390625
5059,LSTM,2013-12-18 15:30:00,2889.6282,2582.55517578125,307.072998046875
5059,LSTM,2013-12-18 15:40:00,2542.5159,2635.947998046875,93.43212890625
5059,LSTM,2013-12-18 15:50:00,2753.3704,2621.758056640625,131.6123046875
5059,LSTM,2013-12-18 16:00:00,2676.2473,2635.75830078125,40.489013671875
5059,LSTM,2013-12-18 16:10:00,2600.9219,2635.611083984375,34.689208984375
5059,LSTM,2013-12-18 16:20:00,2616.2776,2615.943359375,0.334228515625
5059,LSTM,2013-12-18 16:30:00,2503.0156,2596.827880859375,93.812255859375
5059,LSTM,2013-12-18 16:40:00,2491.409,2556.934814453125,65.52587890625
5059,LSTM,2013-12-18 16:50:00,2464.9944,2516.30419921875,51.309814453125
5059,LSTM,2013-12-18 17:00:00,2273.415,2476.900390625,203.4853515625
5059,LSTM,2013-12-18 17:10:00,2249.7034,2405.57470703125,155.871337890625
5059,LSTM,2013-12-18 17:20:00,2227.0051,2334.41650390625,107.411376953125
5059,LSTM,2013-12-18 17:30:00,2196.0857,2271.447509765625,75.36181640625
5059,LSTM,2013-12-18 17:40:00,1929.9333,2216.597412109375,286.6640625
5059,LSTM,2013-12-18 17:50:00,1906.7804,2120.000732421875,213.2203369140625
5059,LSTM,2013-12-18 18:00:00,1933.2943,2026.100830078125,92.8065185546875
5059,LSTM,2013-12-18 18:10:00,1699.993,1955.802490234375,255.8094482421875
5059,LSTM,2013-12-18 18:20:00,1720.3447,1858.2236328125,137.87890625
5059,LSTM,2013-12-18 18:30:00,1700.0227,1776.99072265625,76.968017578125
5059,LSTM,2013-12-18 18:40:00,1523.4855,1711.99365234375,188.5081787109375
5059,LSTM,2013-12-18 18:50:00,1568.3333,1629.1690673828125,60.8358154296875
5059,LSTM,2013-12-18 19:00:00,1453.8413,1567.32421875,113.48291015625
5059,LSTM,2013-12-18 19:10:00,1269.3866,1500.69384765625,231.3072509765625
5059,LSTM,2013-12-18 19:20:00,1161.6351,1409.0599365234375,247.4248046875
5059,LSTM,2013-12-18 19:30:00,1171.1189,1306.090087890625,134.97119140625
5059,LSTM,2013-12-18 19:40:00,991.7398,1221.6385498046875,229.89874267578125
5059,LSTM,2013-12-18 19:50:00,957.08075,1123.8258056640625,166.74505615234375
5059,LSTM,2013-12-18 20:00:00,985.3857,1034.8802490234375,49.49456787109375
5059,LSTM,2013-12-18 20:10:00,816.4783,972.5376586914062,156.05938720703125
5059,LSTM,2013-12-18 20:20:00,850.4735,898.5338134765625,48.060302734375
5059,LSTM,2013-12-18 20:30:00,817.6907,843.1399536132812,25.44927978515625
5059,LSTM,2013-12-18 20:40:00,688.8506,799.2915649414062,110.44097900390625
5059,LSTM,2013-12-18 20:50:00,702.4695,743.6797485351562,41.21026611328125
5059,LSTM,2013-12-18 21:00:00,753.86127,698.5392456054688,55.322021484375
5059,LSTM,2013-12-18 21:10:00,676.85645,677.1206665039062,0.26422119140625
5059,LSTM,2013-12-18 21:20:00,758.3573,654.6329956054688,103.72430419921875
5059,LSTM,2013-12-18 21:30:00,652.5494,653.8116455078125,1.26226806640625
5059,LSTM,2013-12-18 21:40:00,640.0536,641.5267333984375,1.47314453125
5059,LSTM,2013-12-18 21:50:00,634.62427,626.208740234375,8.41552734375
5059,LSTM,2013-12-18 22:00:00,604.5951,612.6290893554688,8.03399658203125
5059,LSTM,2013-12-18 22:10:00,545.23456,597.4865112304688,52.251953125
5059,LSTM,2013-12-18 22:20:00,540.5254,573.9812622070312,33.45587158203125
5059,LSTM,2013-12-18 22:30:00,593.64,551.7368774414062,41.90313720703125
5059,LSTM,2013-12-18 22:40:00,579.179,545.6829223632812,33.49609375
5059,LSTM,2013-12-18 22:50:00,502.68198,545.4791259765625,42.797149658203125
5059,LSTM,2013-12-18 23:00:00,536.72876,533.659912109375,3.06884765625
5059,LSTM,2013-12-18 23:10:00,487.20523,527.041748046875,39.836517333984375
5059,LSTM,2013-12-18 23:20:00,436.3902,514.8541259765625,78.46392822265625
5059,LSTM,2013-12-18 23:30:00,456.98666,493.4955139160156,36.50885009765625
5059,LSTM,2013-12-18 23:40:00,429.72488,477.12591552734375,47.401031494140625
5059,LSTM,2013-12-18 23:50:00,370.90134,461.2594909667969,90.358154296875
5059,LSTM,2013-12-19 00:00:00,435.60614,437.6851806640625,2.07904052734375
5059,LSTM,2013-12-19 00:10:00,394.7007,428.5841979980469,33.88348388671875
5059,LSTM,2013-12-19 00:20:00,400.94308,420.0574645996094,19.1143798828125
5059,LSTM,2013-12-19 00:30:00,427.43805,415.3029479980469,12.135101318359375
5059,LSTM,2013-12-19 00:40:00,336.43256,419.01507568359375,82.58251953125
5059,LSTM,2013-12-19 00:50:00,365.28946,408.6139221191406,43.324462890625
5059,LSTM,2013-12-19 01:00:00,346.52133,400.1186218261719,53.5972900390625
5059,LSTM,2013-12-19 01:10:00,342.67114,391.0043029785156,48.333160400390625
5059,LSTM,2013-12-19 01:20:00,320.30676,383.163330078125,62.8565673828125
5059,LSTM,2013-12-19 01:30:00,328.14258,373.573486328125,45.430908203125
5059,LSTM,2013-12-19 01:40:00,280.11807,367.0646057128906,86.946533203125
5059,LSTM,2013-12-19 01:50:00,335.46817,354.4076843261719,18.93951416015625
5059,LSTM,2013-12-19 02:00:00,298.21442,352.576416015625,54.36199951171875
5059,LSTM,2013-12-19 02:10:00,309.21713,349.7395324707031,40.52239990234375
5059,LSTM,2013-12-19 02:20:00,300.12256,349.8153381347656,49.692779541015625
5059,LSTM,2013-12-19 02:30:00,246.72475,350.4040832519531,103.67933654785156
5059,LSTM,2013-12-19 02:40:00,276.32565,341.6553039550781,65.32965087890625
5059,LSTM,2013-12-19 02:50:00,262.11307,336.50592041015625,74.39285278320312
5059,LSTM,2013-12-19 03:00:00,270.27988,332.37615966796875,62.096282958984375
5059,LSTM,2013-12-19 03:10:00,252.87465,332.08270263671875,79.20805358886719
5059,LSTM,2013-12-19 03:20:00,251.35564,331.52532958984375,80.16969299316406
5059,LSTM,2013-12-19 03:30:00,252.64908,331.7598571777344,79.11077880859375
5059,LSTM,2013-12-19 03:40:00,252.2801,333.8326416015625,81.55253601074219
5059,LSTM,2013-12-19 03:50:00,271.09418,337.68572998046875,66.591552734375
5059,LSTM,2013-12-19 04:00:00,250.35619,346.695556640625,96.33937072753906
5059,LSTM,2013-12-19 04:10:00,284.96732,354.20574951171875,69.23843383789062
5059,LSTM,2013-12-19 04:20:00,278.65344,367.51885986328125,88.86541748046875
5059,LSTM,2013-12-19 04:30:00,234.95042,381.8055114746094,146.85508728027344
5059,LSTM,2013-12-19 04:40:00,278.24277,387.0372619628906,108.79449462890625
5059,LSTM,2013-12-19 04:50:00,274.403,395.958740234375,121.55572509765625
5059,LSTM,2013-12-19 05:00:00,246.9415,405.8963317871094,158.954833984375
5059,LSTM,2013-12-19 05:10:00,316.2096,410.4207763671875,94.211181640625
5059,LSTM,2013-12-19 05:20:00,317.42062,425.3143005371094,107.8936767578125
5059,LSTM,2013-12-19 05:30:00,308.83353,444.516845703125,135.68331909179688
5059,LSTM,2013-12-19 05:40:00,312.58328,461.8153381347656,149.2320556640625
5059,LSTM,2013-12-19 05:50:00,378.32358,476.5602111816406,98.23663330078125
5059,LSTM,2013-12-19 06:00:00,398.94138,500.6629943847656,101.72161865234375
5059,LSTM,2013-12-19 06:10:00,383.5255,530.3851318359375,146.859619140625
5059,LSTM,2013-12-19 06:20:00,505.4137,555.5988159179688,50.18511962890625
5059,LSTM,2013-12-19 06:30:00,487.4411,597.7006225585938,110.259521484375
5059,LSTM,2013-12-19 06:40:00,513.9205,638.8560180664062,124.935546875
5059,LSTM,2013-12-19 06:50:00,644.89886,677.6076049804688,32.708740234375
5059,LSTM,2013-12-19 07:00:00,664.45844,733.71630859375,69.25787353515625
5059,LSTM,2013-12-19 07:10:00,682.46765,793.2726440429688,110.80499267578125
5059,LSTM,2013-12-19 07:20:00,738.4892,847.5045166015625,109.01531982421875
5059,LSTM,2013-12-19 07:30:00,748.6995,900.0792846679688,151.3797607421875
5059,LSTM,2013-12-19 07:40:00,879.4211,944.3693237304688,64.9482421875
5059,LSTM,2013-12-19 07:50:00,1059.6798,1001.3215942382812,58.35821533203125
5059,LSTM,2013-12-19 08:00:00,1205.6597,1088.636962890625,117.022705078125
5059,LSTM,2013-12-19 08:10:00,1294.0133,1202.4049072265625,91.6083984375
5059,LSTM,2013-12-19 08:20:00,1403.5646,1323.8751220703125,79.689453125
5059,LSTM,2013-12-19 08:30:00,1366.8352,1446.0679931640625,79.2327880859375
5059,LSTM,2013-12-19 08:40:00,1410.3503,1537.1033935546875,126.7530517578125
5059,LSTM,2013-12-19 08:50:00,1500.0518,1603.82177734375,103.77001953125
5059,LSTM,2013-12-19 09:00:00,1631.4614,1663.0447998046875,31.5833740234375
5059,LSTM,2013-12-19 09:10:00,1594.8406,1731.66064453125,136.820068359375
5059,LSTM,2013-12-19 09:20:00,1743.9664,1782.591552734375,38.6251220703125
5059,LSTM,2013-12-19 09:30:00,1792.1635,1843.7017822265625,51.538330078125
5059,LSTM,2013-12-19 09:40:00,1852.2518,1904.9456787109375,52.69384765625
5059,LSTM,2013-12-19 09:50:00,1815.0078,1964.6229248046875,149.6151123046875
5059,LSTM,2013-12-19 10:00:00,1953.0441,2003.39697265625,50.3529052734375
5059,LSTM,2013-12-19 10:10:00,1898.2076,2051.86328125,153.6556396484375
5059,LSTM,2013-12-19 10:20:00,1932.6768,2082.41064453125,149.73388671875
5059,LSTM,2013-12-19 10:30:00,2083.847,2105.741455078125,21.89453125
5059,LSTM,2013-12-19 10:40:00,2171.034,2149.87890625,21.155029296875
5059,LSTM,2013-12-19 10:50:00,2265.2751,2208.87158203125,56.403564453125
5059,LSTM,2013-12-19 11:00:00,2178.1807,2279.1796875,100.9990234375
5059,LSTM,2013-12-19 11:10:00,2262.1309,2321.529296875,59.3984375
5059,LSTM,2013-12-19 11:20:00,2150.6255,2360.91845703125,210.29296875
5059,LSTM,2013-12-19 11:30:00,2270.9175,2367.8876953125,96.97021484375
5059,LSTM,2013-12-19 11:40:00,2441.9106,2384.69287109375,57.2177734375
5059,LSTM,2013-12-19 11:50:00,2547.372,2433.5869140625,113.78515625
5059,LSTM,2013-12-19 12:00:00,2549.3323,2503.518310546875,45.81396484375
5059,LSTM,2013-12-19 12:10:00,2767.8403,2566.26318359375,201.5771484375
5059,LSTM,2013-12-19 12:20:00,2683.886,2656.14892578125,27.737060546875
5059,LSTM,2013-12-19 12:30:00,2711.2275,2718.55126953125,7.32373046875
5059,LSTM,2013-12-19 12:40:00,2517.5942,2764.208740234375,246.614501953125
5059,LSTM,2013-12-19 12:50:00,2742.896,2755.160400390625,12.264404296875
5059,LSTM,2013-12-19 13:00:00,2650.2075,2773.78564453125,123.578125
5059,LSTM,2013-12-19 13:10:00,2467.6526,2776.232666015625,308.580078125
5059,LSTM,2013-12-19 13:20:00,2606.0076,2736.28955078125,130.281982421875
5059,LSTM,2013-12-19 13:30:00,2583.6455,2717.3193359375,133.673828125
5059,LSTM,2013-12-19 13:40:00,2529.9766,2701.653076171875,171.676513671875
5059,LSTM,2013-12-19 13:50:00,2546.6702,2678.534423828125,131.8642578125
5059,LSTM,2013-12-19 14:00:00,2376.3787,2659.84814453125,283.469482421875
5059,LSTM,2013-12-19 14:10:00,2511.2964,2610.190185546875,98.893798828125
5059,LSTM,2013-12-19 14:20:00,2380.6892,2587.06787109375,206.378662109375
5059,LSTM,2013-12-19 14:30:00,2496.9202,2547.705810546875,50.78564453125
5059,LSTM,2013-12-19 14:40:00,2670.8054,2534.151611328125,136.65380859375
5059,LSTM,2013-12-19 14:50:00,2527.7153,2564.347412109375,36.632080078125
5059,LSTM,2013-12-19 15:00:00,2489.7966,2571.319091796875,81.5224609375
5059,LSTM,2013-12-19 15:10:00,2740.8386,2561.987548828125,178.85107421875
5059,LSTM,2013-12-19 15:20:00,2435.4739,2598.690673828125,163.216796875
5059,LSTM,2013-12-19 15:30:00,2455.3765,2576.95654296875,121.580078125
5059,LSTM,2013-12-19 15:40:00,2387.4033,2546.701171875,159.2978515625
5059,LSTM,2013-12-19 15:50:00,2405.84,2503.100830078125,97.2607421875
5059,LSTM,2013-12-19 16:00:00,2422.1624,2466.548583984375,44.38623046875
5059,LSTM,2013-12-19 16:10:00,2372.235,2441.06982421875,68.834716796875
5059,LSTM,2013-12-19 16:20:00,2159.3252,2412.63818359375,253.31298828125
5059,LSTM,2013-12-19 16:30:00,2137.3472,2344.51806640625,207.1708984375
5059,LSTM,2013-12-19 16:40:00,2231.6362,2272.957275390625,41.321044921875
5059,LSTM,2013-12-19 16:50:00,2189.9358,2231.996826171875,42.06103515625
5059,LSTM,2013-12-19 17:00:00,2123.9602,2198.4970703125,74.536865234375
5059,LSTM,2013-12-19 17:10:00,2123.4507,2160.394287109375,36.943603515625
5059,LSTM,2013-12-19 17:20:00,1877.5531,2128.023193359375,250.4700927734375
5059,LSTM,2013-12-19 17:30:00,2125.435,2052.399169921875,73.035888671875
5059,LSTM,2013-12-19 17:40:00,2092.7605,2029.84326171875,62.917236328125
5059,LSTM,2013-12-19 17:50:00,1824.8812,2019.035888671875,194.1546630859375
5059,LSTM,2013-12-19 18:00:00,1729.0022,1959.817626953125,230.8154296875
5059,LSTM,2013-12-19 18:10:00,1680.3955,1878.4365234375,198.041015625
5059,LSTM,2013-12-19 18:20:00,1606.5753,1795.029541015625,188.4542236328125
5059,LSTM,2013-12-19 18:30:00,1626.3033,1711.604736328125,85.3013916015625
5059,LSTM,2013-12-19 18:40:00,1547.6588,1648.6893310546875,101.030517578125
5059,LSTM,2013-12-19 18:50:00,1395.2604,1588.5467529296875,193.286376953125
5059,LSTM,2013-12-19 19:00:00,1390.367,1510.6678466796875,120.3009033203125
5059,LSTM,2013-12-19 19:10:00,1230.7985,1441.890380859375,211.0919189453125
5059,LSTM,2013-12-19 19:20:00,1114.6785,1356.8995361328125,242.2210693359375
5059,LSTM,2013-12-19 19:30:00,1020.2102,1260.3404541015625,240.1302490234375
5059,LSTM,2013-12-19 19:40:00,942.3615,1159.8427734375,217.48126220703125
5059,LSTM,2013-12-19 19:50:00,842.16235,1062.17724609375,220.014892578125
5059,LSTM,2013-12-19 20:00:00,718.4314,964.8026733398438,246.37127685546875
5059,LSTM,2013-12-19 20:10:00,781.4337,862.2884521484375,80.854736328125
5059,LSTM,2013-12-19 20:20:00,700.18353,791.1474609375,90.96392822265625
5059,LSTM,2013-12-19 20:30:00,728.1585,729.4179077148438,1.2593994140625
5059,LSTM,2013-12-19 20:40:00,701.60626,689.9776611328125,11.62860107421875
5059,LSTM,2013-12-19 20:50:00,737.4239,662.1671142578125,75.25677490234375
5059,LSTM,2013-12-19 21:00:00,640.25195,652.538330078125,12.286376953125
5059,LSTM,2013-12-19 21:10:00,642.9851,633.5531005859375,9.4320068359375
5059,LSTM,2013-12-19 21:20:00,583.51904,616.5862426757812,33.06719970703125
5059,LSTM,2013-12-19 21:30:00,631.582,592.8837890625,38.69818115234375
5059,LSTM,2013-12-19 21:40:00,589.1496,581.8154296875,7.33416748046875
5059,LSTM,2013-12-19 21:50:00,559.72516,570.4647827148438,10.7396240234375
5059,LSTM,2013-12-19 22:00:00,568.68,556.586669921875,12.09332275390625
5059,LSTM,2013-12-19 22:10:00,518.3545,547.2012939453125,28.8468017578125
5059,LSTM,2013-12-19 22:20:00,516.46484,532.4646606445312,15.99981689453125
5059,LSTM,2013-12-19 22:30:00,506.92117,519.028564453125,12.107391357421875
5059,LSTM,2013-12-19 22:40:00,482.3108,507.7048645019531,25.394073486328125
5059,LSTM,2013-12-19 22:50:00,465.71014,495.4661865234375,29.75604248046875
5059,LSTM,2013-12-19 23:00:00,525.8392,482.77655029296875,43.0626220703125
5059,LSTM,2013-12-19 23:10:00,489.60336,485.0429992675781,4.56036376953125
5059,LSTM,2013-12-19 23:20:00,372.18173,486.928955078125,114.74722290039062
5059,LSTM,2013-12-19 23:30:00,404.69742,466.01611328125,61.318695068359375
5059,LSTM,2013-12-19 23:40:00,391.80353,446.38482666015625,54.581298828125
5059,LSTM,2013-12-19 23:50:00,297.08508,429.0201721191406,131.93508911132812
5059,LSTM,2013-12-20 00:00:00,363.3345,397.83294677734375,34.498443603515625
5059,LSTM,2013-12-20 00:10:00,311.23398,379.86138916015625,68.62741088867188
5059,LSTM,2013-12-20 00:20:00,304.2302,361.3223876953125,57.092193603515625
5059,LSTM,2013-12-20 00:30:00,292.2712,345.0443420410156,52.77313232421875
5059,LSTM,2013-12-20 00:40:00,266.19818,330.8842468261719,64.68606567382812
5059,LSTM,2013-12-20 00:50:00,241.73764,315.6341857910156,73.89654541015625
5059,LSTM,2013-12-20 01:00:00,268.45358,298.31005859375,29.856475830078125
5059,LSTM,2013-12-20 01:10:00,255.58801,288.8504333496094,33.262420654296875
5059,LSTM,2013-12-20 01:20:00,255.26366,282.8669738769531,27.603317260742188
5059,LSTM,2013-12-20 01:30:00,247.74217,280.15277099609375,32.41059875488281
5059,LSTM,2013-12-20 01:40:00,261.45126,278.73468017578125,17.283416748046875
5059,LSTM,2013-12-20 01:50:00,212.55832,281.6831970214844,69.1248779296875
5059,LSTM,2013-12-20 02:00:00,225.63672,277.6639099121094,52.027191162109375
5059,LSTM,2013-12-20 02:10:00,253.41428,274.3663330078125,20.952056884765625
5059,LSTM,2013-12-20 02:20:00,224.57256,278.52337646484375,53.95082092285156
5059,LSTM,2013-12-20 02:30:00,224.44083,281.31829833984375,56.877471923828125
5059,LSTM,2013-12-20 02:40:00,250.79286,284.0707092285156,33.27784729003906
5059,LSTM,2013-12-20 02:50:00,213.31396,292.7547302246094,79.44076538085938
5059,LSTM,2013-12-20 03:00:00,220.35384,297.2137756347656,76.85993957519531
5059,LSTM,2013-12-20 03:10:00,226.84929,301.39984130859375,74.55055236816406
5059,LSTM,2013-12-20 03:20:00,201.8171,307.4659118652344,105.64881896972656
5059,LSTM,2013-12-20 03:30:00,205.79384,310.1252136230469,104.33137512207031
5059,LSTM,2013-12-20 03:40:00,235.06807,312.6117858886719,77.54371643066406
5059,LSTM,2013-12-20 03:50:00,192.8713,321.5493469238281,128.67803955078125
5059,LSTM,2013-12-20 04:00:00,216.31819,325.70361328125,109.38542175292969
5059,LSTM,2013-12-20 04:10:00,236.10062,332.129150390625,96.02853393554688
5059,LSTM,2013-12-20 04:20:00,207.19698,343.73077392578125,136.53379821777344
5059,LSTM,2013-12-20 04:30:00,252.64702,351.802490234375,99.15547180175781
5059,LSTM,2013-12-20 04:40:00,243.07234,366.1606140136719,123.08827209472656
5059,LSTM,2013-12-20 04:50:00,206.34781,380.8323669433594,174.48455810546875
5059,LSTM,2013-12-20 05:00:00,246.40039,387.0737609863281,140.67337036132812
5059,LSTM,2013-12-20 05:10:00,231.74612,396.0305480957031,164.284423828125
5059,LSTM,2013-12-20 05:20:00,241.9884,403.1200256347656,161.13162231445312
5059,LSTM,2013-12-20 05:30:00,240.64299,410.4842224121094,169.8412322998047
5059,LSTM,2013-12-20 05:40:00,296.80536,417.0752258300781,120.26986694335938
5059,LSTM,2013-12-20 05:50:00,303.16022,433.200439453125,130.04022216796875
5059,LSTM,2013-12-20 06:00:00,369.727,453.5476989746094,83.82070922851562
5059,LSTM,2013-12-20 06:10:00,364.43896,485.63922119140625,121.20025634765625
5059,LSTM,2013-12-20 06:20:00,412.51233,518.1765747070312,105.66424560546875
5059,LSTM,2013-12-20 06:30:00,379.6234,554.8023071289062,175.17889404296875
5059,LSTM,2013-12-20 06:40:00,429.28006,581.6535034179688,152.37344360351562
5059,LSTM,2013-12-20 06:50:00,670.184,608.3015747070312,61.8824462890625
5059,LSTM,2013-12-20 07:00:00,684.615,676.4804077148438,8.13458251953125
5059,LSTM,2013-12-20 07:10:00,693.4316,758.1953125,64.76373291015625
5059,LSTM,2013-12-20 07:20:00,856.2361,833.9368896484375,22.2991943359375
5059,LSTM,2013-12-20 07:30:00,789.64154,924.1124877929688,134.470947265625
5059,LSTM,2013-12-20 07:40:00,935.7097,992.998046875,57.288330078125
5059,LSTM,2013-12-20 07:50:00,1030.2852,1066.0977783203125,35.8126220703125
5059,LSTM,2013-12-20 08:00:00,1220.1327,1145.903076171875,74.2296142578125
5059,LSTM,2013-12-20 08:10:00,1237.1399,1250.0059814453125,12.8660888671875
5059,LSTM,2013-12-20 08:20:00,1306.8202,1348.737548828125,41.9173583984375
5059,LSTM,2013-12-20 08:30:00,1387.7256,1438.4072265625,50.681640625
5059,LSTM,2013-12-20 08:40:00,1409.9805,1521.172119140625,111.191650390625
5059,LSTM,2013-12-20 08:50:00,1643.7428,1587.9923095703125,55.75048828125
5059,LSTM,2013-12-20 09:00:00,1689.2719,1678.5380859375,10.7337646484375
5059,LSTM,2013-12-20 09:10:00,1596.9042,1769.2208251953125,172.316650390625
5059,LSTM,2013-12-20 09:20:00,1671.042,1823.06787109375,152.02587890625
5059,LSTM,2013-12-20 09:30:00,1595.8231,1863.857421875,268.0343017578125
5059,LSTM,2013-12-20 09:40:00,1878.9928,1875.1712646484375,3.821533203125
5059,LSTM,2013-12-20 09:50:00,1986.6229,1925.7889404296875,60.833984375
5059,LSTM,2013-12-20 10:00:00,1975.8969,2001.648681640625,25.7518310546875
5059,LSTM,2013-12-20 10:10:00,1999.3615,2069.488525390625,70.1270751953125
5059,LSTM,2013-12-20 10:20:00,2245.892,2124.2763671875,121.61572265625
5059,LSTM,2013-12-20 10:30:00,2462.251,2209.795654296875,252.455322265625
5059,LSTM,2013-12-20 10:40:00,2270.869,2330.3076171875,59.438720703125
5059,LSTM,2013-12-20 10:50:00,2222.109,2401.229248046875,179.120361328125
5059,LSTM,2013-12-20 11:00:00,2357.3289,2429.949951171875,72.62109375
5059,LSTM,2013-12-20 11:10:00,2275.7559,2462.343505859375,186.587646484375
5059,LSTM,2013-12-20 11:20:00,2439.7173,2471.729248046875,32.011962890625
5059,LSTM,2013-12-20 11:30:00,2526.545,2502.43408203125,24.11083984375
5059,LSTM,2013-12-20 11:40:00,2346.0898,2549.774658203125,203.684814453125
5059,LSTM,2013-12-20 11:50:00,2470.7983,2557.087890625,86.28955078125
5059,LSTM,2013-12-20 12:00:00,2650.6477,2573.315185546875,77.33251953125
5059,LSTM,2013-12-20 12:10:00,2598.8076,2622.66357421875,23.85595703125
5059,LSTM,2013-12-20 12:20:00,2632.6096,2661.659423828125,29.0498046875
5059,LSTM,2013-12-20 12:30:00,2461.2249,2695.6572265625,234.432373046875
5059,LSTM,2013-12-20 12:40:00,2746.582,2685.7900390625,60.7919921875
5059,LSTM,2013-12-20 12:50:00,2632.105,2719.241943359375,87.136962890625
5059,LSTM,2013-12-20 13:00:00,2633.7163,2734.437255859375,100.720947265625
5059,LSTM,2013-12-20 13:10:00,2568.3618,2740.997802734375,172.635986328125
5059,LSTM,2013-12-20 13:20:00,2618.5422,2728.7587890625,110.216552734375
5059,LSTM,2013-12-20 13:30:00,2665.7302,2721.652099609375,55.921875
5059,LSTM,2013-12-20 13:40:00,2900.3716,2725.1044921875,175.26708984375
5059,LSTM,2013-12-20 13:50:00,2662.6619,2776.755126953125,114.09326171875
5059,LSTM,2013-12-20 14:00:00,2651.5894,2783.324462890625,131.735107421875
5059,LSTM,2013-12-20 14:10:00,2596.082,2772.7568359375,176.6748046875
5059,LSTM,2013-12-20 14:20:00,2519.1433,2745.252197265625,226.10888671875
5059,LSTM,2013-12-20 14:30:00,2734.3699,2700.639404296875,33.73046875
5059,LSTM,2013-12-20 14:40:00,2823.199,2701.603759765625,121.59521484375
5059,LSTM,2013-12-20 14:50:00,2617.3066,2731.49609375,114.189453125
5059,LSTM,2013-12-20 15:00:00,2674.8652,2721.5205078125,46.6552734375
5059,LSTM,2013-12-20 15:10:00,2548.0388,2713.1435546875,165.104736328125
5059,LSTM,2013-12-20 15:20:00,2558.9575,2678.30419921875,119.3466796875
5059,LSTM,2013-12-20 15:30:00,2391.4993,2643.652099609375,252.15283203125
5059,LSTM,2013-12-20 15:40:00,2764.468,2579.51220703125,184.955810546875
5059,LSTM,2013-12-20 15:50:00,2595.302,2594.905029296875,0.39697265625
5059,LSTM,2013-12-20 16:00:00,2626.2993,2592.67333984375,33.6259765625
5059,LSTM,2013-12-20 16:10:00,2673.3782,2593.325927734375,80.05224609375
5059,LSTM,2013-12-20 16:20:00,2455.5232,2602.576904296875,147.0537109375
5059,LSTM,2013-12-20 16:30:00,2262.6885,2566.46728515625,303.77880859375
5059,LSTM,2013-12-20 16:40:00,2273.0952,2484.512451171875,211.417236328125
5059,LSTM,2013-12-20 16:50:00,2120.3896,2405.89404296875,285.50439453125
5059,LSTM,2013-12-20 17:00:00,2335.026,2310.05517578125,24.970703125
5059,LSTM,2013-12-20 17:10:00,2156.2869,2272.0966796875,115.809814453125
5059,LSTM,2013-12-20 17:20:00,2015.8969,2220.140380859375,204.2435302734375
5059,LSTM,2013-12-20 17:30:00,2134.4436,2146.72216796875,12.278564453125
5059,LSTM,2013-12-20 17:40:00,1919.2555,2105.40185546875,186.1463623046875
5059,LSTM,2013-12-20 17:50:00,1839.2902,2036.110595703125,196.8204345703125
5059,LSTM,2013-12-20 18:00:00,1951.7672,1956.5604248046875,4.793212890625
5059,LSTM,2013-12-20 18:10:00,1644.7549,1912.0142822265625,267.2593994140625
5059,LSTM,2013-12-20 18:20:00,1486.1345,1823.005615234375,336.87109375
5059,LSTM,2013-12-20 18:30:00,1693.2423,1706.671142578125,13.4288330078125
5059,LSTM,2013-12-20 18:40:00,1344.2493,1646.48681640625,302.237548828125
5059,LSTM,2013-12-20 18:50:00,1241.1987,1543.244873046875,302.046142578125
5059,LSTM,2013-12-20 19:00:00,1227.9812,1427.60791015625,199.626708984375
5059,LSTM,2013-12-20 19:10:00,1140.5072,1327.4141845703125,186.906982421875
5059,LSTM,2013-12-20 19:20:00,1019.1906,1234.1138916015625,214.92327880859375
5059,LSTM,2013-12-20 19:30:00,927.6131,1137.614501953125,210.00140380859375
5059,LSTM,2013-12-20 19:40:00,860.2623,1041.1729736328125,180.91064453125
5059,LSTM,2013-12-20 19:50:00,789.0069,950.5797729492188,161.5728759765625
5059,LSTM,2013-12-20 20:00:00,744.62024,866.0309448242188,121.41070556640625
5059,LSTM,2013-12-20 20:10:00,782.2459,792.0258178710938,9.7799072265625
5059,LSTM,2013-12-20 20:20:00,736.78107,744.6173706054688,7.8363037109375
5059,LSTM,2013-12-20 20:30:00,696.86,708.0586547851562,11.19866943359375
5059,LSTM,2013-12-20 20:40:00,733.6609,676.049560546875,57.611328125
5059,LSTM,2013-12-20 20:50:00,721.83344,660.5108642578125,61.32257080078125
5059,LSTM,2013-12-20 21:00:00,662.1285,653.0195922851562,9.10888671875
5059,LSTM,2013-12-20 21:10:00,703.3142,639.5756225585938,63.73858642578125
5059,LSTM,2013-12-20 21:20:00,637.8367,635.9718627929688,1.86480712890625
5059,LSTM,2013-12-20 21:30:00,693.22076,624.98681640625,68.23394775390625
5059,LSTM,2013-12-20 21:40:00,601.387,625.5807495117188,24.1937255859375
5059,LSTM,2013-12-20 21:50:00,664.32275,613.4497680664062,50.87298583984375
5059,LSTM,2013-12-20 22:00:00,564.0374,612.39892578125,48.36151123046875
5059,LSTM,2013-12-20 22:10:00,487.8661,597.0101928710938,109.14410400390625
5059,LSTM,2013-12-20 22:20:00,539.56445,564.8585815429688,25.29412841796875
5059,LSTM,2013-12-20 22:30:00,738.7419,543.0927124023438,195.649169921875
5059,LSTM,2013-12-20 22:40:00,1177.4384,569.9992065429688,607.4391479492188
5059,LSTM,2013-12-20 22:50:00,832.1246,700.41552734375,131.70904541015625
5059,LSTM,2013-12-20 23:00:00,696.6468,780.6885375976562,84.041748046875
5059,LSTM,2013-12-20 23:10:00,505.41702,800.0591430664062,294.6421203613281
5059,LSTM,2013-12-20 23:20:00,790.2081,753.680908203125,36.5272216796875
5059,LSTM,2013-12-20 23:30:00,458.1687,746.4637451171875,288.2950439453125
5059,LSTM,2013-12-20 23:40:00,404.18,690.9584350585938,286.7784423828125
5059,LSTM,2013-12-20 23:50:00,392.979,616.1378173828125,223.1588134765625
5059,LSTM,2013-12-21 00:00:00,361.36307,544.8931884765625,183.53012084960938
5059,LSTM,2013-12-21 00:10:00,361.5745,482.1611328125,120.58663940429688
5059,LSTM,2013-12-21 00:20:00,322.63083,434.81982421875,112.18899536132812
5059,LSTM,2013-12-21 00:30:00,308.55063,395.3251647949219,86.7745361328125
5059,LSTM,2013-12-21 00:40:00,308.66302,363.9052429199219,55.242218017578125
5059,LSTM,2013-12-21 00:50:00,316.9625,342.04278564453125,25.080291748046875
5059,LSTM,2013-12-21 01:00:00,297.1868,330.4092712402344,33.22247314453125
5059,LSTM,2013-12-21 01:10:00,320.12656,322.07550048828125,1.948944091796875
5059,LSTM,2013-12-21 01:20:00,315.64932,321.7720947265625,6.122772216796875
5059,LSTM,2013-12-21 01:30:00,277.5032,325.0043640136719,47.50115966796875
5059,LSTM,2013-12-21 01:40:00,282.7768,322.52203369140625,39.7452392578125
5059,LSTM,2013-12-21 01:50:00,296.13834,319.53704833984375,23.398712158203125
5059,LSTM,2013-12-21 02:00:00,279.48264,320.278564453125,40.795928955078125
5059,LSTM,2013-12-21 02:10:00,274.27963,320.2939453125,46.014312744140625
5059,LSTM,2013-12-21 02:20:00,257.2602,319.8135070800781,62.553314208984375
5059,LSTM,2013-12-21 02:30:00,250.54742,316.8018493652344,66.25442504882812
5059,LSTM,2013-12-21 02:40:00,319.1933,312.74127197265625,6.4520263671875
5059,LSTM,2013-12-21 02:50:00,255.39021,323.2825012207031,67.89228820800781
5059,LSTM,2013-12-21 03:00:00,269.69437,328.1575012207031,58.463134765625
5059,LSTM,2013-12-21 03:10:00,265.03293,333.17230224609375,68.13937377929688
5059,LSTM,2013-12-21 03:20:00,273.5162,337.84539794921875,64.32919311523438
5059,LSTM,2013-12-21 03:30:00,287.6533,344.5185852050781,56.86529541015625
5059,LSTM,2013-12-21 03:40:00,283.76547,355.18072509765625,71.41525268554688
5059,LSTM,2013-12-21 03:50:00,275.07043,366.7168884277344,91.64645385742188
5059,LSTM,2013-12-21 04:00:00,292.82037,376.4060363769531,83.58566284179688
5059,LSTM,2013-12-21 04:10:00,332.5462,388.2297668457031,55.683563232421875
5059,LSTM,2013-12-21 04:20:00,310.3698,408.1567077636719,97.78689575195312
5059,LSTM,2013-12-21 04:30:00,288.39502,426.0414733886719,137.64645385742188
5059,LSTM,2013-12-21 04:40:00,300.36313,436.72161865234375,136.35848999023438
5059,LSTM,2013-12-21 04:50:00,302.14236,445.2076416015625,143.06527709960938
5059,LSTM,2013-12-21 05:00:00,321.63306,452.56549072265625,130.93243408203125
5059,LSTM,2013-12-21 05:10:00,279.65805,462.71893310546875,183.06088256835938
5059,LSTM,2013-12-21 05:20:00,313.6889,465.46038818359375,151.771484375
5059,LSTM,2013-12-21 05:30:00,313.98743,470.84033203125,156.8529052734375
5059,LSTM,2013-12-21 05:40:00,310.84875,477.5052490234375,166.656494140625
5059,LSTM,2013-12-21 05:50:00,316.01263,483.60968017578125,167.5970458984375
5059,LSTM,2013-12-21 06:00:00,323.74387,489.7908020019531,166.04693603515625
5059,LSTM,2013-12-21 06:10:00,301.79507,496.85919189453125,195.06411743164062
5059,LSTM,2013-12-21 06:20:00,326.47913,499.40478515625,172.9256591796875
5059,LSTM,2013-12-21 06:30:00,342.92157,504.05120849609375,161.129638671875
5059,LSTM,2013-12-21 06:40:00,296.91846,512.51611328125,215.59765625
5059,LSTM,2013-12-21 06:50:00,335.83932,513.074951171875,177.23562622070312
5059,LSTM,2013-12-21 07:00:00,374.44254,516.7639770507812,142.32144165039062
5059,LSTM,2013-12-21 07:10:00,345.98758,529.1533813476562,183.16580200195312
5059,LSTM,2013-12-21 07:20:00,423.27612,538.8451538085938,115.56903076171875
5059,LSTM,2013-12-21 07:30:00,409.3582,560.1209106445312,150.76272583007812
5059,LSTM,2013-12-21 07:40:00,468.2277,581.6223754882812,113.39468383789062
5059,LSTM,2013-12-21 07:50:00,520.4716,610.7839965820312,90.3123779296875
5059,LSTM,2013-12-21 08:00:00,583.5124,649.2317504882812,65.7193603515625
5059,LSTM,2013-12-21 08:10:00,506.6174,698.1437377929688,191.52633666992188
5059,LSTM,2013-12-21 08:20:00,730.40265,729.541259765625,0.86138916015625
5059,LSTM,2013-12-21 08:30:00,708.8068,788.9678955078125,80.16107177734375
5059,LSTM,2013-12-21 08:40:00,748.7587,848.8662109375,100.10748291015625
5059,LSTM,2013-12-21 08:50:00,776.95844,905.6617431640625,128.70330810546875
5059,LSTM,2013-12-21 09:00:00,834.7816,956.0245971679688,121.24298095703125
5059,LSTM,2013-12-21 09:10:00,927.0139,1004.9920043945312,77.97808837890625
5059,LSTM,2013-12-21 09:20:00,1075.7583,1061.8233642578125,13.9349365234375
5059,LSTM,2013-12-21 09:30:00,1118.0957,1140.308349609375,22.212646484375
5059,LSTM,2013-12-21 09:40:00,1275.7828,1222.380615234375,53.4022216796875
5059,LSTM,2013-12-21 09:50:00,1225.114,1320.3857421875,95.271728515625
5059,LSTM,2013-12-21 10:00:00,1428.2643,1396.8231201171875,31.441162109375
5059,LSTM,2013-12-21 10:10:00,1449.5228,1486.99169921875,37.4688720703125
5059,LSTM,2013-12-21 10:20:00,1457.4513,1569.2674560546875,111.816162109375
5059,LSTM,2013-12-21 10:30:00,1642.2817,1632.643798828125,9.637939453125
5059,LSTM,2013-12-21 10:40:00,1650.5839,1710.07177734375,59.4879150390625
5059,LSTM,2013-12-21 10:50:00,1815.624,1778.8223876953125,36.8016357421875
5059,LSTM,2013-12-21 11:00:00,1969.3021,1861.27783203125,108.0242919921875
5059,LSTM,2013-12-21 11:10:00,1965.2987,1961.573486328125,3.7252197265625
5059,LSTM,2013-12-21 11:20:00,2041.4291,2047.18701171875,5.7579345703125
5059,LSTM,2013-12-21 11:30:00,2129.975,2123.580078125,6.39501953125
5059,LSTM,2013-12-21 11:40:00,2113.1958,2196.907958984375,83.712158203125
5059,LSTM,2013-12-21 11:50:00,2121.8818,2249.837646484375,127.955810546875
5059,LSTM,2013-12-21 12:00:00,2164.9207,2285.060791015625,120.14013671875
5059,LSTM,2013-12-21 12:10:00,2325.1907,2313.66748046875,11.523193359375
5059,LSTM,2013-12-21 12:20:00,2355.1353,2364.01025390625,8.875
5059,LSTM,2013-12-21 12:30:00,2386.17,2416.657958984375,30.488037109375
5059,LSTM,2013-12-21 12:40:00,2157.8718,2464.83984375,306.968017578125
5059,LSTM,2013-12-21 12:50:00,2452.4163,2455.982421875,3.566162109375
5059,LSTM,2013-12-21 13:00:00,2294.8982,2485.814697265625,190.91650390625
5059,LSTM,2013-12-21 13:10:00,2495.4827,2489.67822265625,5.804443359375
5059,LSTM,2013-12-21 13:20:00,2569.2935,2523.22509765625,46.068359375
5059,LSTM,2013-12-21 13:30:00,2397.1416,2572.858642578125,175.717041015625
5059,LSTM,2013-12-21 13:40:00,2213.5134,2583.284912109375,369.771484375
5059,LSTM,2013-12-21 13:50:00,2490.4229,2541.5625,51.1396484375
5059,LSTM,2013-12-21 14:00:00,2579.4653,2544.07080078125,35.39453125
5059,LSTM,2013-12-21 14:10:00,2429.455,2575.793212890625,146.338134765625
5059,LSTM,2013-12-21 14:20:00,2475.5437,2580.48779296875,104.944091796875
5059,LSTM,2013-12-21 14:30:00,2627.732,2584.27392578125,43.4580078125
5059,LSTM,2013-12-21 14:40:00,2615.487,2615.4345703125,0.052490234375
5059,LSTM,2013-12-21 14:50:00,2511.2036,2644.9931640625,133.78955078125
5059,LSTM,2013-12-21 15:00:00,2755.5808,2646.47314453125,109.107666015625
5059,LSTM,2013-12-21 15:10:00,2681.3354,2686.563720703125,5.228271484375
5059,LSTM,2013-12-21 15:20:00,2624.8208,2713.08837890625,88.267578125
5059,LSTM,2013-12-21 15:30:00,2838.9736,2718.283447265625,120.690185546875
5059,LSTM,2013-12-21 15:40:00,2782.5344,2757.266357421875,25.26806640625
5059,LSTM,2013-12-21 15:50:00,2546.956,2784.679443359375,237.723388671875
5059,LSTM,2013-12-21 16:00:00,2749.6194,2754.95654296875,5.337158203125
5059,LSTM,2013-12-21 16:10:00,2715.9993,2753.76513671875,37.765869140625
5059,LSTM,2013-12-21 16:20:00,2544.2124,2750.9560546875,206.74365234375
5059,LSTM,2013-12-21 16:30:00,2755.3923,2712.570068359375,42.822265625
5059,LSTM,2013-12-21 16:40:00,2733.1387,2713.174072265625,19.964599609375
5059,LSTM,2013-12-21 16:50:00,2625.955,2717.556396484375,91.601318359375
5059,LSTM,2013-12-21 17:00:00,2288.752,2699.834228515625,411.082275390625
5059,LSTM,2013-12-21 17:10:00,2231.9077,2609.216552734375,377.308837890625
5059,LSTM,2013-12-21 17:20:00,2133.056,2502.341552734375,369.28564453125
5059,LSTM,2013-12-21 17:30:00,2152.113,2388.2626953125,236.149658203125
5059,LSTM,2013-12-21 17:40:00,1993.871,2297.034912109375,303.1639404296875
5059,LSTM,2013-12-21 17:50:00,1951.852,2196.717041015625,244.864990234375
5059,LSTM,2013-12-21 18:00:00,1813.9456,2104.7412109375,290.795654296875
5059,LSTM,2013-12-21 18:10:00,1655.6823,2003.9613037109375,348.279052734375
5059,LSTM,2013-12-21 18:20:00,1597.5038,1887.3883056640625,289.884521484375
5059,LSTM,2013-12-21 18:30:00,1325.4285,1776.280029296875,450.8515625
5059,LSTM,2013-12-21 18:40:00,1457.4198,1631.9454345703125,174.525634765625
5059,LSTM,2013-12-21 18:50:00,1450.1372,1532.588623046875,82.451416015625
5059,LSTM,2013-12-21 19:00:00,1219.9037,1464.458984375,244.5552978515625
5059,LSTM,2013-12-21 19:10:00,1292.1918,1373.7142333984375,81.5224609375
5059,LSTM,2013-12-21 19:20:00,1162.7396,1309.1314697265625,146.391845703125
5059,LSTM,2013-12-21 19:30:00,1148.6572,1239.1695556640625,90.5123291015625
5059,LSTM,2013-12-21 19:40:00,1033.7631,1179.1976318359375,145.4345703125
5059,LSTM,2013-12-21 19:50:00,946.29254,1111.42626953125,165.13372802734375
5059,LSTM,2013-12-21 20:00:00,943.5213,1037.352294921875,93.83099365234375
5059,LSTM,2013-12-21 20:10:00,952.71265,975.48388671875,22.771240234375
5059,LSTM,2013-12-21 20:20:00,890.1043,932.3489379882812,42.24462890625
5059,LSTM,2013-12-21 20:30:00,913.2415,892.6460571289062,20.595458984375
5059,LSTM,2013-12-21 20:40:00,859.0975,867.7103881835938,8.6129150390625
5059,LSTM,2013-12-21 20:50:00,780.55316,843.0489501953125,62.49578857421875
5059,LSTM,2013-12-21 21:00:00,788.2426,808.7272338867188,20.484619140625
5059,LSTM,2013-12-21 21:10:00,706.01117,780.0074462890625,73.99627685546875
5059,LSTM,2013-12-21 21:20:00,683.72034,743.3164672851562,59.59613037109375
5059,LSTM,2013-12-21 21:30:00,653.22577,707.3063354492188,54.08056640625
5059,LSTM,2013-12-21 21:40:00,590.1952,673.242431640625,83.0472412109375
5059,LSTM,2013-12-21 21:50:00,508.78333,634.8524780273438,126.06915283203125
5059,LSTM,2013-12-21 22:00:00,559.7363,586.8759765625,27.1396484375
5059,LSTM,2013-12-21 22:10:00,489.1154,555.1904907226562,66.07510375976562
5059,LSTM,2013-12-21 22:20:00,517.43915,522.736328125,5.29718017578125
5059,LSTM,2013-12-21 22:30:00,570.5882,502.7330322265625,67.85516357421875
5059,LSTM,2013-12-21 22:40:00,525.5759,502.9521789550781,22.623748779296875
5059,LSTM,2013-12-21 22:50:00,463.4319,503.508056640625,40.076171875
5059,LSTM,2013-12-21 23:00:00,485.2741,492.8791809082031,7.605072021484375
5059,LSTM,2013-12-21 23:10:00,469.79868,484.8465576171875,15.047882080078125
5059,LSTM,2013-12-21 23:20:00,406.76755,477.18927001953125,70.42172241210938
5059,LSTM,2013-12-21 23:30:00,498.52814,459.563232421875,38.96490478515625
5059,LSTM,2013-12-21 23:40:00,419.48297,459.9501037597656,40.467132568359375
5059,LSTM,2013-12-21 23:50:00,313.36542,453.16314697265625,139.7977294921875
5059,LSTM,2013-12-22 00:00:00,311.2208,424.4283142089844,113.20751953125
5059,LSTM,2013-12-22 00:10:00,285.27692,391.5994567871094,106.32254028320312
5059,LSTM,2013-12-22 00:20:00,287.1131,358.3555908203125,71.24249267578125
5059,LSTM,2013-12-22 00:30:00,288.16458,331.8072814941406,43.6427001953125
5059,LSTM,2013-12-22 00:40:00,265.65384,313.7275695800781,48.07373046875
5059,LSTM,2013-12-22 00:50:00,327.46786,298.7830505371094,28.684814453125
5059,LSTM,2013-12-22 01:00:00,274.27466,300.57861328125,26.303955078125
5059,LSTM,2013-12-22 01:10:00,263.7229,299.99615478515625,36.27325439453125
5059,LSTM,2013-12-22 01:20:00,257.9314,296.93377685546875,39.00238037109375
5059,LSTM,2013-12-22 01:30:00,210.99529,292.8090515136719,81.81376647949219
5059,LSTM,2013-12-22 01:40:00,235.3852,280.4718933105469,45.086700439453125
5059,LSTM,2013-12-22 01:50:00,244.28406,271.8312072753906,27.547149658203125
5059,LSTM,2013-12-22 02:00:00,207.78162,269.07000732421875,61.28839111328125
5059,LSTM,2013-12-22 02:10:00,191.04721,263.4009094238281,72.35369873046875
5059,LSTM,2013-12-22 02:20:00,239.0879,254.85305786132812,15.765151977539062
5059,LSTM,2013-12-22 02:30:00,235.65778,256.6502380371094,20.992462158203125
5059,LSTM,2013-12-22 02:40:00,192.75902,263.87811279296875,71.11909484863281
5059,LSTM,2013-12-22 02:50:00,211.66522,265.47723388671875,53.81201171875
5059,LSTM,2013-12-22 03:00:00,198.14497,268.79296875,70.64799499511719
5059,LSTM,2013-12-22 03:10:00,188.68126,271.2964172363281,82.61515808105469
5059,LSTM,2013-12-22 03:20:00,197.03189,272.526123046875,75.49423217773438
5059,LSTM,2013-12-22 03:30:00,207.60875,275.903564453125,68.29481506347656
5059,LSTM,2013-12-22 03:40:00,194.52626,283.3210754394531,88.79481506347656
5059,LSTM,2013-12-22 03:50:00,199.42442,290.54351806640625,91.11909484863281
5059,LSTM,2013-12-22 04:00:00,191.96487,298.7182922363281,106.75341796875
5059,LSTM,2013-12-22 04:10:00,184.78975,305.9963684082031,121.20661926269531
5059,LSTM,2013-12-22 04:20:00,202.44556,311.5002746582031,109.05471801757812
5059,LSTM,2013-12-22 04:30:00,188.9675,319.7129821777344,130.7454833984375
5059,LSTM,2013-12-22 04:40:00,196.66335,326.67132568359375,130.0079803466797
5059,LSTM,2013-12-22 04:50:00,218.43881,334.2405090332031,115.80169677734375
5059,LSTM,2013-12-22 05:00:00,204.28622,346.013916015625,141.72769165039062
5059,LSTM,2013-12-22 05:10:00,204.22127,356.3818359375,152.1605682373047
5059,LSTM,2013-12-22 05:20:00,212.75475,364.9820861816406,152.2273406982422
5059,LSTM,2013-12-22 05:30:00,201.71213,373.5728454589844,171.8607177734375
5059,LSTM,2013-12-22 05:40:00,182.26083,379.35284423828125,197.09201049804688
5059,LSTM,2013-12-22 05:50:00,215.85309,379.502685546875,163.64959716796875
5059,LSTM,2013-12-22 06:00:00,209.48022,383.3370056152344,173.85678100585938
5059,LSTM,2013-12-22 06:10:00,202.72679,387.8799133300781,185.1531219482422
5059,LSTM,2013-12-22 06:20:00,241.69568,391.01116943359375,149.31549072265625
5059,LSTM,2013-12-22 06:30:00,212.7093,400.43035888671875,187.72105407714844
5059,LSTM,2013-12-22 06:40:00,195.13115,406.623046875,211.4918975830078
5059,LSTM,2013-12-22 06:50:00,250.33661,406.76739501953125,156.4307861328125
5059,LSTM,2013-12-22 07:00:00,234.88385,414.1784973144531,179.29464721679688
5059,LSTM,2013-12-22 07:10:00,237.84229,421.7983093261719,183.95602416992188
5059,LSTM,2013-12-22 07:20:00,284.89966,428.797119140625,143.8974609375
5059,LSTM,2013-12-22 07:30:00,271.18427,443.2862854003906,172.10202026367188
5059,LSTM,2013-12-22 07:40:00,261.90845,457.1025085449219,195.19406127929688
5059,LSTM,2013-12-22 07:50:00,294.08463,466.471435546875,172.38681030273438
5059,LSTM,2013-12-22 08:00:00,349.03415,478.02313232421875,128.98898315429688
5059,LSTM,2013-12-22 08:10:00,349.0551,499.42205810546875,150.366943359375
5059,LSTM,2013-12-22 08:20:00,378.0785,522.714111328125,144.6356201171875
5059,LSTM,2013-12-22 08:30:00,424.97803,548.505859375,123.52783203125
5059,LSTM,2013-12-22 08:40:00,469.05362,580.2587280273438,111.20510864257812
5059,LSTM,2013-12-22 08:50:00,553.50824,618.2890014648438,64.78076171875
5059,LSTM,2013-12-22 09:00:00,689.464,669.2449340820312,20.21905517578125
5059,LSTM,2013-12-22 09:10:00,631.2228,744.2293090820312,113.00653076171875
5059,LSTM,2013-12-22 09:20:00,707.78723,807.7501220703125,99.962890625
5059,LSTM,2013-12-22 09:30:00,766.17035,868.2728881835938,102.1025390625
5059,LSTM,2013-12-22 09:40:00,803.88727,927.7396240234375,123.85235595703125
5059,LSTM,2013-12-22 09:50:00,971.2718,983.0382690429688,11.7664794921875
5059,LSTM,2013-12-22 10:00:00,1046.3397,1057.8514404296875,11.51171875
5059,LSTM,2013-12-22 10:10:00,1230.1508,1142.6739501953125,87.476806640625
5059,LSTM,2013-12-22 10:20:00,1127.9285,1251.1322021484375,123.2037353515625
5059,LSTM,2013-12-22 10:30:00,1449.8251,1330.1435546875,119.6815185546875
5059,LSTM,2013-12-22 10:40:00,1383.4529,1441.015625,57.562744140625
5059,LSTM,2013-12-22 10:50:00,1643.2719,1531.75048828125,111.5213623046875
5059,LSTM,2013-12-22 11:00:00,1733.9,1644.575439453125,89.3245849609375
5059,LSTM,2013-12-22 11:10:00,1675.901,1761.2847900390625,85.3837890625
5059,LSTM,2013-12-22 11:20:00,1833.2424,1844.1844482421875,10.9420166015625
5059,LSTM,2013-12-22 11:30:00,1764.016,1925.39453125,161.3785400390625
5059,LSTM,2013-12-22 11:40:00,2001.0841,1974.9525146484375,26.131591796875
5059,LSTM,2013-12-22 11:50:00,1983.384,2046.3316650390625,62.9476318359375
5059,LSTM,2013-12-22 12:00:00,2070.5903,2107.16845703125,36.578125
5059,LSTM,2013-12-22 12:10:00,2207.3523,2167.56982421875,39.782470703125
5059,LSTM,2013-12-22 12:20:00,2090.542,2240.7880859375,150.24609375
5059,LSTM,2013-12-22 12:30:00,1998.6561,2280.222412109375,281.5662841796875
5059,LSTM,2013-12-22 12:40:00,2118.2163,2280.34716796875,162.130859375
5059,LSTM,2013-12-22 12:50:00,2046.2311,2287.591552734375,241.3604736328125
5059,LSTM,2013-12-22 13:00:00,2005.1089,2280.14013671875,275.03125
5059,LSTM,2013-12-22 13:10:00,2134.599,2259.810546875,125.21142578125
5059,LSTM,2013-12-22 13:20:00,2146.1335,2262.975830078125,116.84228515625
5059,LSTM,2013-12-22 13:30:00,2083.6038,2274.8798828125,191.276123046875
5059,LSTM,2013-12-22 13:40:00,2265.5215,2274.529052734375,9.007568359375
5059,LSTM,2013-12-22 13:50:00,2261.104,2304.97021484375,43.8662109375
5059,LSTM,2013-12-22 14:00:00,2310.0315,2337.849365234375,27.81787109375
5059,LSTM,2013-12-22 14:10:00,2401.2407,2374.162353515625,27.078369140625
5059,LSTM,2013-12-22 14:20:00,2304.6191,2421.34228515625,116.72314453125
5059,LSTM,2013-12-22 14:30:00,2281.7644,2442.4287109375,160.664306640625
5059,LSTM,2013-12-22 14:40:00,2348.873,2445.117919921875,96.244873046875
5059,LSTM,2013-12-22 14:50:00,2395.8262,2452.825439453125,56.999267578125
5059,LSTM,2013-12-22 15:00:00,2172.3372,2468.44189453125,296.104736328125
5059,LSTM,2013-12-22 15:10:00,2329.1118,2437.779296875,108.66748046875
5059,LSTM,2013-12-22 15:20:00,2651.8508,2428.6376953125,223.213134765625
5059,LSTM,2013-12-22 15:30:00,2556.0718,2490.698486328125,65.373291015625
5059,LSTM,2013-12-22 15:40:00,2471.201,2542.8076171875,71.606689453125
5059,LSTM,2013-12-22 15:50:00,2486.2014,2564.529296875,78.327880859375
5059,LSTM,2013-12-22 16:00:00,2402.3157,2573.72900390625,171.413330078125
5059,LSTM,2013-12-22 16:10:00,2440.9219,2558.051025390625,117.129150390625
5059,LSTM,2013-12-22 16:20:00,2260.968,2543.909423828125,282.94140625
5059,LSTM,2013-12-22 16:30:00,2325.243,2494.588623046875,169.345703125
5059,LSTM,2013-12-22 16:40:00,2008.1635,2456.05908203125,447.8956298828125
5059,LSTM,2013-12-22 16:50:00,2312.8545,2361.672607421875,48.818115234375
5059,LSTM,2013-12-22 17:00:00,1884.4528,2329.994384765625,445.5416259765625
5059,LSTM,2013-12-22 17:10:00,2071.2512,2233.524658203125,162.2734375
5059,LSTM,2013-12-22 17:20:00,1986.6573,2174.772705078125,188.1153564453125
5059,LSTM,2013-12-22 17:30:00,1833.105,2119.0634765625,285.95849609375
5059,LSTM,2013-12-22 17:40:00,1691.1322,2043.5577392578125,352.425537109375
5059,LSTM,2013-12-22 17:50:00,1681.0178,1946.686767578125,265.6689453125
5059,LSTM,2013-12-22 18:00:00,1457.5157,1858.5865478515625,401.07080078125
5059,LSTM,2013-12-22 18:10:00,1255.7267,1743.3040771484375,487.577392578125
5059,LSTM,2013-12-22 18:20:00,1255.9373,1600.0625,344.125244140625
5059,LSTM,2013-12-22 18:30:00,1104.2017,1474.5013427734375,370.2996826171875
5059,LSTM,2013-12-22 18:40:00,929.8861,1347.1199951171875,417.23388671875
5059,LSTM,2013-12-22 18:50:00,896.4366,1208.4818115234375,312.04522705078125
5059,LSTM,2013-12-22 19:00:00,807.0841,1085.8426513671875,278.758544921875
5059,LSTM,2013-12-22 19:10:00,1002.8872,974.0645141601562,28.82269287109375
5059,LSTM,2013-12-22 19:20:00,794.06885,927.4791870117188,133.41033935546875
5059,LSTM,2013-12-22 19:30:00,773.29156,871.61572265625,98.32415771484375
5059,LSTM,2013-12-22 19:40:00,666.1855,820.4214477539062,154.2359619140625
5059,LSTM,2013-12-22 19:50:00,663.61017,759.6908569335938,96.0806884765625
5059,LSTM,2013-12-22 20:00:00,622.58167,707.1970825195312,84.61541748046875
5059,LSTM,2013-12-22 20:10:00,596.7989,660.211181640625,63.41229248046875
5059,LSTM,2013-12-22 20:20:00,650.94525,620.0151977539062,30.9300537109375
5059,LSTM,2013-12-22 20:30:00,500.13675,601.7364501953125,101.59970092773438
5059,LSTM,2013-12-22 20:40:00,519.0877,566.462646484375,47.37493896484375
5059,LSTM,2013-12-22 20:50:00,522.98975,536.0440063476562,13.05426025390625
5059,LSTM,2013-12-22 21:00:00,535.3907,514.7966918945312,20.593994140625
5059,LSTM,2013-12-22 21:10:00,484.15634,504.66571044921875,20.509368896484375
5059,LSTM,2013-12-22 21:20:00,455.881,491.82568359375,35.944671630859375
5059,LSTM,2013-12-22 21:30:00,444.85413,475.6946105957031,30.840484619140625
5059,LSTM,2013-12-22 21:40:00,423.22687,459.9198303222656,36.692962646484375
5059,LSTM,2013-12-22 21:50:00,406.41708,443.822998046875,37.405914306640625
5059,LSTM,2013-12-22 22:00:00,471.26865,428.1155090332031,43.15313720703125
5059,LSTM,2013-12-22 22:10:00,413.9503,429.1249084472656,15.17462158203125
5059,LSTM,2013-12-22 22:20:00,342.5726,426.6484069824219,84.0758056640625
5059,LSTM,2013-12-22 22:30:00,381.97705,409.90234375,27.92529296875
5059,LSTM,2013-12-22 22:40:00,298.52628,398.5111083984375,99.98483276367188
5059,LSTM,2013-12-22 22:50:00,353.7261,375.80029296875,22.074188232421875
5059,LSTM,2013-12-22 23:00:00,346.68527,363.7258605957031,17.04058837890625
5059,LSTM,2013-12-22 23:10:00,342.67206,357.8611145019531,15.189056396484375
5059,LSTM,2013-12-22 23:20:00,316.53268,355.73809814453125,39.205413818359375
5059,LSTM,2013-12-22 23:30:00,324.01608,351.2181091308594,27.2020263671875
5059,LSTM,2013-12-22 23:40:00,267.51175,348.542236328125,81.03048706054688
5059,LSTM,2013-12-22 23:50:00,322.2856,336.80047607421875,14.514862060546875
5059,TCN,2013-12-16 00:00:00,285.94077,414.0541687011719,128.1134033203125
5059,TCN,2013-12-16 00:10:00,386.73553,387.6655578613281,0.930023193359375
5059,TCN,2013-12-16 00:20:00,393.29654,362.7380676269531,30.5584716796875
5059,TCN,2013-12-16 00:30:00,306.3335,344.251220703125,37.917724609375
5059,TCN,2013-12-16 00:40:00,378.2484,329.33087158203125,48.91754150390625
5059,TCN,2013-12-16 00:50:00,379.74503,318.78411865234375,60.960906982421875
5059,TCN,2013-12-16 01:00:00,313.56323,309.8722229003906,3.691009521484375
5059,TCN,2013-12-16 01:10:00,363.47128,304.6966552734375,58.774627685546875
5059,TCN,2013-12-16 01:20:00,355.76028,297.6838073730469,58.07647705078125
5059,TCN,2013-12-16 01:30:00,261.89465,293.0889587402344,31.194305419921875
5059,TCN,2013-12-16 01:40:00,322.91937,287.0759582519531,35.843414306640625
5059,TCN,2013-12-16 01:50:00,333.58017,285.2425231933594,48.337646484375
5059,TCN,2013-12-16 02:00:00,266.3287,281.8487854003906,15.52008056640625
5059,TCN,2013-12-16 02:10:00,306.63855,280.38848876953125,26.25006103515625
5059,TCN,2013-12-16 02:20:00,328.371,280.0195007324219,48.35150146484375
5059,TCN,2013-12-16 02:30:00,275.8581,286.1654357910156,10.307342529296875
5059,TCN,2013-12-16 02:40:00,306.56317,283.7005310058594,22.862640380859375
5059,TCN,2013-12-16 02:50:00,331.5537,282.6723327636719,48.881378173828125
5059,TCN,2013-12-16 03:00:00,273.42023,283.0782470703125,9.65802001953125
5059,TCN,2013-12-16 03:10:00,283.75247,282.1792907714844,1.57318115234375
5059,TCN,2013-12-16 03:20:00,342.6617,284.6896667480469,57.9720458984375
5059,TCN,2013-12-16 03:30:00,282.18365,284.572509765625,2.38885498046875
5059,TCN,2013-12-16 03:40:00,295.69342,287.352783203125,8.34063720703125
5059,TCN,2013-12-16 03:50:00,306.71826,286.61773681640625,20.10052490234375
5059,TCN,2013-12-16 04:00:00,245.5802,288.2738952636719,42.693695068359375
5059,TCN,2013-12-16 04:10:00,309.10986,288.8995666503906,20.210296630859375
5059,TCN,2013-12-16 04:20:00,342.4906,289.8637390136719,52.626861572265625
5059,TCN,2013-12-16 04:30:00,240.64575,292.1122741699219,51.466522216796875
5059,TCN,2013-12-16 04:40:00,299.0204,292.6569519042969,6.363433837890625
5059,TCN,2013-12-16 04:50:00,351.99677,294.3629455566406,57.633819580078125
5059,TCN,2013-12-16 05:00:00,318.0458,294.7747497558594,23.27105712890625
5059,TCN,2013-12-16 05:10:00,378.69785,296.8102722167969,81.8875732421875
5059,TCN,2013-12-16 05:20:00,356.13885,298.0350646972656,58.103790283203125
5059,TCN,2013-12-16 05:30:00,384.46634,302.6012268066406,81.8651123046875
5059,TCN,2013-12-16 05:40:00,370.89133,318.2913513183594,52.5999755859375
5059,TCN,2013-12-16 05:50:00,362.3277,339.0543212890625,23.27337646484375
5059,TCN,2013-12-16 06:00:00,336.9213,361.1729736328125,24.251678466796875
5059,TCN,2013-12-16 06:10:00,390.61447,375.49468994140625,15.119781494140625
5059,TCN,2013-12-16 06:20:00,425.83823,390.9573059082031,34.88092041015625
5059,TCN,2013-12-16 06:30:00,418.44138,399.8695373535156,18.57183837890625
5059,TCN,2013-12-16 06:40:00,511.0615,413.0920715332031,97.96942138671875
5059,TCN,2013-12-16 06:50:00,629.23,425.1331787109375,204.0968017578125
5059,TCN,2013-12-16 07:00:00,653.4199,446.9114990234375,206.5084228515625
5059,TCN,2013-12-16 07:10:00,761.4895,473.866455078125,287.623046875
5059,TCN,2013-12-16 07:20:00,882.3408,499.8338317871094,382.5069885253906
5059,TCN,2013-12-16 07:30:00,1032.548,556.8869018554688,475.66107177734375
5059,TCN,2013-12-16 07:40:00,1124.1259,756.4252319335938,367.70062255859375
5059,TCN,2013-12-16 07:50:00,1236.5492,1008.4932861328125,228.055908203125
5059,TCN,2013-12-16 08:00:00,1481.2483,1222.2449951171875,259.0032958984375
5059,TCN,2013-12-16 08:10:00,1428.5942,1367.08740234375,61.5068359375
5059,TCN,2013-12-16 08:20:00,1552.4648,1435.138916015625,117.325927734375
5059,TCN,2013-12-16 08:30:00,1488.8282,1508.3958740234375,19.567626953125
5059,TCN,2013-12-16 08:40:00,1661.2596,1516.269775390625,144.9898681640625
5059,TCN,2013-12-16 08:50:00,1617.4148,1622.287109375,4.872314453125
5059,TCN,2013-12-16 09:00:00,1664.484,1642.3614501953125,22.12255859375
5059,TCN,2013-12-16 09:10:00,1834.0756,1740.2056884765625,93.869873046875
5059,TCN,2013-12-16 09:20:00,1817.0442,1802.8935546875,14.150634765625
5059,TCN,2013-12-16 09:30:00,1880.4312,1847.399169921875,33.031982421875
5059,TCN,2013-12-16 09:40:00,1992.1698,1879.35009765625,112.8197021484375
5059,TCN,2013-12-16 09:50:00,2007.4948,1923.694091796875,83.8006591796875
5059,TCN,2013-12-16 10:00:00,1981.7075,1954.67138671875,27.0361328125
5059,TCN,2013-12-16 10:10:00,2184.5686,1987.2760009765625,197.2926025390625
5059,TCN,2013-12-16 10:20:00,1968.1714,2073.10546875,104.93408203125
5059,TCN,2013-12-16 10:30:00,2176.2668,2078.970703125,97.296142578125
5059,TCN,2013-12-16 10:40:00,2058.1226,2182.62451171875,124.501953125
5059,TCN,2013-12-16 10:50:00,2211.933,2166.0810546875,45.85205078125
5059,TCN,2013-12-16 11:00:00,2043.0377,2277.836669921875,234.7989501953125
5059,TCN,2013-12-16 11:10:00,2347.7483,2206.666015625,141.082275390625
5059,TCN,2013-12-16 11:20:00,2503.83,2366.2666015625,137.5634765625
5059,TCN,2013-12-16 11:30:00,2471.3293,2408.575927734375,62.75341796875
5059,TCN,2013-12-16 11:40:00,2487.8162,2497.19482421875,9.378662109375
5059,TCN,2013-12-16 11:50:00,2553.4895,2522.07861328125,31.410888671875
5059,TCN,2013-12-16 12:00:00,2654.5225,2589.0927734375,65.4296875
5059,TCN,2013-12-16 12:10:00,2750.8955,2622.098388671875,128.797119140625
5059,TCN,2013-12-16 12:20:00,2822.154,2666.63916015625,155.514892578125
5059,TCN,2013-12-16 12:30:00,2701.6877,2692.0888671875,9.598876953125
5059,TCN,2013-12-16 12:40:00,2846.589,2713.425048828125,133.1640625
5059,TCN,2013-12-16 12:50:00,2761.5703,2743.66357421875,17.90673828125
5059,TCN,2013-12-16 13:00:00,2679.1482,2753.616943359375,74.46875
5059,TCN,2013-12-16 13:10:00,2846.7756,2736.017822265625,110.7578125
5059,TCN,2013-12-16 13:20:00,2534.2056,2734.695556640625,200.489990234375
5059,TCN,2013-12-16 13:30:00,2814.8188,2683.869140625,130.94970703125
5059,TCN,2013-12-16 13:40:00,2797.125,2697.251220703125,99.873779296875
5059,TCN,2013-12-16 13:50:00,2632.9592,2676.74853515625,43.789306640625
5059,TCN,2013-12-16 14:00:00,2719.9246,2660.0546875,59.869873046875
5059,TCN,2013-12-16 14:10:00,2737.278,2640.339111328125,96.93896484375
5059,TCN,2013-12-16 14:20:00,2688.813,2631.23046875,57.58251953125
5059,TCN,2013-12-16 14:30:00,2614.5593,2598.234375,16.324951171875
5059,TCN,2013-12-16 14:40:00,2702.127,2569.225830078125,132.901123046875
5059,TCN,2013-12-16 14:50:00,2748.7913,2553.08984375,195.701416015625
5059,TCN,2013-12-16 15:00:00,2634.2102,2556.763916015625,77.4462890625
5059,TCN,2013-12-16 15:10:00,2628.354,2522.535888671875,105.818115234375
5059,TCN,2013-12-16 15:20:00,2626.0117,2510.494384765625,115.517333984375
5059,TCN,2013-12-16 15:30:00,2563.6245,2496.629150390625,66.995361328125
5059,TCN,2013-12-16 15:40:00,2649.9111,2468.17822265625,181.73291015625
5059,TCN,2013-12-16 15:50:00,2494.1238,2454.63232421875,39.491455078125
5059,TCN,2013-12-16 16:00:00,2457.8,2401.78857421875,56.011474609375
5059,TCN,2013-12-16 16:10:00,2545.8594,2391.072509765625,154.786865234375
5059,TCN,2013-12-16 16:20:00,2543.695,2365.34033203125,178.354736328125
5059,TCN,2013-12-16 16:30:00,2322.1726,2363.304443359375,41.1318359375
5059,TCN,2013-12-16 16:40:00,2663.597,2297.09619140625,366.500732421875
5059,TCN,2013-12-16 16:50:00,2480.9702,2307.9248046875,173.04541015625
5059,TCN,2013-12-16 17:00:00,2258.544,2271.565185546875,13.021240234375
5059,TCN,2013-12-16 17:10:00,2365.5015,2216.685791015625,148.815673828125
5059,TCN,2013-12-16 17:20:00,2013.1088,2170.79541015625,157.6866455078125
5059,TCN,2013-12-16 17:30:00,2151.991,2069.6982421875,82.292724609375
5059,TCN,2013-12-16 17:40:00,2143.1855,2015.5072021484375,127.6783447265625
5059,TCN,2013-12-16 17:50:00,2088.3982,1926.3797607421875,162.0184326171875
5059,TCN,2013-12-16 18:00:00,1917.8798,1865.672607421875,52.2071533203125
5059,TCN,2013-12-16 18:10:00,1961.1852,1755.6683349609375,205.516845703125
5059,TCN,2013-12-16 18:20:00,1886.3073,1715.3056640625,171.0015869140625
5059,TCN,2013-12-16 18:30:00,1575.9323,1602.9490966796875,27.016845703125
5059,TCN,2013-12-16 18:40:00,1596.1409,1465.4410400390625,130.6998291015625
5059,TCN,2013-12-16 18:50:00,1528.1525,1381.6929931640625,146.45947265625
5059,TCN,2013-12-16 19:00:00,1413.2109,1303.7779541015625,109.4329833984375
5059,TCN,2013-12-16 19:10:00,1425.4017,1221.5223388671875,203.87939453125
5059,TCN,2013-12-16 19:20:00,1304.2976,1182.4249267578125,121.8726806640625
5059,TCN,2013-12-16 19:30:00,1109.7107,1093.1324462890625,16.5782470703125
5059,TCN,2013-12-16 19:40:00,1243.8564,1071.737060546875,172.119384765625
5059,TCN,2013-12-16 19:50:00,1135.4084,1071.5770263671875,63.8314208984375
5059,TCN,2013-12-16 20:00:00,1075.4208,1039.3251953125,36.0955810546875
5059,TCN,2013-12-16 20:10:00,1103.3552,1025.937744140625,77.41748046875
5059,TCN,2013-12-16 20:20:00,1062.0172,1020.9671020507812,41.05010986328125
5059,TCN,2013-12-16 20:30:00,1051.4791,1007.075439453125,44.4036865234375
5059,TCN,2013-12-16 20:40:00,827.939,992.9266357421875,164.98760986328125
5059,TCN,2013-12-16 20:50:00,939.1461,935.1001586914062,4.04595947265625
5059,TCN,2013-12-16 21:00:00,864.99567,928.7496337890625,63.75396728515625
5059,TCN,2013-12-16 21:10:00,945.5177,859.6359252929688,85.88177490234375
5059,TCN,2013-12-16 21:20:00,929.39575,795.9231567382812,133.47259521484375
5059,TCN,2013-12-16 21:30:00,795.038,740.215576171875,54.82244873046875
5059,TCN,2013-12-16 21:40:00,731.85895,701.25341796875,30.60552978515625
5059,TCN,2013-12-16 21:50:00,685.2888,659.3112182617188,25.97760009765625
5059,TCN,2013-12-16 22:00:00,619.82666,615.353759765625,4.472900390625
5059,TCN,2013-12-16 22:10:00,686.6954,581.4764404296875,105.21893310546875
5059,TCN,2013-12-16 22:20:00,627.1446,568.7484130859375,58.39617919921875
5059,TCN,2013-12-16 22:30:00,526.67584,539.7430419921875,13.06719970703125
5059,TCN,2013-12-16 22:40:00,549.4768,520.8699951171875,28.6068115234375
5059,TCN,2013-12-16 22:50:00,507.38956,477.800537109375,29.589019775390625
5059,TCN,2013-12-16 23:00:00,502.82867,471.5019226074219,31.326751708984375
5059,TCN,2013-12-16 23:10:00,557.64825,448.25946044921875,109.3887939453125
5059,TCN,2013-12-16 23:20:00,453.33533,438.5515441894531,14.783782958984375
5059,TCN,2013-12-16 23:30:00,434.28394,407.60406494140625,26.67987060546875
5059,TCN,2013-12-16 23:40:00,643.6172,405.201171875,238.416015625
5059,TCN,2013-12-16 23:50:00,377.2396,386.4737854003906,9.23419189453125
5059,TCN,2013-12-17 00:00:00,420.13507,362.3692932128906,57.765777587890625
5059,TCN,2013-12-17 00:10:00,382.49466,349.78094482421875,32.713714599609375
5059,TCN,2013-12-17 00:20:00,372.3956,335.6527099609375,36.742889404296875
5059,TCN,2013-12-17 00:30:00,354.82898,325.1656799316406,29.663299560546875
5059,TCN,2013-12-17 00:40:00,326.95477,316.07244873046875,10.88232421875
5059,TCN,2013-12-17 00:50:00,285.24146,301.07586669921875,15.83441162109375
5059,TCN,2013-12-17 01:00:00,307.27518,293.6824645996094,13.59271240234375
5059,TCN,2013-12-17 01:10:00,322.3455,291.37841796875,30.967071533203125
5059,TCN,2013-12-17 01:20:00,270.39795,281.6687927246094,11.270843505859375
5059,TCN,2013-12-17 01:30:00,287.36633,281.754638671875,5.6116943359375
5059,TCN,2013-12-17 01:40:00,300.23834,279.2427062988281,20.995635986328125
5059,TCN,2013-12-17 01:50:00,249.70934,279.53167724609375,29.822341918945312
5059,TCN,2013-12-17 02:00:00,278.10532,275.90863037109375,2.196685791015625
5059,TCN,2013-12-17 02:10:00,289.59515,276.42474365234375,13.17041015625
5059,TCN,2013-12-17 02:20:00,263.2437,275.4775390625,12.23382568359375
5059,TCN,2013-12-17 02:30:00,275.8497,277.70758056640625,1.857879638671875
5059,TCN,2013-12-17 02:40:00,302.6184,278.6957092285156,23.922698974609375
5059,TCN,2013-12-17 02:50:00,267.39505,279.0285339355469,11.63348388671875
5059,TCN,2013-12-17 03:00:00,294.62833,279.0234375,15.604888916015625
5059,TCN,2013-12-17 03:10:00,295.62772,281.9881286621094,13.63958740234375
5059,TCN,2013-12-17 03:20:00,270.77686,278.40533447265625,7.62847900390625
5059,TCN,2013-12-17 03:30:00,253.19948,281.6701965332031,28.470718383789062
5059,TCN,2013-12-17 03:40:00,297.35254,280.84124755859375,16.51129150390625
5059,TCN,2013-12-17 03:50:00,271.64038,281.4347839355469,9.794403076171875
5059,TCN,2013-12-17 04:00:00,261.4262,281.9157409667969,20.489532470703125
5059,TCN,2013-12-17 04:10:00,315.23523,281.9921875,33.2430419921875
5059,TCN,2013-12-17 04:20:00,340.9571,284.9136047363281,56.043487548828125
5059,TCN,2013-12-17 04:30:00,281.91028,287.0183410644531,5.108062744140625
5059,TCN,2013-12-17 04:40:00,331.3453,290.3369445800781,41.00836181640625
5059,TCN,2013-12-17 04:50:00,279.85925,298.87200927734375,19.01275634765625
5059,TCN,2013-12-17 05:00:00,283.45944,305.96917724609375,22.509735107421875
5059,TCN,2013-12-17 05:10:00,337.38727,320.6993408203125,16.68792724609375
5059,TCN,2013-12-17 05:20:00,331.45905,339.33380126953125,7.874755859375
5059,TCN,2013-12-17 05:30:00,294.91028,355.6949768066406,60.784698486328125
5059,TCN,2013-12-17 05:40:00,379.7659,370.67669677734375,9.089202880859375
5059,TCN,2013-12-17 05:50:00,342.52347,391.2864074707031,48.762939453125
5059,TCN,2013-12-17 06:00:00,393.1728,397.922119140625,4.74932861328125
5059,TCN,2013-12-17 06:10:00,446.57346,431.7050476074219,14.868408203125
5059,TCN,2013-12-17 06:20:00,479.6781,437.83770751953125,41.84039306640625
5059,TCN,2013-12-17 06:30:00,454.89655,461.1131896972656,6.216644287109375
5059,TCN,2013-12-17 06:40:00,550.1103,503.75653076171875,46.353759765625
5059,TCN,2013-12-17 06:50:00,753.2259,547.147216796875,206.07867431640625
5059,TCN,2013-12-17 07:00:00,753.5956,594.2697143554688,159.32586669921875
5059,TCN,2013-12-17 07:10:00,825.61786,634.701904296875,190.91595458984375
5059,TCN,2013-12-17 07:20:00,969.22736,713.7831420898438,255.4442138671875
5059,TCN,2013-12-17 07:30:00,1102.4698,857.45654296875,245.0133056640625
5059,TCN,2013-12-17 07:40:00,1151.8215,1189.3232421875,37.501708984375
5059,TCN,2013-12-17 07:50:00,1323.192,1302.37548828125,20.8165283203125
5059,TCN,2013-12-17 08:00:00,1353.7091,1443.330078125,89.6209716796875
5059,TCN,2013-12-17 08:10:00,1526.839,1478.205322265625,48.6336669921875
5059,TCN,2013-12-17 08:20:00,1520.4928,1541.7615966796875,21.268798828125
5059,TCN,2013-12-17 08:30:00,1443.8578,1545.5274658203125,101.669677734375
5059,TCN,2013-12-17 08:40:00,1733.7269,1582.1910400390625,151.535888671875
5059,TCN,2013-12-17 08:50:00,1723.3816,1677.49267578125,45.888916015625
5059,TCN,2013-12-17 09:00:00,1592.9744,1754.7799072265625,161.8055419921875
5059,TCN,2013-12-17 09:10:00,1676.8529,1784.524658203125,107.6717529296875
5059,TCN,2013-12-17 09:20:00,2029.1399,1826.435302734375,202.70458984375
5059,TCN,2013-12-17 09:30:00,1878.1978,1924.367431640625,46.169677734375
5059,TCN,2013-12-17 09:40:00,2047.585,1940.09765625,107.4873046875
5059,TCN,2013-12-17 09:50:00,2180.45,2008.7969970703125,171.6529541015625
5059,TCN,2013-12-17 10:00:00,2260.443,2070.07763671875,190.365478515625
5059,TCN,2013-12-17 10:10:00,2108.2441,2187.613037109375,79.368896484375
5059,TCN,2013-12-17 10:20:00,2238.8875,2191.79345703125,47.093994140625
5059,TCN,2013-12-17 10:30:00,2177.5774,2266.498046875,88.920654296875
5059,TCN,2013-12-17 10:40:00,2299.401,2278.457275390625,20.943603515625
5059,TCN,2013-12-17 10:50:00,2414.3125,2358.82373046875,55.48876953125
5059,TCN,2013-12-17 11:00:00,2392.4524,2407.525146484375,15.07275390625
5059,TCN,2013-12-17 11:10:00,2683.2268,2451.888671875,231.338134765625
5059,TCN,2013-12-17 11:20:00,2642.9966,2529.71044921875,113.2861328125
5059,TCN,2013-12-17 11:30:00,2447.843,2578.8193359375,130.976318359375
5059,TCN,2013-12-17 11:40:00,2542.8638,2580.275390625,37.41162109375
5059,TCN,2013-12-17 11:50:00,2836.1824,2600.4052734375,235.777099609375
5059,TCN,2013-12-17 12:00:00,2705.4675,2638.542724609375,66.9248046875
5059,TCN,2013-12-17 12:10:00,2972.2612,2661.883056640625,310.378173828125
5059,TCN,2013-12-17 12:20:00,3007.2957,2701.752197265625,305.54345703125
5059,TCN,2013-12-17 12:30:00,3013.3508,2731.70068359375,281.650146484375
5059,TCN,2013-12-17 12:40:00,3133.456,2761.46533203125,371.99072265625
5059,TCN,2013-12-17 12:50:00,2863.8774,2788.500244140625,75.377197265625
5059,TCN,2013-12-17 13:00:00,3008.3774,2765.298095703125,243.079345703125
5059,TCN,2013-12-17 13:10:00,2890.1206,2774.36376953125,115.7568359375
5059,TCN,2013-12-17 13:20:00,2734.4712,2751.237060546875,16.765869140625
5059,TCN,2013-12-17 13:30:00,2544.7542,2722.055908203125,177.3017578125
5059,TCN,2013-12-17 13:40:00,2736.847,2671.74365234375,65.103271484375
5059,TCN,2013-12-17 13:50:00,2691.2998,2671.59521484375,19.70458984375
5059,TCN,2013-12-17 14:00:00,2396.328,2651.34423828125,255.016357421875
5059,TCN,2013-12-17 14:10:00,2737.6082,2582.71923828125,154.888916015625
5059,TCN,2013-12-17 14:20:00,2477.2888,2573.694580078125,96.40576171875
5059,TCN,2013-12-17 14:30:00,2892.6902,2530.680908203125,362.00927734375
5059,TCN,2013-12-17 14:40:00,2803.812,2557.4033203125,246.40869140625
5059,TCN,2013-12-17 14:50:00,2902.2222,2521.586181640625,380.635986328125
5059,TCN,2013-12-17 15:00:00,2747.326,2536.1259765625,211.199951171875
5059,TCN,2013-12-17 15:10:00,3124.1052,2517.5673828125,606.537841796875
5059,TCN,2013-12-17 15:20:00,3048.2637,2549.775634765625,498.488037109375
5059,TCN,2013-12-17 15:30:00,3095.5195,2535.840087890625,559.679443359375
5059,TCN,2013-12-17 15:40:00,3181.4688,2554.070556640625,627.398193359375
5059,TCN,2013-12-17 15:50:00,2941.134,2552.635986328125,388.498046875
5059,TCN,2013-12-17 16:00:00,2902.808,2547.554931640625,355.253173828125
5059,TCN,2013-12-17 16:10:00,2714.8738,2521.8271484375,193.046630859375
5059,TCN,2013-12-17 16:20:00,3030.4998,2486.837158203125,543.66259765625
5059,TCN,2013-12-17 16:30:00,2599.423,2490.755859375,108.667236328125
5059,TCN,2013-12-17 16:40:00,2843.513,2421.61962890625,421.893310546875
5059,TCN,2013-12-17 16:50:00,2552.371,2375.801025390625,176.570068359375
5059,TCN,2013-12-17 17:00:00,2385.382,2316.359619140625,69.0224609375
5059,TCN,2013-12-17 17:10:00,2270.155,2264.585693359375,5.5693359375
5059,TCN,2013-12-17 17:20:00,2145.7808,2176.584228515625,30.803466796875
5059,TCN,2013-12-17 17:30:00,2272.6868,2094.588134765625,178.0986328125
5059,TCN,2013-12-17 17:40:00,2324.8818,2043.8773193359375,281.0045166015625
5059,TCN,2013-12-17 17:50:00,2225.732,2002.0679931640625,223.6639404296875
5059,TCN,2013-12-17 18:00:00,2236.8972,1929.681884765625,307.21533203125
5059,TCN,2013-12-17 18:10:00,2005.5432,1849.228271484375,156.31494140625
5059,TCN,2013-12-17 18:20:00,1953.891,1729.3790283203125,224.511962890625
5059,TCN,2013-12-17 18:30:00,1802.5776,1645.161376953125,157.416259765625
5059,TCN,2013-12-17 18:40:00,1852.4194,1549.6087646484375,302.8106689453125
5059,TCN,2013-12-17 18:50:00,1696.9374,1519.4813232421875,177.4560546875
5059,TCN,2013-12-17 19:00:00,1606.5923,1411.4583740234375,195.1339111328125
5059,TCN,2013-12-17 19:10:00,1590.6036,1347.1505126953125,243.453125
5059,TCN,2013-12-17 19:20:00,1446.0182,1287.5426025390625,158.4755859375
5059,TCN,2013-12-17 19:30:00,1323.7642,1215.830810546875,107.933349609375
5059,TCN,2013-12-17 19:40:00,1351.1807,1168.7548828125,182.42578125
5059,TCN,2013-12-17 19:50:00,1179.2695,1141.423095703125,37.846435546875
5059,TCN,2013-12-17 20:00:00,1079.5662,1124.3475341796875,44.7813720703125
5059,TCN,2013-12-17 20:10:00,1028.0624,1112.7945556640625,84.732177734375
5059,TCN,2013-12-17 20:20:00,1090.8693,1074.10986328125,16.7593994140625
5059,TCN,2013-12-17 20:30:00,956.15717,1062.2847900390625,106.12762451171875
5059,TCN,2013-12-17 20:40:00,862.8589,1035.0711669921875,172.2122802734375
5059,TCN,2013-12-17 20:50:00,919.1082,999.3447875976562,80.236572265625
5059,TCN,2013-12-17 21:00:00,801.89136,978.3013916015625,176.4100341796875
5059,TCN,2013-12-17 21:10:00,840.02545,921.7780151367188,81.7525634765625
5059,TCN,2013-12-17 21:20:00,779.9643,865.8672485351562,85.9029541015625
5059,TCN,2013-12-17 21:30:00,783.5628,825.0993041992188,41.5364990234375
5059,TCN,2013-12-17 21:40:00,769.1844,765.8223266601562,3.362060546875
5059,TCN,2013-12-17 21:50:00,724.57544,732.84423828125,8.268798828125
5059,TCN,2013-12-17 22:00:00,680.99176,696.3723754882812,15.380615234375
5059,TCN,2013-12-17 22:10:00,609.1263,658.4127807617188,49.2864990234375
5059,TCN,2013-12-17 22:20:00,687.9436,616.7085571289062,71.23504638671875
5059,TCN,2013-12-17 22:30:00,579.22,598.2945556640625,19.0745849609375
5059,TCN,2013-12-17 22:40:00,560.5221,568.5387573242188,8.01666259765625
5059,TCN,2013-12-17 22:50:00,585.93774,541.5926513671875,44.3450927734375
5059,TCN,2013-12-17 23:00:00,543.7737,521.0174560546875,22.7562255859375
5059,TCN,2013-12-17 23:10:00,489.5595,506.9170227050781,17.357513427734375
5059,TCN,2013-12-17 23:20:00,539.0693,470.0064697265625,69.06280517578125
5059,TCN,2013-12-17 23:30:00,504.443,455.0230407714844,49.419952392578125
5059,TCN,2013-12-17 23:40:00,474.9078,413.23187255859375,61.675933837890625
5059,TCN,2013-12-17 23:50:00,456.41156,396.5183410644531,59.893218994140625
5059,TCN,2013-12-18 00:00:00,410.78296,370.68115234375,40.101806640625
5059,TCN,2013-12-18 00:10:00,379.65805,363.8912048339844,15.766845703125
5059,TCN,2013-12-18 00:20:00,401.63037,339.064208984375,62.566162109375
5059,TCN,2013-12-18 00:30:00,409.86038,325.69952392578125,84.16085815429688
5059,TCN,2013-12-18 00:40:00,410.02414,316.81158447265625,93.21255493164062
5059,TCN,2013-12-18 00:50:00,413.1298,299.8780822753906,113.251708984375
5059,TCN,2013-12-18 01:00:00,381.0714,292.6366882324219,88.43472290039062
5059,TCN,2013-12-18 01:10:00,370.31766,289.38970947265625,80.92794799804688
5059,TCN,2013-12-18 01:20:00,391.41586,288.7410583496094,102.6748046875
5059,TCN,2013-12-18 01:30:00,339.14832,288.9057922363281,50.242523193359375
5059,TCN,2013-12-18 01:40:00,343.98822,284.8047790527344,59.183441162109375
5059,TCN,2013-12-18 01:50:00,354.6266,285.0068664550781,69.61972045898438
5059,TCN,2013-12-18 02:00:00,349.94174,283.459228515625,66.48251342773438
5059,TCN,2013-12-18 02:10:00,357.09317,283.98809814453125,73.10507202148438
5059,TCN,2013-12-18 02:20:00,353.47437,286.6846008300781,66.78976440429688
5059,TCN,2013-12-18 02:30:00,323.44745,287.9894104003906,35.458038330078125
5059,TCN,2013-12-18 02:40:00,330.19568,289.4837341308594,40.711944580078125
5059,TCN,2013-12-18 02:50:00,333.8312,287.0782470703125,46.752960205078125
5059,TCN,2013-12-18 03:00:00,349.34024,286.05487060546875,63.285369873046875
5059,TCN,2013-12-18 03:10:00,332.18362,289.0324401855469,43.15118408203125
5059,TCN,2013-12-18 03:20:00,342.7267,285.8892517089844,56.83746337890625
5059,TCN,2013-12-18 03:30:00,374.74506,287.6073303222656,87.13772583007812
5059,TCN,2013-12-18 03:40:00,368.85327,287.8953857421875,80.9578857421875
5059,TCN,2013-12-18 03:50:00,359.95996,288.6094665527344,71.35049438476562
5059,TCN,2013-12-18 04:00:00,320.06473,289.00897216796875,31.055755615234375
5059,TCN,2013-12-18 04:10:00,361.5439,289.92572021484375,71.61819458007812
5059,TCN,2013-12-18 04:20:00,344.93466,294.802490234375,50.132171630859375
5059,TCN,2013-12-18 04:30:00,401.58304,295.9646911621094,105.61834716796875
5059,TCN,2013-12-18 04:40:00,397.4719,305.6624755859375,91.80941772460938
5059,TCN,2013-12-18 04:50:00,396.86322,313.8503112792969,83.01290893554688
5059,TCN,2013-12-18 05:00:00,346.3754,327.901123046875,18.474273681640625
5059,TCN,2013-12-18 05:10:00,356.57953,336.532470703125,20.04705810546875
5059,TCN,2013-12-18 05:20:00,357.7288,354.9009704589844,2.82781982421875
5059,TCN,2013-12-18 05:30:00,379.6343,360.1844177246094,19.44989013671875
5059,TCN,2013-12-18 05:40:00,361.912,378.181884765625,16.2698974609375
5059,TCN,2013-12-18 05:50:00,413.2211,392.55389404296875,20.667205810546875
5059,TCN,2013-12-18 06:00:00,403.95444,401.98907470703125,1.965362548828125
5059,TCN,2013-12-18 06:10:00,471.12317,423.68695068359375,47.43621826171875
5059,TCN,2013-12-18 06:20:00,481.8742,440.3158264160156,41.558380126953125
5059,TCN,2013-12-18 06:30:00,486.94028,450.1861877441406,36.75408935546875
5059,TCN,2013-12-18 06:40:00,624.4269,480.6629943847656,143.76388549804688
5059,TCN,2013-12-18 06:50:00,638.6378,543.5401000976562,95.09771728515625
5059,TCN,2013-12-18 07:00:00,813.0423,583.091552734375,229.95074462890625
5059,TCN,2013-12-18 07:10:00,815.51215,645.0641479492188,170.447998046875
5059,TCN,2013-12-18 07:20:00,925.61444,697.845947265625,227.76849365234375
5059,TCN,2013-12-18 07:30:00,986.8481,872.440673828125,114.40740966796875
5059,TCN,2013-12-18 07:40:00,1024.8683,941.1727905273438,83.69549560546875
5059,TCN,2013-12-18 07:50:00,1120.7278,1191.805908203125,71.078125
5059,TCN,2013-12-18 08:00:00,1329.3273,1273.0726318359375,56.254638671875
5059,TCN,2013-12-18 08:10:00,1298.2369,1417.796630859375,119.5596923828125
5059,TCN,2013-12-18 08:20:00,1384.4584,1429.15771484375,44.6993408203125
5059,TCN,2013-12-18 08:30:00,1469.4359,1463.81982421875,5.6160888671875
5059,TCN,2013-12-18 08:40:00,1578.1361,1501.948486328125,76.1876220703125
5059,TCN,2013-12-18 08:50:00,1854.7711,1570.193115234375,284.5780029296875
5059,TCN,2013-12-18 09:00:00,1918.0592,1696.01953125,222.0396728515625
5059,TCN,2013-12-18 09:10:00,1979.1547,1814.873046875,164.2816162109375
5059,TCN,2013-12-18 09:20:00,1986.4985,1884.599853515625,101.898681640625
5059,TCN,2013-12-18 09:30:00,2171.3083,1938.5472412109375,232.7611083984375
5059,TCN,2013-12-18 09:40:00,2056.8528,2035.6971435546875,21.1556396484375
5059,TCN,2013-12-18 09:50:00,2273.6548,2049.329833984375,224.324951171875
5059,TCN,2013-12-18 10:00:00,2399.3738,2171.202392578125,228.17138671875
5059,TCN,2013-12-18 10:10:00,2414.5996,2254.0380859375,160.5615234375
5059,TCN,2013-12-18 10:20:00,2517.3289,2361.97265625,155.356201171875
5059,TCN,2013-12-18 10:30:00,2686.7637,2439.7314453125,247.0322265625
5059,TCN,2013-12-18 10:40:00,2631.3562,2526.35693359375,104.999267578125
5059,TCN,2013-12-18 10:50:00,2698.8047,2551.21044921875,147.59423828125
5059,TCN,2013-12-18 11:00:00,2644.4453,2600.55078125,43.89453125
5059,TCN,2013-12-18 11:10:00,2527.1482,2631.608154296875,104.4599609375
5059,TCN,2013-12-18 11:20:00,2794.0598,2640.213623046875,153.84619140625
5059,TCN,2013-12-18 11:30:00,2793.752,2685.84033203125,107.91162109375
5059,TCN,2013-12-18 11:40:00,2745.2158,2711.24609375,33.9697265625
5059,TCN,2013-12-18 11:50:00,2864.4187,2726.241455078125,138.17724609375
5059,TCN,2013-12-18 12:00:00,3068.5156,2752.224853515625,316.290771484375
5059,TCN,2013-12-18 12:10:00,3000.1797,2783.47998046875,216.69970703125
5059,TCN,2013-12-18 12:20:00,3004.6577,2814.737548828125,189.920166015625
5059,TCN,2013-12-18 12:30:00,3191.4482,2822.228515625,369.2197265625
5059,TCN,2013-12-18 12:40:00,3207.1082,2859.384765625,347.723388671875
5059,TCN,2013-12-18 12:50:00,3051.9417,2880.252197265625,171.689453125
5059,TCN,2013-12-18 13:00:00,3178.2046,2885.0546875,293.14990234375
5059,TCN,2013-12-18 13:10:00,3111.8792,2888.72607421875,223.153076171875
5059,TCN,2013-12-18 13:20:00,2973.613,2883.611083984375,90.001953125
5059,TCN,2013-12-18 13:30:00,3023.979,2863.408935546875,160.570068359375
5059,TCN,2013-12-18 13:40:00,2870.2231,2856.37548828125,13.84765625
5059,TCN,2013-12-18 13:50:00,2810.9236,2823.616943359375,12.693359375
5059,TCN,2013-12-18 14:00:00,2524.7148,2798.7021484375,273.9873046875
5059,TCN,2013-12-18 14:10:00,2665.3462,2731.955078125,66.60888671875
5059,TCN,2013-12-18 14:20:00,2788.0576,2695.861083984375,92.196533203125
5059,TCN,2013-12-18 14:30:00,2690.2422,2660.883544921875,29.358642578125
5059,TCN,2013-12-18 14:40:00,2476.034,2626.84326171875,150.809326171875
5059,TCN,2013-12-18 14:50:00,2679.1196,2565.349853515625,113.769775390625
5059,TCN,2013-12-18 15:00:00,2502.6748,2549.1376953125,46.462890625
5059,TCN,2013-12-18 15:10:00,2525.0535,2517.220458984375,7.8330078125
5059,TCN,2013-12-18 15:20:00,2681.9224,2470.463134765625,211.459228515625
5059,TCN,2013-12-18 15:30:00,2889.6282,2444.884033203125,444.744140625
5059,TCN,2013-12-18 15:40:00,2542.5159,2445.491943359375,97.02392578125
5059,TCN,2013-12-18 15:50:00,2753.3704,2396.009765625,357.360595703125
5059,TCN,2013-12-18 16:00:00,2676.2473,2388.593017578125,287.654296875
5059,TCN,2013-12-18 16:10:00,2600.9219,2376.5712890625,224.3505859375
5059,TCN,2013-12-18 16:20:00,2616.2776,2366.1884765625,250.089111328125
5059,TCN,2013-12-18 16:30:00,2503.0156,2352.082763671875,150.932861328125
5059,TCN,2013-12-18 16:40:00,2491.409,2324.77734375,166.631591796875
5059,TCN,2013-12-18 16:50:00,2464.9944,2302.868896484375,162.12548828125
5059,TCN,2013-12-18 17:00:00,2273.415,2265.093505859375,8.321533203125
5059,TCN,2013-12-18 17:10:00,2249.7034,2217.48486328125,32.218505859375
5059,TCN,2013-12-18 17:20:00,2227.0051,2150.421875,76.583251953125
5059,TCN,2013-12-18 17:30:00,2196.0857,2113.35302734375,82.732666015625
5059,TCN,2013-12-18 17:40:00,1929.9333,2042.904296875,112.970947265625
5059,TCN,2013-12-18 17:50:00,1906.7804,1969.358642578125,62.5782470703125
5059,TCN,2013-12-18 18:00:00,1933.2943,1896.144287109375,37.1500244140625
5059,TCN,2013-12-18 18:10:00,1699.993,1807.531005859375,107.5379638671875
5059,TCN,2013-12-18 18:20:00,1720.3447,1681.830078125,38.5146484375
5059,TCN,2013-12-18 18:30:00,1700.0227,1605.1124267578125,94.9102783203125
5059,TCN,2013-12-18 18:40:00,1523.4855,1504.94921875,18.5362548828125
5059,TCN,2013-12-18 18:50:00,1568.3333,1394.0477294921875,174.2855224609375
5059,TCN,2013-12-18 19:00:00,1453.8413,1363.5946044921875,90.2467041015625
5059,TCN,2013-12-18 19:10:00,1269.3866,1265.9754638671875,3.4111328125
5059,TCN,2013-12-18 19:20:00,1161.6351,1210.2601318359375,48.625
5059,TCN,2013-12-18 19:30:00,1171.1189,1146.4056396484375,24.7132568359375
5059,TCN,2013-12-18 19:40:00,991.7398,1125.6014404296875,133.86163330078125
5059,TCN,2013-12-18 19:50:00,957.08075,1084.5037841796875,127.42303466796875
5059,TCN,2013-12-18 20:00:00,985.3857,1061.0621337890625,75.67645263671875
5059,TCN,2013-12-18 20:10:00,816.4783,1027.2108154296875,210.7325439453125
5059,TCN,2013-12-18 20:20:00,850.4735,1000.9050903320312,150.43157958984375
5059,TCN,2013-12-18 20:30:00,817.6907,968.3607177734375,150.6700439453125
5059,TCN,2013-12-18 20:40:00,688.8506,924.2122802734375,235.3616943359375
5059,TCN,2013-12-18 20:50:00,702.4695,862.6368408203125,160.1673583984375
5059,TCN,2013-12-18 21:00:00,753.86127,791.6790161132812,37.8177490234375
5059,TCN,2013-12-18 21:10:00,676.85645,742.7356567382812,65.87921142578125
5059,TCN,2013-12-18 21:20:00,758.3573,698.4697265625,59.8875732421875
5059,TCN,2013-12-18 21:30:00,652.5494,676.69287109375,24.14349365234375
5059,TCN,2013-12-18 21:40:00,640.0536,647.6880493164062,7.63446044921875
5059,TCN,2013-12-18 21:50:00,634.62427,626.7852783203125,7.8389892578125
5059,TCN,2013-12-18 22:00:00,604.5951,591.8278198242188,12.76727294921875
5059,TCN,2013-12-18 22:10:00,545.23456,584.2705078125,39.03594970703125
5059,TCN,2013-12-18 22:20:00,540.5254,563.4104614257812,22.88507080078125
5059,TCN,2013-12-18 22:30:00,593.64,541.668212890625,51.9718017578125
5059,TCN,2013-12-18 22:40:00,579.179,524.8643188476562,54.314697265625
5059,TCN,2013-12-18 22:50:00,502.68198,512.3560180664062,9.674041748046875
5059,TCN,2013-12-18 23:00:00,536.72876,488.01580810546875,48.71295166015625
5059,TCN,2013-12-18 23:10:00,487.20523,458.6971130371094,28.50811767578125
5059,TCN,2013-12-18 23:20:00,436.3902,446.0547790527344,9.664581298828125
5059,TCN,2013-12-18 23:30:00,456.98666,426.4785461425781,30.50811767578125
5059,TCN,2013-12-18 23:40:00,429.72488,396.406494140625,33.318389892578125
5059,TCN,2013-12-18 23:50:00,370.90134,385.8200988769531,14.91876220703125
5059,TCN,2013-12-19 00:00:00,435.60614,363.82366943359375,71.782470703125
5059,TCN,2013-12-19 00:10:00,394.7007,348.9034729003906,45.7972412109375
5059,TCN,2013-12-19 00:20:00,400.94308,339.79266357421875,61.150421142578125
5059,TCN,2013-12-19 00:30:00,427.43805,326.64251708984375,100.7955322265625
5059,TCN,2013-12-19 00:40:00,336.43256,316.7232360839844,19.709320068359375
5059,TCN,2013-12-19 00:50:00,365.28946,304.2442626953125,61.045196533203125
5059,TCN,2013-12-19 01:00:00,346.52133,298.1106262207031,48.41070556640625
5059,TCN,2013-12-19 01:10:00,342.67114,291.762451171875,50.90869140625
5059,TCN,2013-12-19 01:20:00,320.30676,288.3407897949219,31.965972900390625
5059,TCN,2013-12-19 01:30:00,328.14258,281.9001159667969,46.242462158203125
5059,TCN,2013-12-19 01:40:00,280.11807,280.1337890625,0.015716552734375
5059,TCN,2013-12-19 01:50:00,335.46817,278.9710388183594,56.49713134765625
5059,TCN,2013-12-19 02:00:00,298.21442,279.45599365234375,18.7584228515625
5059,TCN,2013-12-19 02:10:00,309.21713,277.22943115234375,31.987701416015625
5059,TCN,2013-12-19 02:20:00,300.12256,283.00054931640625,17.12200927734375
5059,TCN,2013-12-19 02:30:00,246.72475,280.4639587402344,33.73921203613281
5059,TCN,2013-12-19 02:40:00,276.32565,283.4955749511719,7.169921875
5059,TCN,2013-12-19 02:50:00,262.11307,284.06842041015625,21.955352783203125
5059,TCN,2013-12-19 03:00:00,270.27988,283.9758605957031,13.69598388671875
5059,TCN,2013-12-19 03:10:00,252.87465,284.56036376953125,31.685714721679688
5059,TCN,2013-12-19 03:20:00,251.35564,284.0378112792969,32.68217468261719
5059,TCN,2013-12-19 03:30:00,252.64908,283.3620910644531,30.7130126953125
5059,TCN,2013-12-19 03:40:00,252.2801,283.623291015625,31.343185424804688
5059,TCN,2013-12-19 03:50:00,271.09418,283.8638610839844,12.769683837890625
5059,TCN,2013-12-19 04:00:00,250.35619,285.76580810546875,35.40962219238281
5059,TCN,2013-12-19 04:10:00,284.96732,286.49957275390625,1.532257080078125
5059,TCN,2013-12-19 04:20:00,278.65344,290.7043762207031,12.050933837890625
5059,TCN,2013-12-19 04:30:00,234.95042,293.0175476074219,58.06712341308594
5059,TCN,2013-12-19 04:40:00,278.24277,296.6949462890625,18.452178955078125
5059,TCN,2013-12-19 04:50:00,274.403,306.9713134765625,32.56829833984375
5059,TCN,2013-12-19 05:00:00,246.9415,320.3463439941406,73.40484619140625
5059,TCN,2013-12-19 05:10:00,316.2096,332.8833923339844,16.673797607421875
5059,TCN,2013-12-19 05:20:00,317.42062,350.95892333984375,33.538299560546875
5059,TCN,2013-12-19 05:30:00,308.83353,371.9526062011719,63.11907958984375
5059,TCN,2013-12-19 05:40:00,312.58328,382.1637268066406,69.5804443359375
5059,TCN,2013-12-19 05:50:00,378.32358,399.85235595703125,21.528778076171875
5059,TCN,2013-12-19 06:00:00,398.94138,415.29296875,16.351593017578125
5059,TCN,2013-12-19 06:10:00,383.5255,431.808837890625,48.2833251953125
5059,TCN,2013-12-19 06:20:00,505.4137,452.956298828125,52.4573974609375
5059,TCN,2013-12-19 06:30:00,487.4411,495.4118957519531,7.970794677734375
5059,TCN,2013-12-19 06:40:00,513.9205,546.7177734375,32.79730224609375
5059,TCN,2013-12-19 06:50:00,644.89886,592.1259155273438,52.77294921875
5059,TCN,2013-12-19 07:00:00,664.45844,648.9115600585938,15.546875
5059,TCN,2013-12-19 07:10:00,682.46765,668.7305908203125,13.737060546875
5059,TCN,2013-12-19 07:20:00,738.4892,712.5802612304688,25.908935546875
5059,TCN,2013-12-19 07:30:00,748.6995,747.2631225585938,1.4364013671875
5059,TCN,2013-12-19 07:40:00,879.4211,781.6954956054688,97.7255859375
5059,TCN,2013-12-19 07:50:00,1059.6798,867.97607421875,191.7037353515625
5059,TCN,2013-12-19 08:00:00,1205.6597,1050.34521484375,155.314453125
5059,TCN,2013-12-19 08:10:00,1294.0133,1281.8499755859375,12.163330078125
5059,TCN,2013-12-19 08:20:00,1403.5646,1397.6690673828125,5.8955078125
5059,TCN,2013-12-19 08:30:00,1366.8352,1457.6553955078125,90.8201904296875
5059,TCN,2013-12-19 08:40:00,1410.3503,1469.48974609375,59.139404296875
5059,TCN,2013-12-19 08:50:00,1500.0518,1516.7236328125,16.671875
5059,TCN,2013-12-19 09:00:00,1631.4614,1563.136474609375,68.324951171875
5059,TCN,2013-12-19 09:10:00,1594.8406,1637.521240234375,42.6806640625
5059,TCN,2013-12-19 09:20:00,1743.9664,1698.4462890625,45.5201416015625
5059,TCN,2013-12-19 09:30:00,1792.1635,1825.264404296875,33.1009521484375
5059,TCN,2013-12-19 09:40:00,1852.2518,1872.5269775390625,20.275146484375
5059,TCN,2013-12-19 09:50:00,1815.0078,1947.8172607421875,132.8094482421875
5059,TCN,2013-12-19 10:00:00,1953.0441,1958.133544921875,5.0894775390625
5059,TCN,2013-12-19 10:10:00,1898.2076,2029.4334716796875,131.225830078125
5059,TCN,2013-12-19 10:20:00,1932.6768,2033.6728515625,100.99609375
5059,TCN,2013-12-19 10:30:00,2083.847,2085.574462890625,1.7275390625
5059,TCN,2013-12-19 10:40:00,2171.034,2141.8154296875,29.218505859375
5059,TCN,2013-12-19 10:50:00,2265.2751,2216.623046875,48.652099609375
5059,TCN,2013-12-19 11:00:00,2178.1807,2277.963623046875,99.782958984375
5059,TCN,2013-12-19 11:10:00,2262.1309,2293.901123046875,31.770263671875
5059,TCN,2013-12-19 11:20:00,2150.6255,2353.0908203125,202.46533203125
5059,TCN,2013-12-19 11:30:00,2270.9175,2338.14306640625,67.2255859375
5059,TCN,2013-12-19 11:40:00,2441.9106,2399.1396484375,42.77099609375
5059,TCN,2013-12-19 11:50:00,2547.372,2447.9150390625,99.45703125
5059,TCN,2013-12-19 12:00:00,2549.3323,2516.70654296875,32.625732421875
5059,TCN,2013-12-19 12:10:00,2767.8403,2548.194091796875,219.646240234375
5059,TCN,2013-12-19 12:20:00,2683.886,2600.613525390625,83.2724609375
5059,TCN,2013-12-19 12:30:00,2711.2275,2613.3330078125,97.89453125
5059,TCN,2013-12-19 12:40:00,2517.5942,2633.47998046875,115.8857421875
5059,TCN,2013-12-19 12:50:00,2742.896,2610.99658203125,131.8994140625
5059,TCN,2013-12-19 13:00:00,2650.2075,2639.46435546875,10.7431640625
5059,TCN,2013-12-19 13:10:00,2467.6526,2632.782470703125,165.1298828125
5059,TCN,2013-12-19 13:20:00,2606.0076,2600.6943359375,5.313232421875
5059,TCN,2013-12-19 13:30:00,2583.6455,2586.608154296875,2.962646484375
5059,TCN,2013-12-19 13:40:00,2529.9766,2576.841552734375,46.864990234375
5059,TCN,2013-12-19 13:50:00,2546.6702,2560.753173828125,14.0830078125
5059,TCN,2013-12-19 14:00:00,2376.3787,2545.57763671875,169.198974609375
5059,TCN,2013-12-19 14:10:00,2511.2964,2506.221435546875,5.074951171875
5059,TCN,2013-12-19 14:20:00,2380.6892,2515.58251953125,134.893310546875
5059,TCN,2013-12-19 14:30:00,2496.9202,2467.23095703125,29.689208984375
5059,TCN,2013-12-19 14:40:00,2670.8054,2457.658935546875,213.146484375
5059,TCN,2013-12-19 14:50:00,2527.7153,2443.413330078125,84.302001953125
5059,TCN,2013-12-19 15:00:00,2489.7966,2434.83154296875,54.965087890625
5059,TCN,2013-12-19 15:10:00,2740.8386,2411.427490234375,329.4111328125
5059,TCN,2013-12-19 15:20:00,2435.4739,2431.05517578125,4.418701171875
5059,TCN,2013-12-19 15:30:00,2455.3765,2390.166259765625,65.210205078125
5059,TCN,2013-12-19 15:40:00,2387.4033,2386.385498046875,1.017822265625
5059,TCN,2013-12-19 15:50:00,2405.84,2348.178466796875,57.66162109375
5059,TCN,2013-12-19 16:00:00,2422.1624,2333.287841796875,88.87451171875
5059,TCN,2013-12-19 16:10:00,2372.235,2303.7060546875,68.529052734375
5059,TCN,2013-12-19 16:20:00,2159.3252,2275.5751953125,116.25
5059,TCN,2013-12-19 16:30:00,2137.3472,2212.507080078125,75.159912109375
5059,TCN,2013-12-19 16:40:00,2231.6362,2162.744384765625,68.891845703125
5059,TCN,2013-12-19 16:50:00,2189.9358,2132.552734375,57.383056640625
5059,TCN,2013-12-19 17:00:00,2123.9602,2080.2451171875,43.715087890625
5059,TCN,2013-12-19 17:10:00,2123.4507,2002.178466796875,121.272216796875
5059,TCN,2013-12-19 17:20:00,1877.5531,1947.0042724609375,69.451171875
5059,TCN,2013-12-19 17:30:00,2125.435,1801.8057861328125,323.6292724609375
5059,TCN,2013-12-19 17:40:00,2092.7605,1845.253173828125,247.50732421875
5059,TCN,2013-12-19 17:50:00,1824.8812,1776.529052734375,48.3521728515625
5059,TCN,2013-12-19 18:00:00,1729.0022,1636.00830078125,92.993896484375
5059,TCN,2013-12-19 18:10:00,1680.3955,1492.692138671875,187.703369140625
5059,TCN,2013-12-19 18:20:00,1606.5753,1447.2896728515625,159.28564453125
5059,TCN,2013-12-19 18:30:00,1626.3033,1315.1405029296875,311.162841796875
5059,TCN,2013-12-19 18:40:00,1547.6588,1219.3662109375,328.2926025390625
5059,TCN,2013-12-19 18:50:00,1395.2604,1161.7958984375,233.4644775390625
5059,TCN,2013-12-19 19:00:00,1390.367,1108.9949951171875,281.3719482421875
5059,TCN,2013-12-19 19:10:00,1230.7985,1093.5538330078125,137.24462890625
5059,TCN,2013-12-19 19:20:00,1114.6785,1046.612060546875,68.06640625
5059,TCN,2013-12-19 19:30:00,1020.2102,995.162109375,25.048095703125
5059,TCN,2013-12-19 19:40:00,942.3615,975.7620849609375,33.40057373046875
5059,TCN,2013-12-19 19:50:00,842.16235,933.030517578125,90.8681640625
5059,TCN,2013-12-19 20:00:00,718.4314,905.4098510742188,186.97845458984375
5059,TCN,2013-12-19 20:10:00,781.4337,876.43212890625,94.9984130859375
5059,TCN,2013-12-19 20:20:00,700.18353,883.5718383789062,183.3883056640625
5059,TCN,2013-12-19 20:30:00,728.1585,835.162841796875,107.00433349609375
5059,TCN,2013-12-19 20:40:00,701.60626,801.6437377929688,100.0374755859375
5059,TCN,2013-12-19 20:50:00,737.4239,727.3704833984375,10.05340576171875
5059,TCN,2013-12-19 21:00:00,640.25195,717.985107421875,77.733154296875
5059,TCN,2013-12-19 21:10:00,642.9851,643.1541748046875,0.1690673828125
5059,TCN,2013-12-19 21:20:00,583.51904,618.6903076171875,35.1712646484375
5059,TCN,2013-12-19 21:30:00,631.582,566.2381591796875,65.34381103515625
5059,TCN,2013-12-19 21:40:00,589.1496,550.4601440429688,38.689453125
5059,TCN,2013-12-19 21:50:00,559.72516,507.5984191894531,52.126739501953125
5059,TCN,2013-12-19 22:00:00,568.68,492.1756896972656,76.50430297851562
5059,TCN,2013-12-19 22:10:00,518.3545,475.1794738769531,43.175018310546875
5059,TCN,2013-12-19 22:20:00,516.46484,462.9180603027344,53.546783447265625
5059,TCN,2013-12-19 22:30:00,506.92117,444.22125244140625,62.699920654296875
5059,TCN,2013-12-19 22:40:00,482.3108,430.8500671386719,51.460723876953125
5059,TCN,2013-12-19 22:50:00,465.71014,405.38812255859375,60.322021484375
5059,TCN,2013-12-19 23:00:00,525.8392,414.00006103515625,111.839111328125
5059,TCN,2013-12-19 23:10:00,489.60336,401.5147705078125,88.08859252929688
5059,TCN,2013-12-19 23:20:00,372.18173,387.0101623535156,14.82843017578125
5059,TCN,2013-12-19 23:30:00,404.69742,369.2594299316406,35.43798828125
5059,TCN,2013-12-19 23:40:00,391.80353,366.2970886230469,25.506439208984375
5059,TCN,2013-12-19 23:50:00,297.08508,348.5820007324219,51.496917724609375
5059,TCN,2013-12-20 00:00:00,363.3345,332.161376953125,31.173126220703125
5059,TCN,2013-12-20 00:10:00,311.23398,318.0751953125,6.841217041015625
5059,TCN,2013-12-20 00:20:00,304.2302,308.48785400390625,4.257659912109375
5059,TCN,2013-12-20 00:30:00,292.2712,304.4598693847656,12.18865966796875
5059,TCN,2013-12-20 00:40:00,266.19818,297.3907775878906,31.192596435546875
5059,TCN,2013-12-20 00:50:00,241.73764,289.0900573730469,47.3524169921875
5059,TCN,2013-12-20 01:00:00,268.45358,285.0750732421875,16.621490478515625
5059,TCN,2013-12-20 01:10:00,255.58801,279.7566833496094,24.168670654296875
5059,TCN,2013-12-20 01:20:00,255.26366,273.46435546875,18.200698852539062
5059,TCN,2013-12-20 01:30:00,247.74217,271.6720886230469,23.929916381835938
5059,TCN,2013-12-20 01:40:00,261.45126,268.8504943847656,7.39923095703125
5059,TCN,2013-12-20 01:50:00,212.55832,268.9164123535156,56.35809326171875
5059,TCN,2013-12-20 02:00:00,225.63672,270.3330383300781,44.696319580078125
5059,TCN,2013-12-20 02:10:00,253.41428,269.1583251953125,15.744049072265625
5059,TCN,2013-12-20 02:20:00,224.57256,270.0030517578125,45.43049621582031
5059,TCN,2013-12-20 02:30:00,224.44083,269.26715087890625,44.826324462890625
5059,TCN,2013-12-20 02:40:00,250.79286,269.0761413574219,18.283279418945312
5059,TCN,2013-12-20 02:50:00,213.31396,270.11859130859375,56.80462646484375
5059,TCN,2013-12-20 03:00:00,220.35384,269.6977844238281,49.34394836425781
5059,TCN,2013-12-20 03:10:00,226.84929,268.11962890625,41.27033996582031
5059,TCN,2013-12-20 03:20:00,201.8171,268.45294189453125,66.63584899902344
5059,TCN,2013-12-20 03:30:00,205.79384,268.868896484375,63.07505798339844
5059,TCN,2013-12-20 03:40:00,235.06807,268.9737854003906,33.90571594238281
5059,TCN,2013-12-20 03:50:00,192.8713,271.19146728515625,78.32015991210938
5059,TCN,2013-12-20 04:00:00,216.31819,273.3221435546875,57.00395202636719
5059,TCN,2013-12-20 04:10:00,236.10062,278.92242431640625,42.821807861328125
5059,TCN,2013-12-20 04:20:00,207.19698,280.384521484375,73.18754577636719
5059,TCN,2013-12-20 04:30:00,252.64702,286.59002685546875,33.94300842285156
5059,TCN,2013-12-20 04:40:00,243.07234,296.2127685546875,53.14042663574219
5059,TCN,2013-12-20 04:50:00,206.34781,309.1738586425781,102.8260498046875
5059,TCN,2013-12-20 05:00:00,246.40039,315.0771789550781,68.67678833007812
5059,TCN,2013-12-20 05:10:00,231.74612,333.5244445800781,101.7783203125
5059,TCN,2013-12-20 05:20:00,241.9884,350.8033142089844,108.81491088867188
5059,TCN,2013-12-20 05:30:00,240.64299,373.3632507324219,132.7202606201172
5059,TCN,2013-12-20 05:40:00,296.80536,387.01287841796875,90.20751953125
5059,TCN,2013-12-20 05:50:00,303.16022,398.79150390625,95.63128662109375
5059,TCN,2013-12-20 06:00:00,369.727,409.4269714355469,39.699981689453125
5059,TCN,2013-12-20 06:10:00,364.43896,431.50091552734375,67.06195068359375
5059,TCN,2013-12-20 06:20:00,412.51233,443.1899108886719,30.677581787109375
5059,TCN,2013-12-20 06:30:00,379.6234,472.328857421875,92.7054443359375
5059,TCN,2013-12-20 06:40:00,429.28006,488.6463317871094,59.36627197265625
5059,TCN,2013-12-20 06:50:00,670.184,523.711181640625,146.47283935546875
5059,TCN,2013-12-20 07:00:00,684.615,558.924560546875,125.6904296875
5059,TCN,2013-12-20 07:10:00,693.4316,606.2640991210938,87.16748046875
5059,TCN,2013-12-20 07:20:00,856.2361,632.7091064453125,223.5269775390625
5059,TCN,2013-12-20 07:30:00,789.64154,722.1878051757812,67.4537353515625
5059,TCN,2013-12-20 07:40:00,935.7097,761.7977905273438,173.91192626953125
5059,TCN,2013-12-20 07:50:00,1030.2852,963.4169311523438,66.86822509765625
5059,TCN,2013-12-20 08:00:00,1220.1327,1097.7576904296875,122.375
5059,TCN,2013-12-20 08:10:00,1237.1399,1351.7974853515625,114.6575927734375
5059,TCN,2013-12-20 08:20:00,1306.8202,1383.304931640625,76.4847412109375
5059,TCN,2013-12-20 08:30:00,1387.7256,1451.3310546875,63.60546875
5059,TCN,2013-12-20 08:40:00,1409.9805,1471.8421630859375,61.8616943359375
5059,TCN,2013-12-20 08:50:00,1643.7428,1506.923828125,136.8189697265625
5059,TCN,2013-12-20 09:00:00,1689.2719,1594.8526611328125,94.419189453125
5059,TCN,2013-12-20 09:10:00,1596.9042,1666.878173828125,69.9739990234375
5059,TCN,2013-12-20 09:20:00,1671.042,1728.7506103515625,57.7086181640625
5059,TCN,2013-12-20 09:30:00,1595.8231,1809.586181640625,213.7630615234375
5059,TCN,2013-12-20 09:40:00,1878.9928,1801.5953369140625,77.3974609375
5059,TCN,2013-12-20 09:50:00,1986.6229,1901.28564453125,85.3372802734375
5059,TCN,2013-12-20 10:00:00,1975.8969,1927.246337890625,48.6505126953125
5059,TCN,2013-12-20 10:10:00,1999.3615,1970.393310546875,28.9681396484375
5059,TCN,2013-12-20 10:20:00,2245.892,2001.4149169921875,244.4771728515625
5059,TCN,2013-12-20 10:30:00,2462.251,2131.619384765625,330.631591796875
5059,TCN,2013-12-20 10:40:00,2270.869,2247.361572265625,23.50732421875
5059,TCN,2013-12-20 10:50:00,2222.109,2275.843017578125,53.734130859375
5059,TCN,2013-12-20 11:00:00,2357.3289,2281.107666015625,76.22119140625
5059,TCN,2013-12-20 11:10:00,2275.7559,2377.623779296875,101.867919921875
5059,TCN,2013-12-20 11:20:00,2439.7173,2375.866943359375,63.850341796875
5059,TCN,2013-12-20 11:30:00,2526.545,2437.07470703125,89.47021484375
5059,TCN,2013-12-20 11:40:00,2346.0898,2470.08251953125,123.99267578125
5059,TCN,2013-12-20 11:50:00,2470.7983,2475.618896484375,4.820556640625
5059,TCN,2013-12-20 12:00:00,2650.6477,2513.976806640625,136.6708984375
5059,TCN,2013-12-20 12:10:00,2598.8076,2544.88720703125,53.92041015625
5059,TCN,2013-12-20 12:20:00,2632.6096,2568.46728515625,64.142333984375
5059,TCN,2013-12-20 12:30:00,2461.2249,2580.265625,119.040771484375
5059,TCN,2013-12-20 12:40:00,2746.582,2565.856689453125,180.725341796875
5059,TCN,2013-12-20 12:50:00,2632.105,2596.63720703125,35.4677734375
5059,TCN,2013-12-20 13:00:00,2633.7163,2597.7470703125,35.96923828125
5059,TCN,2013-12-20 13:10:00,2568.3618,2589.210693359375,20.848876953125
5059,TCN,2013-12-20 13:20:00,2618.5422,2572.811767578125,45.73046875
5059,TCN,2013-12-20 13:30:00,2665.7302,2563.116455078125,102.61376953125
5059,TCN,2013-12-20 13:40:00,2900.3716,2568.33544921875,332.0361328125
5059,TCN,2013-12-20 13:50:00,2662.6619,2576.93701171875,85.724853515625
5059,TCN,2013-12-20 14:00:00,2651.5894,2561.906005859375,89.683349609375
5059,TCN,2013-12-20 14:10:00,2596.082,2554.020263671875,42.061767578125
5059,TCN,2013-12-20 14:20:00,2519.1433,2537.216552734375,18.0732421875
5059,TCN,2013-12-20 14:30:00,2734.3699,2505.287841796875,229.08203125
5059,TCN,2013-12-20 14:40:00,2823.199,2507.300537109375,315.8984375
5059,TCN,2013-12-20 14:50:00,2617.3066,2492.74365234375,124.56298828125
5059,TCN,2013-12-20 15:00:00,2674.8652,2487.3349609375,187.5302734375
5059,TCN,2013-12-20 15:10:00,2548.0388,2465.65380859375,82.385009765625
5059,TCN,2013-12-20 15:20:00,2558.9575,2446.294677734375,112.662841796875
5059,TCN,2013-12-20 15:30:00,2391.4993,2432.9814453125,41.482177734375
5059,TCN,2013-12-20 15:40:00,2764.468,2399.283203125,365.184814453125
5059,TCN,2013-12-20 15:50:00,2595.302,2385.24365234375,210.058349609375
5059,TCN,2013-12-20 16:00:00,2626.2993,2351.358642578125,274.940673828125
5059,TCN,2013-12-20 16:10:00,2673.3782,2336.640869140625,336.7373046875
5059,TCN,2013-12-20 16:20:00,2455.5232,2331.668212890625,123.85498046875
5059,TCN,2013-12-20 16:30:00,2262.6885,2274.3056640625,11.6171875
5059,TCN,2013-12-20 16:40:00,2273.0952,2214.4404296875,58.65478515625
5059,TCN,2013-12-20 16:50:00,2120.3896,2148.750244140625,28.360595703125
5059,TCN,2013-12-20 17:00:00,2335.026,2083.068359375,251.95751953125
5059,TCN,2013-12-20 17:10:00,2156.2869,2056.21435546875,100.072509765625
5059,TCN,2013-12-20 17:20:00,2015.8969,1950.1617431640625,65.735107421875
5059,TCN,2013-12-20 17:30:00,2134.4436,1879.63818359375,254.805419921875
5059,TCN,2013-12-20 17:40:00,1919.2555,1845.5621337890625,73.693359375
5059,TCN,2013-12-20 17:50:00,1839.2902,1756.8863525390625,82.40380859375
5059,TCN,2013-12-20 18:00:00,1951.7672,1652.6229248046875,299.144287109375
5059,TCN,2013-12-20 18:10:00,1644.7549,1620.6068115234375,24.1480712890625
5059,TCN,2013-12-20 18:20:00,1486.1345,1467.876220703125,18.25830078125
5059,TCN,2013-12-20 18:30:00,1693.2423,1266.9202880859375,426.322021484375
5059,TCN,2013-12-20 18:40:00,1344.2493,1246.7509765625,97.498291015625
5059,TCN,2013-12-20 18:50:00,1241.1987,1127.36328125,113.83544921875
5059,TCN,2013-12-20 19:00:00,1227.9812,1064.0809326171875,163.9002685546875
5059,TCN,2013-12-20 19:10:00,1140.5072,1052.4876708984375,88.01953125
5059,TCN,2013-12-20 19:20:00,1019.1906,1035.8162841796875,16.62567138671875
5059,TCN,2013-12-20 19:30:00,927.6131,1002.499267578125,74.88616943359375
5059,TCN,2013-12-20 19:40:00,860.2623,972.6773681640625,112.4150390625
5059,TCN,2013-12-20 19:50:00,789.0069,944.9849243164062,155.97802734375
5059,TCN,2013-12-20 20:00:00,744.62024,937.169921875,192.5496826171875
5059,TCN,2013-12-20 20:10:00,782.2459,928.0955200195312,145.849609375
5059,TCN,2013-12-20 20:20:00,736.78107,899.6036987304688,162.8226318359375
5059,TCN,2013-12-20 20:30:00,696.86,860.806640625,163.9466552734375
5059,TCN,2013-12-20 20:40:00,733.6609,815.3844604492188,81.72357177734375
5059,TCN,2013-12-20 20:50:00,721.83344,798.0241088867188,76.190673828125
5059,TCN,2013-12-20 21:00:00,662.1285,733.8607788085938,71.7322998046875
5059,TCN,2013-12-20 21:10:00,703.3142,670.39208984375,32.922119140625
5059,TCN,2013-12-20 21:20:00,637.8367,646.7334594726562,8.89678955078125
5059,TCN,2013-12-20 21:30:00,693.22076,596.955078125,96.26568603515625
5059,TCN,2013-12-20 21:40:00,601.387,582.766845703125,18.62017822265625
5059,TCN,2013-12-20 21:50:00,664.32275,556.519775390625,107.802978515625
5059,TCN,2013-12-20 22:00:00,564.0374,548.9067993164062,15.130615234375
5059,TCN,2013-12-20 22:10:00,487.8661,516.2902221679688,28.42413330078125
5059,TCN,2013-12-20 22:20:00,539.56445,489.9001159667969,49.664337158203125
5059,TCN,2013-12-20 22:30:00,738.7419,477.9501037597656,260.7917785644531
5059,TCN,2013-12-20 22:40:00,1177.4384,457.2644958496094,720.173828125
5059,TCN,2013-12-20 22:50:00,832.1246,457.324462890625,374.80010986328125
5059,TCN,2013-12-20 23:00:00,696.6468,435.966796875,260.67999267578125
5059,TCN,2013-12-20 23:10:00,505.41702,426.8769226074219,78.54010009765625
5059,TCN,2013-12-20 23:20:00,790.2081,398.51171875,391.6964111328125
5059,TCN,2013-12-20 23:30:00,458.1687,408.7882995605469,49.380401611328125
5059,TCN,2013-12-20 23:40:00,404.18,374.06524658203125,30.11474609375
5059,TCN,2013-12-20 23:50:00,392.979,351.5318908691406,41.447113037109375
5059,TCN,2013-12-21 00:00:00,361.36307,335.7604064941406,25.6026611328125
5059,TCN,2013-12-21 00:10:00,361.5745,318.39215087890625,43.182342529296875
5059,TCN,2013-12-21 00:20:00,322.63083,301.8023376464844,20.8284912109375
5059,TCN,2013-12-21 00:30:00,308.55063,298.3360595703125,10.214569091796875
5059,TCN,2013-12-21 00:40:00,308.66302,294.9294128417969,13.733612060546875
5059,TCN,2013-12-21 00:50:00,316.9625,289.668701171875,27.293792724609375
5059,TCN,2013-12-21 01:00:00,297.1868,284.7355651855469,12.45123291015625
5059,TCN,2013-12-21 01:10:00,320.12656,276.04547119140625,44.081085205078125
5059,TCN,2013-12-21 01:20:00,315.64932,277.039306640625,38.610015869140625
5059,TCN,2013-12-21 01:30:00,277.5032,278.75238037109375,1.249176025390625
5059,TCN,2013-12-21 01:40:00,282.7768,277.1318054199219,5.644989013671875
5059,TCN,2013-12-21 01:50:00,296.13834,276.9556579589844,19.18267822265625
5059,TCN,2013-12-21 02:00:00,279.48264,275.204345703125,4.278289794921875
5059,TCN,2013-12-21 02:10:00,274.27963,278.8623962402344,4.582763671875
5059,TCN,2013-12-21 02:20:00,257.2602,274.3787536621094,17.118560791015625
5059,TCN,2013-12-21 02:30:00,250.54742,277.9060363769531,27.358612060546875
5059,TCN,2013-12-21 02:40:00,319.1933,273.6130065917969,45.580291748046875
5059,TCN,2013-12-21 02:50:00,255.39021,278.34442138671875,22.954208374023438
5059,TCN,2013-12-21 03:00:00,269.69437,276.0364074707031,6.342041015625
5059,TCN,2013-12-21 03:10:00,265.03293,277.3641357421875,12.331207275390625
5059,TCN,2013-12-21 03:20:00,273.5162,274.8233642578125,1.307159423828125
5059,TCN,2013-12-21 03:30:00,287.6533,277.1205139160156,10.53277587890625
5059,TCN,2013-12-21 03:40:00,283.76547,276.9234924316406,6.84197998046875
5059,TCN,2013-12-21 03:50:00,275.07043,279.6867370605469,4.616302490234375
5059,TCN,2013-12-21 04:00:00,292.82037,280.5558166503906,12.264556884765625
5059,TCN,2013-12-21 04:10:00,332.5462,284.92022705078125,47.6259765625
5059,TCN,2013-12-21 04:20:00,310.3698,288.5794372558594,21.790374755859375
5059,TCN,2013-12-21 04:30:00,288.39502,293.7315673828125,5.3365478515625
5059,TCN,2013-12-21 04:40:00,300.36313,299.469970703125,0.893157958984375
5059,TCN,2013-12-21 04:50:00,302.14236,308.7411193847656,6.5987548828125
5059,TCN,2013-12-21 05:00:00,321.63306,320.8298645019531,0.803192138671875
5059,TCN,2013-12-21 05:10:00,279.65805,351.6880187988281,72.02996826171875
5059,TCN,2013-12-21 05:20:00,313.6889,357.83941650390625,44.1505126953125
5059,TCN,2013-12-21 05:30:00,313.98743,393.3135681152344,79.32614135742188
5059,TCN,2013-12-21 05:40:00,310.84875,407.8759765625,97.0272216796875
5059,TCN,2013-12-21 05:50:00,316.01263,421.1834411621094,105.17080688476562
5059,TCN,2013-12-21 06:00:00,323.74387,423.1796569824219,99.435791015625
5059,TCN,2013-12-21 06:10:00,301.79507,438.38848876953125,136.59341430664062
5059,TCN,2013-12-21 06:20:00,326.47913,458.4007568359375,131.921630859375
5059,TCN,2013-12-21 06:30:00,342.92157,476.74395751953125,133.8223876953125
5059,TCN,2013-12-21 06:40:00,296.91846,485.8943786621094,188.97592163085938
5059,TCN,2013-12-21 06:50:00,335.83932,495.6710205078125,159.83169555664062
5059,TCN,2013-12-21 07:00:00,374.44254,508.0080871582031,133.5655517578125
5059,TCN,2013-12-21 07:10:00,345.98758,563.4074096679688,217.41983032226562
5059,TCN,2013-12-21 07:20:00,423.27612,589.2928466796875,166.0167236328125
5059,TCN,2013-12-21 07:30:00,409.3582,608.3251342773438,198.96694946289062
5059,TCN,2013-12-21 07:40:00,468.2277,630.280029296875,162.05233764648438
5059,TCN,2013-12-21 07:50:00,520.4716,665.2998657226562,144.8282470703125
5059,TCN,2013-12-21 08:00:00,583.5124,687.2249755859375,103.71258544921875
5059,TCN,2013-12-21 08:10:00,506.6174,702.8635864257812,196.24618530273438
5059,TCN,2013-12-21 08:20:00,730.40265,706.1010131835938,24.3016357421875
5059,TCN,2013-12-21 08:30:00,708.8068,748.2378540039062,39.4310302734375
5059,TCN,2013-12-21 08:40:00,748.7587,751.4981689453125,2.73944091796875
5059,TCN,2013-12-21 08:50:00,776.95844,807.462158203125,30.50372314453125
5059,TCN,2013-12-21 09:00:00,834.7816,818.6142578125,16.1673583984375
5059,TCN,2013-12-21 09:10:00,927.0139,896.8153686523438,30.19854736328125
5059,TCN,2013-12-21 09:20:00,1075.7583,964.5654296875,111.19287109375
5059,TCN,2013-12-21 09:30:00,1118.0957,1180.7481689453125,62.6524658203125
5059,TCN,2013-12-21 09:40:00,1275.7828,1277.51806640625,1.7352294921875
5059,TCN,2013-12-21 09:50:00,1225.114,1405.2247314453125,180.1107177734375
5059,TCN,2013-12-21 10:00:00,1428.2643,1418.51171875,9.7525634765625
5059,TCN,2013-12-21 10:10:00,1449.5228,1502.4603271484375,52.9375
5059,TCN,2013-12-21 10:20:00,1457.4513,1494.947265625,37.4959716796875
5059,TCN,2013-12-21 10:30:00,1642.2817,1551.08642578125,91.1953125
5059,TCN,2013-12-21 10:40:00,1650.5839,1598.4705810546875,52.11328125
5059,TCN,2013-12-21 10:50:00,1815.624,1671.0826416015625,144.5413818359375
5059,TCN,2013-12-21 11:00:00,1969.3021,1806.7752685546875,162.52685546875
5059,TCN,2013-12-21 11:10:00,1965.2987,1866.4395751953125,98.859130859375
5059,TCN,2013-12-21 11:20:00,2041.4291,1920.6810302734375,120.748046875
5059,TCN,2013-12-21 11:30:00,2129.975,1977.3021240234375,152.6729736328125
5059,TCN,2013-12-21 11:40:00,2113.1958,2054.21875,58.97705078125
5059,TCN,2013-12-21 11:50:00,2121.8818,2097.91552734375,23.96630859375
5059,TCN,2013-12-21 12:00:00,2164.9207,2145.16845703125,19.752197265625
5059,TCN,2013-12-21 12:10:00,2325.1907,2202.8564453125,122.334228515625
5059,TCN,2013-12-21 12:20:00,2355.1353,2291.713134765625,63.422119140625
5059,TCN,2013-12-21 12:30:00,2386.17,2346.604736328125,39.565185546875
5059,TCN,2013-12-21 12:40:00,2157.8718,2379.256591796875,221.384765625
5059,TCN,2013-12-21 12:50:00,2452.4163,2343.638916015625,108.77734375
5059,TCN,2013-12-21 13:00:00,2294.8982,2410.455810546875,115.5576171875
5059,TCN,2013-12-21 13:10:00,2495.4827,2394.432373046875,101.05029296875
5059,TCN,2013-12-21 13:20:00,2569.2935,2449.92724609375,119.3662109375
5059,TCN,2013-12-21 13:30:00,2397.1416,2469.09326171875,71.95166015625
5059,TCN,2013-12-21 13:40:00,2213.5134,2472.759765625,259.246337890625
5059,TCN,2013-12-21 13:50:00,2490.4229,2438.34521484375,52.07763671875
5059,TCN,2013-12-21 14:00:00,2579.4653,2473.891845703125,105.573486328125
5059,TCN,2013-12-21 14:10:00,2429.455,2475.365966796875,45.910888671875
5059,TCN,2013-12-21 14:20:00,2475.5437,2470.33935546875,5.204345703125
5059,TCN,2013-12-21 14:30:00,2627.732,2464.726806640625,163.005126953125
5059,TCN,2013-12-21 14:40:00,2615.487,2490.18115234375,125.305908203125
5059,TCN,2013-12-21 14:50:00,2511.2036,2495.062744140625,16.140869140625
5059,TCN,2013-12-21 15:00:00,2755.5808,2482.21826171875,273.362548828125
5059,TCN,2013-12-21 15:10:00,2681.3354,2492.516357421875,188.819091796875
5059,TCN,2013-12-21 15:20:00,2624.8208,2498.6357421875,126.18505859375
5059,TCN,2013-12-21 15:30:00,2838.9736,2494.982421875,343.9912109375
5059,TCN,2013-12-21 15:40:00,2782.5344,2507.600341796875,274.93408203125
5059,TCN,2013-12-21 15:50:00,2546.956,2503.57666015625,43.37939453125
5059,TCN,2013-12-21 16:00:00,2749.6194,2472.283203125,277.336181640625
5059,TCN,2013-12-21 16:10:00,2715.9993,2464.635498046875,251.36376953125
5059,TCN,2013-12-21 16:20:00,2544.2124,2420.4609375,123.75146484375
5059,TCN,2013-12-21 16:30:00,2755.3923,2369.090087890625,386.30224609375
5059,TCN,2013-12-21 16:40:00,2733.1387,2360.256103515625,372.882568359375
5059,TCN,2013-12-21 16:50:00,2625.955,2308.9423828125,317.0126953125
5059,TCN,2013-12-21 17:00:00,2288.752,2256.71826171875,32.03369140625
5059,TCN,2013-12-21 17:10:00,2231.9077,2158.571533203125,73.336181640625
5059,TCN,2013-12-21 17:20:00,2133.056,2107.0576171875,25.998291015625
5059,TCN,2013-12-21 17:30:00,2152.113,2044.5194091796875,107.5936279296875
5059,TCN,2013-12-21 17:40:00,1993.871,1990.7947998046875,3.076171875
5059,TCN,2013-12-21 17:50:00,1951.852,1888.3529052734375,63.4991455078125
5059,TCN,2013-12-21 18:00:00,1813.9456,1797.148193359375,16.79736328125
5059,TCN,2013-12-21 18:10:00,1655.6823,1566.5892333984375,89.093017578125
5059,TCN,2013-12-21 18:20:00,1597.5038,1345.68408203125,251.8197021484375
5059,TCN,2013-12-21 18:30:00,1325.4285,1133.6162109375,191.812255859375
5059,TCN,2013-12-21 18:40:00,1457.4198,1016.3519287109375,441.06787109375
5059,TCN,2013-12-21 18:50:00,1450.1372,998.5653686523438,451.57183837890625
5059,TCN,2013-12-21 19:00:00,1219.9037,944.3995361328125,275.504150390625
5059,TCN,2013-12-21 19:10:00,1292.1918,893.3900146484375,398.8017578125
5059,TCN,2013-12-21 19:20:00,1162.7396,890.8880004882812,271.85162353515625
5059,TCN,2013-12-21 19:30:00,1148.6572,886.62939453125,262.02783203125
5059,TCN,2013-12-21 19:40:00,1033.7631,878.8123779296875,154.95068359375
5059,TCN,2013-12-21 19:50:00,946.29254,847.7626342773438,98.5299072265625
5059,TCN,2013-12-21 20:00:00,943.5213,858.8268432617188,84.6944580078125
5059,TCN,2013-12-21 20:10:00,952.71265,874.27294921875,78.439697265625
5059,TCN,2013-12-21 20:20:00,890.1043,863.048828125,27.05548095703125
5059,TCN,2013-12-21 20:30:00,913.2415,858.8397827148438,54.4017333984375
5059,TCN,2013-12-21 20:40:00,859.0975,851.08935546875,8.00811767578125
5059,TCN,2013-12-21 20:50:00,780.55316,814.4302368164062,33.8770751953125
5059,TCN,2013-12-21 21:00:00,788.2426,760.9583740234375,27.28424072265625
5059,TCN,2013-12-21 21:10:00,706.01117,705.4722900390625,0.53887939453125
5059,TCN,2013-12-21 21:20:00,683.72034,654.7592163085938,28.96112060546875
5059,TCN,2013-12-21 21:30:00,653.22577,646.7415771484375,6.48419189453125
5059,TCN,2013-12-21 21:40:00,590.1952,609.1588745117188,18.96368408203125
5059,TCN,2013-12-21 21:50:00,508.78333,571.2866821289062,62.50335693359375
5059,TCN,2013-12-21 22:00:00,559.7363,558.2598876953125,1.4764404296875
5059,TCN,2013-12-21 22:10:00,489.1154,552.6013793945312,63.485992431640625
5059,TCN,2013-12-21 22:20:00,517.43915,534.4834594726562,17.0443115234375
5059,TCN,2013-12-21 22:30:00,570.5882,510.2284240722656,60.359771728515625
5059,TCN,2013-12-21 22:40:00,525.5759,500.211181640625,25.36474609375
5059,TCN,2013-12-21 22:50:00,463.4319,483.71875,20.286865234375
5059,TCN,2013-12-21 23:00:00,485.2741,467.70294189453125,17.5711669921875
5059,TCN,2013-12-21 23:10:00,469.79868,435.74169921875,34.056976318359375
5059,TCN,2013-12-21 23:20:00,406.76755,413.2934875488281,6.52593994140625
5059,TCN,2013-12-21 23:30:00,498.52814,386.7461242675781,111.78201293945312
5059,TCN,2013-12-21 23:40:00,419.48297,368.3918151855469,51.091156005859375
5059,TCN,2013-12-21 23:50:00,313.36542,344.6610107421875,31.29559326171875
5059,TCN,2013-12-22 00:00:00,311.2208,331.8096923828125,20.588897705078125
5059,TCN,2013-12-22 00:10:00,285.27692,323.6387023925781,38.361785888671875
5059,TCN,2013-12-22 00:20:00,287.1131,313.1943359375,26.08123779296875
5059,TCN,2013-12-22 00:30:00,288.16458,302.01654052734375,13.851959228515625
5059,TCN,2013-12-22 00:40:00,265.65384,296.3839416503906,30.7301025390625
5059,TCN,2013-12-22 00:50:00,327.46786,291.2693786621094,36.198486328125
5059,TCN,2013-12-22 01:00:00,274.27466,288.4894714355469,14.214813232421875
5059,TCN,2013-12-22 01:10:00,263.7229,284.79754638671875,21.07464599609375
5059,TCN,2013-12-22 01:20:00,257.9314,285.2280578613281,27.296661376953125
5059,TCN,2013-12-22 01:30:00,210.99529,282.3385009765625,71.34321594238281
5059,TCN,2013-12-22 01:40:00,235.3852,279.2804870605469,43.895294189453125
5059,TCN,2013-12-22 01:50:00,244.28406,280.6058349609375,36.32177734375
5059,TCN,2013-12-22 02:00:00,207.78162,281.6959533691406,73.91433715820312
5059,TCN,2013-12-22 02:10:00,191.04721,281.1160583496094,90.06884765625
5059,TCN,2013-12-22 02:20:00,239.0879,284.08245849609375,44.99455261230469
5059,TCN,2013-12-22 02:30:00,235.65778,285.359375,49.70159912109375
5059,TCN,2013-12-22 02:40:00,192.75902,283.449951171875,90.69093322753906
5059,TCN,2013-12-22 02:50:00,211.66522,282.61907958984375,70.953857421875
5059,TCN,2013-12-22 03:00:00,198.14497,279.0202941894531,80.87532043457031
5059,TCN,2013-12-22 03:10:00,188.68126,277.10699462890625,88.42573547363281
5059,TCN,2013-12-22 03:20:00,197.03189,276.26837158203125,79.23648071289062
5059,TCN,2013-12-22 03:30:00,207.60875,276.6903381347656,69.08158874511719
5059,TCN,2013-12-22 03:40:00,194.52626,274.2287902832031,79.70252990722656
5059,TCN,2013-12-22 03:50:00,199.42442,273.3069152832031,73.88249206542969
5059,TCN,2013-12-22 04:00:00,191.96487,272.8363952636719,80.87152099609375
5059,TCN,2013-12-22 04:10:00,184.78975,271.97381591796875,87.18406677246094
5059,TCN,2013-12-22 04:20:00,202.44556,271.79864501953125,69.35308837890625
5059,TCN,2013-12-22 04:30:00,188.9675,271.038818359375,82.07131958007812
5059,TCN,2013-12-22 04:40:00,196.66335,271.1147766113281,74.45143127441406
5059,TCN,2013-12-22 04:50:00,218.43881,278.14422607421875,59.705413818359375
5059,TCN,2013-12-22 05:00:00,204.28622,295.2096862792969,90.9234619140625
5059,TCN,2013-12-22 05:10:00,204.22127,320.5078125,116.28654479980469
5059,TCN,2013-12-22 05:20:00,212.75475,342.5323486328125,129.77760314941406
5059,TCN,2013-12-22 05:30:00,201.71213,352.3148498535156,150.60272216796875
5059,TCN,2013-12-22 05:40:00,182.26083,366.2390441894531,183.97821044921875
5059,TCN,2013-12-22 05:50:00,215.85309,382.2895202636719,166.43643188476562
5059,TCN,2013-12-22 06:00:00,209.48022,389.64373779296875,180.16351318359375
5059,TCN,2013-12-22 06:10:00,202.72679,397.30224609375,194.57545471191406
5059,TCN,2013-12-22 06:20:00,241.69568,402.7694091796875,161.07373046875
5059,TCN,2013-12-22 06:30:00,212.7093,413.43914794921875,200.72984313964844
5059,TCN,2013-12-22 06:40:00,195.13115,417.39739990234375,222.26625061035156
5059,TCN,2013-12-22 06:50:00,250.33661,426.00799560546875,175.67138671875
5059,TCN,2013-12-22 07:00:00,234.88385,436.3711853027344,201.48733520507812
5059,TCN,2013-12-22 07:10:00,237.84229,449.5480041503906,211.70571899414062
5059,TCN,2013-12-22 07:20:00,284.89966,453.5423583984375,168.6427001953125
5059,TCN,2013-12-22 07:30:00,271.18427,463.10626220703125,191.9219970703125
5059,TCN,2013-12-22 07:40:00,261.90845,470.6904296875,208.781982421875
5059,TCN,2013-12-22 07:50:00,294.08463,483.3829040527344,189.29827880859375
5059,TCN,2013-12-22 08:00:00,349.03415,496.7851867675781,147.75103759765625
5059,TCN,2013-12-22 08:10:00,349.0551,507.77764892578125,158.7225341796875
5059,TCN,2013-12-22 08:20:00,378.0785,538.6307373046875,160.55224609375
5059,TCN,2013-12-22 08:30:00,424.97803,582.0308837890625,157.0528564453125
5059,TCN,2013-12-22 08:40:00,469.05362,615.1572875976562,146.10366821289062
5059,TCN,2013-12-22 08:50:00,553.50824,644.43994140625,90.93170166015625
5059,TCN,2013-12-22 09:00:00,689.464,674.9697265625,14.4942626953125
5059,TCN,2013-12-22 09:10:00,631.2228,701.697509765625,70.4747314453125
5059,TCN,2013-12-22 09:20:00,707.78723,715.7644653320312,7.97723388671875
5059,TCN,2013-12-22 09:30:00,766.17035,752.5631103515625,13.60723876953125
5059,TCN,2013-12-22 09:40:00,803.88727,786.20361328125,17.68365478515625
5059,TCN,2013-12-22 09:50:00,971.2718,862.7864379882812,108.4853515625
5059,TCN,2013-12-22 10:00:00,1046.3397,979.3736572265625,66.966064453125
5059,TCN,2013-12-22 10:10:00,1230.1508,1138.030029296875,92.1207275390625
5059,TCN,2013-12-22 10:20:00,1127.9285,1341.79248046875,213.864013671875
5059,TCN,2013-12-22 10:30:00,1449.8251,1326.3656005859375,123.45947265625
5059,TCN,2013-12-22 10:40:00,1383.4529,1463.1378173828125,79.6849365234375
5059,TCN,2013-12-22 10:50:00,1643.2719,1443.9144287109375,199.357421875
5059,TCN,2013-12-22 11:00:00,1733.9,1547.141845703125,186.7581787109375
5059,TCN,2013-12-22 11:10:00,1675.901,1563.777587890625,112.1234130859375
5059,TCN,2013-12-22 11:20:00,1833.2424,1676.46533203125,156.777099609375
5059,TCN,2013-12-22 11:30:00,1764.016,1758.552001953125,5.4639892578125
5059,TCN,2013-12-22 11:40:00,2001.0841,1805.3724365234375,195.711669921875
5059,TCN,2013-12-22 11:50:00,1983.384,1875.5943603515625,107.7896728515625
5059,TCN,2013-12-22 12:00:00,2070.5903,1918.5865478515625,152.0037841796875
5059,TCN,2013-12-22 12:10:00,2207.3523,2000.77294921875,206.579345703125
5059,TCN,2013-12-22 12:20:00,2090.542,2073.566650390625,16.975341796875
5059,TCN,2013-12-22 12:30:00,1998.6561,2100.05126953125,101.3951416015625
5059,TCN,2013-12-22 12:40:00,2118.2163,2112.2919921875,5.92431640625
5059,TCN,2013-12-22 12:50:00,2046.2311,2174.08935546875,127.8582763671875
5059,TCN,2013-12-22 13:00:00,2005.1089,2163.62548828125,158.5166015625
5059,TCN,2013-12-22 13:10:00,2134.599,2165.095458984375,30.496337890625
5059,TCN,2013-12-22 13:20:00,2146.1335,2185.104736328125,38.97119140625
5059,TCN,2013-12-22 13:30:00,2083.6038,2226.017822265625,142.4140625
5059,TCN,2013-12-22 13:40:00,2265.5215,2218.275634765625,47.245849609375
5059,TCN,2013-12-22 13:50:00,2261.104,2281.907470703125,20.803466796875
5059,TCN,2013-12-22 14:00:00,2310.0315,2305.36083984375,4.670654296875
5059,TCN,2013-12-22 14:10:00,2401.2407,2349.2060546875,52.03466796875
5059,TCN,2013-12-22 14:20:00,2304.6191,2381.135498046875,76.516357421875
5059,TCN,2013-12-22 14:30:00,2281.7644,2371.9208984375,90.156494140625
5059,TCN,2013-12-22 14:40:00,2348.873,2374.19921875,25.326171875
5059,TCN,2013-12-22 14:50:00,2395.8262,2391.153076171875,4.673095703125
5059,TCN,2013-12-22 15:00:00,2172.3372,2408.021484375,235.684326171875
5059,TCN,2013-12-22 15:10:00,2329.1118,2355.009521484375,25.897705078125
5059,TCN,2013-12-22 15:20:00,2651.8508,2374.64599609375,277.204833984375
5059,TCN,2013-12-22 15:30:00,2556.0718,2408.89794921875,147.173828125
5059,TCN,2013-12-22 15:40:00,2471.201,2418.947509765625,52.25341796875
5059,TCN,2013-12-22 15:50:00,2486.2014,2399.212890625,86.988525390625
5059,TCN,2013-12-22 16:00:00,2402.3157,2390.485595703125,11.830078125
5059,TCN,2013-12-22 16:10:00,2440.9219,2384.60791015625,56.31396484375
5059,TCN,2013-12-22 16:20:00,2260.968,2374.436279296875,113.46826171875
5059,TCN,2013-12-22 16:30:00,2325.243,2301.390869140625,23.85205078125
5059,TCN,2013-12-22 16:40:00,2008.1635,2260.348876953125,252.1854248046875
5059,TCN,2013-12-22 16:50:00,2312.8545,2116.30712890625,196.54736328125
5059,TCN,2013-12-22 17:00:00,1884.4528,2144.97216796875,260.5194091796875
5059,TCN,2013-12-22 17:10:00,2071.2512,1871.4403076171875,199.8109130859375
5059,TCN,2013-12-22 17:20:00,1986.6573,1910.0135498046875,76.643798828125
5059,TCN,2013-12-22 17:30:00,1833.105,1709.242919921875,123.862060546875
5059,TCN,2013-12-22 17:40:00,1691.1322,1666.7294921875,24.4027099609375
5059,TCN,2013-12-22 17:50:00,1681.0178,1386.196044921875,294.82177734375
5059,TCN,2013-12-22 18:00:00,1457.5157,1338.88720703125,118.6285400390625
5059,TCN,2013-12-22 18:10:00,1255.7267,1044.675537109375,211.0511474609375
5059,TCN,2013-12-22 18:20:00,1255.9373,927.6449584960938,328.29229736328125
5059,TCN,2013-12-22 18:30:00,1104.2017,855.0829467773438,249.11871337890625
5059,TCN,2013-12-22 18:40:00,929.8861,825.8092651367188,104.07684326171875
5059,TCN,2013-12-22 18:50:00,896.4366,794.069580078125,102.36700439453125
5059,TCN,2013-12-22 19:00:00,807.0841,773.06787109375,34.0162353515625
5059,TCN,2013-12-22 19:10:00,1002.8872,752.0712890625,250.81591796875
5059,TCN,2013-12-22 19:20:00,794.06885,753.8234252929688,40.24542236328125
5059,TCN,2013-12-22 19:30:00,773.29156,741.8011474609375,31.49041748046875
5059,TCN,2013-12-22 19:40:00,666.1855,742.1688232421875,75.98333740234375
5059,TCN,2013-12-22 19:50:00,663.61017,706.6931762695312,43.0830078125
5059,TCN,2013-12-22 20:00:00,622.58167,722.211181640625,99.6295166015625
5059,TCN,2013-12-22 20:10:00,596.7989,675.6454467773438,78.8465576171875
5059,TCN,2013-12-22 20:20:00,650.94525,673.1765747070312,22.2313232421875
5059,TCN,2013-12-22 20:30:00,500.13675,632.1541137695312,132.01736450195312
5059,TCN,2013-12-22 20:40:00,519.0877,617.1849365234375,98.09722900390625
5059,TCN,2013-12-22 20:50:00,522.98975,578.56298828125,55.5732421875
5059,TCN,2013-12-22 21:00:00,535.3907,540.4195556640625,5.02886962890625
5059,TCN,2013-12-22 21:10:00,484.15634,522.4854125976562,38.329071044921875
5059,TCN,2013-12-22 21:20:00,455.881,505.89306640625,50.012054443359375
5059,TCN,2013-12-22 21:30:00,444.85413,498.82879638671875,53.97467041015625
5059,TCN,2013-12-22 21:40:00,423.22687,482.9613342285156,59.734466552734375
5059,TCN,2013-12-22 21:50:00,406.41708,467.64312744140625,61.226043701171875
5059,TCN,2013-12-22 22:00:00,471.26865,457.57891845703125,13.689727783203125
5059,TCN,2013-12-22 22:10:00,413.9503,437.6679382324219,23.7176513671875
5059,TCN,2013-12-22 22:20:00,342.5726,441.2352600097656,98.66265869140625
5059,TCN,2013-12-22 22:30:00,381.97705,415.0941162109375,33.1170654296875
5059,TCN,2013-12-22 22:40:00,298.52628,422.24835205078125,123.72207641601562
5059,TCN,2013-12-22 22:50:00,353.7261,389.3292541503906,35.6031494140625
5059,TCN,2013-12-22 23:00:00,346.68527,386.86572265625,40.180450439453125
5059,TCN,2013-12-22 23:10:00,342.67206,361.721923828125,19.04986572265625
5059,TCN,2013-12-22 23:20:00,316.53268,356.2461242675781,39.71343994140625
5059,TCN,2013-12-22 23:30:00,324.01608,329.1722412109375,5.156158447265625
5059,TCN,2013-12-22 23:40:00,267.51175,315.8175354003906,48.3057861328125
5059,TCN,2013-12-22 23:50:00,322.2856,306.20880126953125,16.076812744140625
5259,LightGBM,2013-12-16 00:00:00,222.30826,229.214934373066,6.906676316425376
5259,LightGBM,2013-12-16 00:10:00,211.72435,226.938723899315,15.214373923729056
5259,LightGBM,2013-12-16 00:20:00,228.3671,202.08985887137328,26.277237075892344
5259,LightGBM,2013-12-16 00:30:00,209.08351,224.54371737091876,15.460206018379694
5259,LightGBM,2013-12-16 00:40:00,192.91374,208.17342093847486,15.259678873045175
5259,LightGBM,2013-12-16 00:50:00,192.76501,203.13138585607717,10.366371207639673
5259,LightGBM,2013-12-16 01:00:00,206.97308,197.93257414913782,9.040509346955929
5259,LightGBM,2013-12-16 01:10:00,234.10466,202.82420204695183,31.280457987227862
5259,LightGBM,2013-12-16 01:20:00,206.42862,209.9099845322382,3.4813651474725873
5259,LightGBM,2013-12-16 01:30:00,206.32529,204.39001748170682,1.9352693835275545
5259,LightGBM,2013-12-16 01:40:00,195.2828,208.95367007216842,13.670863675684046
5259,LightGBM,2013-12-16 01:50:00,187.51593,188.69756246949004,1.1816322937087875
5259,LightGBM,2013-12-16 02:00:00,169.92992,192.33221824645088,22.40230186461494
5259,LightGBM,2013-12-16 02:10:00,193.78354,173.4652961415503,20.318242676809064
5259,LightGBM,2013-12-16 02:20:00,169.874,178.51036646330792,8.636373543386043
5259,LightGBM,2013-12-16 02:30:00,167.73363,181.17655977475758,13.44293245542164
5259,LightGBM,2013-12-16 02:40:00,196.84103,174.78006993501054,22.06096400053633
5259,LightGBM,2013-12-16 02:50:00,163.31662,175.8814189238791,12.564799050832221
5259,LightGBM,2013-12-16 03:00:00,164.88988,176.26020673264665,11.370329413310714
5259,LightGBM,2013-12-16 03:10:00,213.83914,181.5636563478311,32.27548549787201
5259,LightGBM,2013-12-16 03:20:00,168.66273,191.804654308985,23.14191932363343
5259,LightGBM,2013-12-16 03:30:00,166.91852,174.61382653342002,7.695308467013774
5259,LightGBM,2013-12-16 03:40:00,187.45837,186.41649478380663,1.0418792396308731
5259,LightGBM,2013-12-16 03:50:00,171.63751,176.5253380012051,4.887825794173864
5259,LightGBM,2013-12-16 04:00:00,169.25964,169.06831579385667,0.19132776083083058
5259,LightGBM,2013-12-16 04:10:00,178.00412,175.21488640063166,2.7892334724152192
5259,LightGBM,2013-12-16 04:20:00,168.92126,174.61003750847428,5.688772860036778
5259,LightGBM,2013-12-16 04:30:00,171.16241,170.27888504115046,0.8835295096307902
5259,LightGBM,2013-12-16 04:40:00,205.22343,184.21909628220627,21.00433816603592
5259,LightGBM,2013-12-16 04:50:00,189.87572,191.45394913602325,1.578231972937317
5259,LightGBM,2013-12-16 05:00:00,199.52766,187.6707303658068,11.856933818763508
5259,LightGBM,2013-12-16 05:10:00,182.89713,195.54078374010095,12.643658495960324
5259,LightGBM,2013-12-16 05:20:00,229.88231,194.8722154992413,35.010093460719645
5259,LightGBM,2013-12-16 05:30:00,194.64496,211.43591214779963,16.790953651705877
5259,LightGBM,2013-12-16 05:40:00,224.58917,200.30158162240576,24.287590740875487
5259,LightGBM,2013-12-16 05:50:00,237.17326,236.0176495489563,1.1556140008483737
5259,LightGBM,2013-12-16 06:00:00,303.32068,255.5353186062622,47.785360104675306
5259,LightGBM,2013-12-16 06:10:00,308.52094,316.5585961471185,8.037661088524771
5259,LightGBM,2013-12-16 06:20:00,344.40997,352.5867658528215,8.176792708290236
5259,LightGBM,2013-12-16 06:30:00,428.8805,390.40693825330663,38.473554910755865
5259,LightGBM,2013-12-16 06:40:00,472.67004,483.426795863456,10.756751918143493
5259,LightGBM,2013-12-16 06:50:00,609.2558,555.2345144445626,54.02128389528116
5259,LightGBM,2013-12-16 07:00:00,728.3173,666.8172467606034,61.50007501674031
5259,LightGBM,2013-12-16 07:10:00,860.0231,815.9165872890541,44.106484000008436
5259,LightGBM,2013-12-16 07:20:00,1125.8514,963.4791849101977,162.37225551948984
5259,LightGBM,2013-12-16 07:30:00,1168.1613,1389.1862956432533,221.0250407604408
5259,LightGBM,2013-12-16 07:40:00,1387.155,1454.9689932559634,67.81396395908837
5259,LightGBM,2013-12-16 07:50:00,1756.5063,1704.1691213318923,52.337226324357744
5259,LightGBM,2013-12-16 08:00:00,2052.4333,2009.122398405189,43.31095120418604
5259,LightGBM,2013-12-16 08:10:00,2183.5962,2179.3689064308455,4.227284975404473
5259,LightGBM,2013-12-16 08:20:00,2043.3542,2371.759166696139,328.4049186492639
5259,LightGBM,2013-12-16 08:30:00,2211.981,2276.198555663727,64.21759863247689
5259,LightGBM,2013-12-16 08:40:00,2340.4595,2419.706281545425,79.2468088891751
5259,LightGBM,2013-12-16 08:50:00,2499.4402,2551.1177895802334,51.67760403335842
5259,LightGBM,2013-12-16 09:00:00,2422.35,2614.2797667547275,191.92966909847746
5259,LightGBM,2013-12-16 09:10:00,2569.7798,2628.987567461005,59.2077823047548
5259,LightGBM,2013-12-16 09:20:00,2579.7612,2699.816142959345,120.05491249059514
5259,LightGBM,2013-12-16 09:30:00,2654.0537,2722.1004064955255,68.04669555802548
5259,LightGBM,2013-12-16 09:40:00,2848.7236,2768.8911636800194,79.83246913248058
5259,LightGBM,2013-12-16 09:50:00,2786.2073,2858.070366868323,71.86309147769816
5259,LightGBM,2013-12-16 10:00:00,2861.6458,2919.0330268051,57.38727485197478
5259,LightGBM,2013-12-16 10:10:00,2811.4268,2970.4294933084893,159.00273549598933
5259,LightGBM,2013-12-16 10:20:00,2873.9026,2958.287208287783,84.38462039715796
5259,LightGBM,2013-12-16 10:30:00,2930.763,2965.3497316860153,34.586792232890275
5259,LightGBM,2013-12-16 10:40:00,3040.112,2931.376862088838,108.73519845803685
5259,LightGBM,2013-12-16 10:50:00,3118.5771,3010.9564399038745,107.62070853362547
5259,LightGBM,2013-12-16 11:00:00,2854.6624,3053.349983100338,198.6876295847128
5259,LightGBM,2013-12-16 11:10:00,2981.6665,3101.7797760781946,120.11327217194457
5259,LightGBM,2013-12-16 11:20:00,3125.8438,3136.2371852567558,10.393435256755765
5259,LightGBM,2013-12-16 11:30:00,3391.409,3165.795533025523,225.61340252135187
5259,LightGBM,2013-12-16 11:40:00,3522.35,3401.052906866864,121.29719078938615
5259,LightGBM,2013-12-16 11:50:00,3438.2263,3498.1655298434807,59.939211484105726
5259,LightGBM,2013-12-16 12:00:00,3530.8872,3554.028528169182,23.14132113793221
5259,LightGBM,2013-12-16 12:10:00,3249.5356,3602.9502299002447,353.4145853689947
5259,LightGBM,2013-12-16 12:20:00,3270.1116,3505.6810906590267,235.56951839340172
5259,LightGBM,2013-12-16 12:30:00,3355.1326,3524.387788292676,169.25521993330085
5259,LightGBM,2013-12-16 12:40:00,3163.86,3431.549585198184,267.6894777763091
5259,LightGBM,2013-12-16 12:50:00,3426.3613,3170.156473990291,256.20485413470897
5259,LightGBM,2013-12-16 13:00:00,3390.733,3338.230175728551,52.502734427699124
5259,LightGBM,2013-12-16 13:10:00,3217.6746,3312.0520729136083,94.3775123667333
5259,LightGBM,2013-12-16 13:20:00,3293.2998,3173.2145129964015,120.08529169109852
5259,LightGBM,2013-12-16 13:30:00,3250.9749,3224.7734774719975,26.201376043627533
5259,LightGBM,2013-12-16 13:40:00,2988.6753,3212.8699300664152,224.19463709766524
5259,LightGBM,2013-12-16 13:50:00,2891.0247,3103.357885942747,212.3332277396221
5259,LightGBM,2013-12-16 14:00:00,2885.945,3026.5510083649733,140.6059400055983
5259,LightGBM,2013-12-16 14:10:00,3058.1343,3008.1971404150463,49.937136928703694
5259,LightGBM,2013-12-16 14:20:00,2785.3396,3027.967298826052,242.62769921667677
5259,LightGBM,2013-12-16 14:30:00,3014.1555,3012.458899970111,1.696617608014094
5259,LightGBM,2013-12-16 14:40:00,2961.3494,3083.014266018431,121.66490078405604
5259,LightGBM,2013-12-16 14:50:00,2770.2827,3065.3492955455918,295.06658070184176
5259,LightGBM,2013-12-16 15:00:00,2893.5417,2916.02826331106,22.486515264185073
5259,LightGBM,2013-12-16 15:10:00,3021.9102,2963.9367506808617,57.97340556913832
5259,LightGBM,2013-12-16 15:20:00,3028.2185,2952.084962305745,76.1335435536298
5259,LightGBM,2013-12-16 15:30:00,3020.55,3026.3495399470803,5.799491118955302
5259,LightGBM,2013-12-16 15:40:00,2886.4558,3007.7112274945594,121.25541694768435
5259,LightGBM,2013-12-16 15:50:00,2971.2048,2895.6655671991984,75.53926678517655
5259,LightGBM,2013-12-16 16:00:00,2918.5884,2932.7208497569536,14.132470850703612
5259,LightGBM,2013-12-16 16:10:00,2771.499,2859.6211368147688,88.12211337726876
5259,LightGBM,2013-12-16 16:20:00,2934.1196,2772.1479969448255,161.97163196142446
5259,LightGBM,2013-12-16 16:30:00,2954.7515,2779.7530428220407,174.9984220217093
5259,LightGBM,2013-12-16 16:40:00,2941.6682,2720.849534580892,220.81867830973306
5259,LightGBM,2013-12-16 16:50:00,2747.211,2762.0941441407467,14.883206640746721
5259,LightGBM,2013-12-16 17:00:00,2658.7869,2796.219872423725,137.43300718935006
5259,LightGBM,2013-12-16 17:10:00,2650.0586,2566.5735882085824,83.48500554141765
5259,LightGBM,2013-12-16 17:20:00,2317.7249,2491.096374887576,173.37152137195108
5259,LightGBM,2013-12-16 17:30:00,2560.4683,2275.365021767706,285.1032399510441
5259,LightGBM,2013-12-16 17:40:00,2174.4463,2213.230184457989,38.7838953954888
5259,LightGBM,2013-12-16 17:50:00,2060.105,2109.4565928420825,49.3516123733325
5259,LightGBM,2013-12-16 18:00:00,2025.3452,2042.2656017568027,16.920386913052653
5259,LightGBM,2013-12-16 18:10:00,1840.871,1944.3487461577788,103.4777744780913
5259,LightGBM,2013-12-16 18:20:00,1864.1748,1686.7164745354482,177.45833015205176
5259,LightGBM,2013-12-16 18:30:00,1815.9197,1679.1509598246962,136.7687179096788
5259,LightGBM,2013-12-16 18:40:00,1556.177,1650.499204809603,94.32220285647804
5259,LightGBM,2013-12-16 18:50:00,1483.828,1472.041328626843,11.786674302844403
5259,LightGBM,2013-12-16 19:00:00,1350.4186,1433.2790641061736,82.86048500461106
5259,LightGBM,2013-12-16 19:10:00,1286.6215,1307.6652231665857,21.043763205648247
5259,LightGBM,2013-12-16 19:20:00,1215.8221,1334.2936483021788,118.47150474749128
5259,LightGBM,2013-12-16 19:30:00,1162.7462,1128.6475834051832,34.09863241512926
5259,LightGBM,2013-12-16 19:40:00,1167.4231,1110.450891306813,56.97220439631201
5259,LightGBM,2013-12-16 19:50:00,962.30145,1018.4886214519187,56.187168815199925
5259,LightGBM,2013-12-16 20:00:00,951.8955,926.0997536609907,25.7957541515093
5259,LightGBM,2013-12-16 20:10:00,927.24634,864.6038287697395,62.64250912088551
5259,LightGBM,2013-12-16 20:20:00,875.9511,880.7048819889767,4.753771149132945
5259,LightGBM,2013-12-16 20:30:00,853.06757,855.9672639742877,2.8996980563189254
5259,LightGBM,2013-12-16 20:40:00,817.6553,802.3192258180052,15.33604761949482
5259,LightGBM,2013-12-16 20:50:00,764.6574,804.7482774543696,40.09086778640085
5259,LightGBM,2013-12-16 21:00:00,819.15564,748.7411186383246,70.41452101011294
5259,LightGBM,2013-12-16 21:10:00,746.07074,794.0825725632455,48.0118328171518
5259,LightGBM,2013-12-16 21:20:00,672.6378,726.7529111046322,54.115093721819676
5259,LightGBM,2013-12-16 21:30:00,686.475,662.6018977632107,23.873077822726827
5259,LightGBM,2013-12-16 21:40:00,691.5769,633.0117033846217,58.56520091225332
5259,LightGBM,2013-12-16 21:50:00,721.83545,655.4262260575449,66.40922316120509
5259,LightGBM,2013-12-16 22:00:00,670.438,699.3997989888771,28.961810707627137
5259,LightGBM,2013-12-16 22:10:00,651.57837,677.7920898831005,26.213720742475516
5259,LightGBM,2013-12-16 22:20:00,609.9294,646.0545146819037,36.12513235768495
5259,LightGBM,2013-12-16 22:30:00,588.9925,581.0906462644847,7.90184641129656
5259,LightGBM,2013-12-16 22:40:00,525.4099,580.7798086190394,55.369896509664386
5259,LightGBM,2013-12-16 22:50:00,516.77344,551.5436250763033,34.77018757630333
5259,LightGBM,2013-12-16 23:00:00,467.06073,530.2364497311241,63.17571975065539
5259,LightGBM,2013-12-16 23:10:00,495.03104,491.27380088770855,3.7572354892445787
5259,LightGBM,2013-12-16 23:20:00,440.19058,492.00251969210433,51.811937416713704
5259,LightGBM,2013-12-16 23:30:00,458.8445,446.97084485495253,11.873668084500594
5259,LightGBM,2013-12-16 23:40:00,489.79425,457.6171367110332,32.17711377724805
5259,LightGBM,2013-12-16 23:50:00,408.49872,475.342812881754,66.84409462003526
5259,LightGBM,2013-12-17 00:00:00,388.28894,428.994466043018,40.70552561333051
5259,LightGBM,2013-12-17 00:10:00,415.64603,404.75847141714956,10.88755519417856
5259,LightGBM,2013-12-17 00:20:00,387.5084,398.67723874909547,11.16884641511109
5259,LightGBM,2013-12-17 00:30:00,314.92847,391.9347552395648,77.00628844268982
5259,LightGBM,2013-12-17 00:40:00,360.4596,348.6355767195476,11.8240180070149
5259,LightGBM,2013-12-17 00:50:00,302.23495,366.82000060454874,64.58504577056436
5259,LightGBM,2013-12-17 01:00:00,288.7284,306.0248403495051,17.296446794817598
5259,LightGBM,2013-12-17 01:10:00,350.71536,322.9809767867253,27.734385762102818
5259,LightGBM,2013-12-17 01:20:00,315.43918,339.128301419255,23.68912295245815
5259,LightGBM,2013-12-17 01:30:00,325.187,313.7057499368003,11.481261781949684
5259,LightGBM,2013-12-17 01:40:00,376.63162,339.5296978048779,37.10192450957521
5259,LightGBM,2013-12-17 01:50:00,344.88116,343.4385741579875,1.4425903927937611
5259,LightGBM,2013-12-17 02:00:00,306.31808,323.1215159467725,16.803431229975615
5259,LightGBM,2013-12-17 02:10:00,379.13046,319.8463949461094,59.284067700374976
5259,LightGBM,2013-12-17 02:20:00,325.17874,364.2677151393104,39.08897368423226
5259,LightGBM,2013-12-17 02:30:00,319.2871,318.6348784893441,0.6522308856559107
5259,LightGBM,2013-12-17 02:40:00,333.00015,334.7390055656239,1.738852977733302
5259,LightGBM,2013-12-17 02:50:00,284.91956,320.6237166297512,35.704160965688686
5259,LightGBM,2013-12-17 03:00:00,282.09207,287.38198945696365,5.289917923760527
5259,LightGBM,2013-12-17 03:10:00,316.85693,306.82064351507927,10.036290078670731
5259,LightGBM,2013-12-17 03:20:00,279.53867,312.3933655655179,32.854699794033536
5259,LightGBM,2013-12-17 03:30:00,316.08957,285.4094003092185,30.68016878257839
5259,LightGBM,2013-12-17 03:40:00,313.36972,324.1050132105998,10.735292751615418
5259,LightGBM,2013-12-17 03:50:00,296.68118,312.72129929059315,16.040116429265026
5259,LightGBM,2013-12-17 04:00:00,290.39072,310.74580307195026,20.355086519215888
5259,LightGBM,2013-12-17 04:10:00,339.114,308.94153378096223,30.17247989091277
5259,LightGBM,2013-12-17 04:20:00,308.09247,331.14617551204924,23.05370725033049
5259,LightGBM,2013-12-17 04:30:00,294.46112,325.5252172408367,31.064096635367946
5259,LightGBM,2013-12-17 04:40:00,315.0319,333.92783015516886,18.895939286028238
5259,LightGBM,2013-12-17 04:50:00,331.99133,324.13462653149753,7.856706476314969
5259,LightGBM,2013-12-17 05:00:00,317.041,335.3959915833657,18.35500647594381
5259,LightGBM,2013-12-17 05:10:00,330.7334,329.58474161886653,1.1486568186334694
5259,LightGBM,2013-12-17 05:20:00,338.5261,349.37267380332673,10.846581274029859
5259,LightGBM,2013-12-17 05:30:00,311.98495,342.48133132546496,30.49637649148059
5259,LightGBM,2013-12-17 05:40:00,377.2446,335.56825770642155,41.67634068225033
5259,LightGBM,2013-12-17 05:50:00,364.60797,390.95985357078433,26.351882379378083
5259,LightGBM,2013-12-17 06:00:00,463.99982,380.79980940436195,83.2000074901693
5259,LightGBM,2013-12-17 06:10:00,515.5596,471.45815672776234,44.10141358473766
5259,LightGBM,2013-12-17 06:20:00,516.2354,524.6115273170835,8.376114719427278
5259,LightGBM,2013-12-17 06:30:00,538.05585,622.1369978061358,84.08115063816706
5259,LightGBM,2013-12-17 06:40:00,723.58527,667.0139924780077,56.57127363527354
5259,LightGBM,2013-12-17 06:50:00,763.58203,775.8249709566131,12.242939706613129
5259,LightGBM,2013-12-17 07:00:00,728.2445,890.3403034443947,162.09579660845725
5259,LightGBM,2013-12-17 07:10:00,929.1893,898.7779552447813,30.41131477474994
5259,LightGBM,2013-12-17 07:20:00,1197.8625,1192.4272190317047,5.435329796420319
5259,LightGBM,2013-12-17 07:30:00,1237.7401,1475.023691723353,237.28357941866557
5259,LightGBM,2013-12-17 07:40:00,1657.8984,1568.1362671480306,89.76217035196942
5259,LightGBM,2013-12-17 07:50:00,1860.2917,1877.3278874962916,17.036139449416623
5259,LightGBM,2013-12-17 08:00:00,2083.8604,2078.7607682552325,5.099583307267494
5259,LightGBM,2013-12-17 08:10:00,2054.5942,2261.4603042108347,206.8660659295847
5259,LightGBM,2013-12-17 08:20:00,2340.4487,2215.8424754663993,124.60625500235074
5259,LightGBM,2013-12-17 08:30:00,2494.3694,2460.0996074617415,34.26977730388353
5259,LightGBM,2013-12-17 08:40:00,2697.0933,2513.142751590088,183.9505101286618
5259,LightGBM,2013-12-17 08:50:00,2653.805,2654.4295190833886,0.6245874427636409
5259,LightGBM,2013-12-17 09:00:00,2913.4268,2697.236218171609,216.19053964089107
5259,LightGBM,2013-12-17 09:10:00,2943.049,2774.2158631441553,168.83320912146974
5259,LightGBM,2013-12-17 09:20:00,2912.6917,2930.959080543197,18.26743015257216
5259,LightGBM,2013-12-17 09:30:00,2882.7917,2934.4461168873067,51.654368840431744
5259,LightGBM,2013-12-17 09:40:00,2897.9875,2995.8766032812186,97.88905445309365
5259,LightGBM,2013-12-17 09:50:00,3178.6436,2935.922632603139,242.72092208436106
5259,LightGBM,2013-12-17 10:00:00,2957.539,2970.55087998734,13.011817487340068
5259,LightGBM,2013-12-17 10:10:00,3091.1826,3047.3461474813494,43.83646970615064
5259,LightGBM,2013-12-17 10:20:00,2935.6855,3060.0168289283824,124.33128205338244
5259,LightGBM,2013-12-17 10:30:00,3038.8826,3053.429008293554,14.546439934179034
5259,LightGBM,2013-12-17 10:40:00,3033.9995,3079.628164862398,45.62865314364808
5259,LightGBM,2013-12-17 10:50:00,3046.005,3067.4929604183158,21.48807760581576
5259,LightGBM,2013-12-17 11:00:00,3170.3352,3141.7305906846273,28.60461439349774
5259,LightGBM,2013-12-17 11:10:00,3287.0544,3218.319044074186,68.73539928518903
5259,LightGBM,2013-12-17 11:20:00,3273.398,3302.942492596086,29.54454337733614
5259,LightGBM,2013-12-17 11:30:00,3428.1892,3474.8206762227305,46.631467238355526
5259,LightGBM,2013-12-17 11:40:00,3300.244,3538.7162486202164,238.47235213584145
5259,LightGBM,2013-12-17 11:50:00,3524.2598,3545.8647405496417,21.604974924641738
5259,LightGBM,2013-12-17 12:00:00,3532.397,3578.056049385238,45.65907672898811
5259,LightGBM,2013-12-17 12:10:00,3420.4385,3594.6472345958873,174.2087580333873
5259,LightGBM,2013-12-17 12:20:00,3283.0588,3489.0585314335804,205.99969354295536
5259,LightGBM,2013-12-17 12:30:00,3427.2717,3512.307266919068,85.03553840344284
5259,LightGBM,2013-12-17 12:40:00,3333.6228,3427.4193002235206,93.79649748914562
5259,LightGBM,2013-12-17 12:50:00,3423.7214,3459.31198493753,35.590549390654814
5259,LightGBM,2013-12-17 13:00:00,3479.524,3423.3169175812836,56.20700819996637
5259,LightGBM,2013-12-17 13:10:00,3253.9463,3449.908737464816,195.9624484023161
5259,LightGBM,2013-12-17 13:20:00,3157.2212,3328.5325732858855,171.31138187963552
5259,LightGBM,2013-12-17 13:30:00,3336.7227,3269.9639277290353,66.75872852096472
5259,LightGBM,2013-12-17 13:40:00,3390.9922,3242.301080213864,148.69110728613578
5259,LightGBM,2013-12-17 13:50:00,3404.9238,3188.4014784170936,216.52234970790641
5259,LightGBM,2013-12-17 14:00:00,3288.246,3151.2783839384447,136.96770981155532
5259,LightGBM,2013-12-17 14:10:00,3316.8,3207.7416261294816,109.05842269864343
5259,LightGBM,2013-12-17 14:20:00,3067.6777,3236.3440733563407,168.6663389813407
5259,LightGBM,2013-12-17 14:30:00,3504.3923,3199.952864910433,304.43946907394184
5259,LightGBM,2013-12-17 14:40:00,3546.8486,3199.378092272606,347.47054053989405
5259,LightGBM,2013-12-17 14:50:00,3474.9421,3246.904446318112,228.03769235376285
5259,LightGBM,2013-12-17 15:00:00,3474.5674,3206.92540622051,267.64197659199
5259,LightGBM,2013-12-17 15:10:00,3764.5303,3188.112636889984,576.4176365475159
5259,LightGBM,2013-12-17 15:20:00,3574.871,3210.973525514701,363.8975682352989
5259,LightGBM,2013-12-17 15:30:00,3395.2378,3261.5829898238694,133.6548031448806
5259,LightGBM,2013-12-17 15:40:00,3378.8625,3254.84260718225,124.01994164587495
5259,LightGBM,2013-12-17 15:50:00,3221.695,3301.751765226275,80.05669686689998
5259,LightGBM,2013-12-17 16:00:00,3290.868,3174.46684185472,116.40107806715514
5259,LightGBM,2013-12-17 16:10:00,3329.6926,3293.497794839195,36.194832113929806
5259,LightGBM,2013-12-17 16:20:00,3222.8572,3243.304885731811,20.447707997435828
5259,LightGBM,2013-12-17 16:30:00,3108.7495,3071.638223396545,37.11128832220493
5259,LightGBM,2013-12-17 16:40:00,2915.6514,2952.237350228221,36.5859830407212
5259,LightGBM,2013-12-17 16:50:00,2874.3008,2891.064573534012,16.763792284012197
5259,LightGBM,2013-12-17 17:00:00,2772.0293,2838.122044209258,66.09274733425809
5259,LightGBM,2013-12-17 17:10:00,2927.0054,2742.2630614677673,184.74230962598267
5259,LightGBM,2013-12-17 17:20:00,2516.4592,2712.2783302012467,195.81910168562172
5259,LightGBM,2013-12-17 17:30:00,2449.7654,2455.4812318481204,5.715850988745387
5259,LightGBM,2013-12-17 17:40:00,2397.9626,2376.5052280036957,21.45741848067928
5259,LightGBM,2013-12-17 17:50:00,2353.1257,2252.291189887416,100.83454253445916
5259,LightGBM,2013-12-17 18:00:00,2134.7422,2108.930152317905,25.81203518209486
5259,LightGBM,2013-12-17 18:10:00,2112.6353,2030.456656520919,82.17859738533093
5259,LightGBM,2013-12-17 18:20:00,1947.939,1992.2220491890291,44.28308434527912
5259,LightGBM,2013-12-17 18:30:00,1829.2688,1867.2494897255158,37.98069089739079
5259,LightGBM,2013-12-17 18:40:00,1907.5634,1788.0648911371732,119.49846335501434
5259,LightGBM,2013-12-17 18:50:00,1698.4341,1816.0689150819135,117.63483305066347
5259,LightGBM,2013-12-17 19:00:00,1633.7745,1675.5000227419573,41.72548660914481
5259,LightGBM,2013-12-17 19:10:00,1544.1361,1602.8136946378274,58.67758623938994
5259,LightGBM,2013-12-17 19:20:00,1431.9978,1487.7518421687791,55.75403943440415
5259,LightGBM,2013-12-17 19:30:00,1385.2742,1358.0606207770732,27.213549144801846
5259,LightGBM,2013-12-17 19:40:00,1527.5688,1325.545908530476,202.02293912577397
5259,LightGBM,2013-12-17 19:50:00,1436.9327,1375.4650217670512,61.46771749076129
5259,LightGBM,2013-12-17 20:00:00,1300.8354,1307.5901841819416,6.754734963191595
5259,LightGBM,2013-12-17 20:10:00,1182.804,1238.6385959984316,55.83464092030658
5259,LightGBM,2013-12-17 20:20:00,1130.9695,1174.5467170324255,43.57723461055048
5259,LightGBM,2013-12-17 20:30:00,1155.9694,1143.7771901014091,12.192170250153367
5259,LightGBM,2013-12-17 20:40:00,1180.3082,1076.7712475517685,103.53697998729399
5259,LightGBM,2013-12-17 20:50:00,978.64124,1101.2964969331995,122.65526158163698
5259,LightGBM,2013-12-17 21:00:00,988.7113,1021.9169481557191,33.20564444478157
5259,LightGBM,2013-12-17 21:10:00,1085.068,951.0901630328141,133.97783013124842
5259,LightGBM,2013-12-17 21:20:00,1033.1768,980.9276999516871,52.249057860812854
5259,LightGBM,2013-12-17 21:30:00,944.3496,1001.0109712624864,56.66136188748635
5259,LightGBM,2013-12-17 21:40:00,942.0194,883.4820168953113,58.53739228437621
5259,LightGBM,2013-12-17 21:50:00,967.81134,846.2276888960483,121.58365143598292
5259,LightGBM,2013-12-17 22:00:00,1005.829,912.1380278297559,93.69095166243164
5259,LightGBM,2013-12-17 22:10:00,907.1661,928.9283790133928,21.762302353236578
5259,LightGBM,2013-12-17 22:20:00,756.8509,842.7021578477603,85.85126673447905
5259,LightGBM,2013-12-17 22:30:00,723.37573,754.7100038929957,31.3342714711207
5259,LightGBM,2013-12-17 22:40:00,765.8622,702.5058078856574,63.35637473153008
5259,LightGBM,2013-12-17 22:50:00,716.98425,699.0369989214097,17.94725400827781
5259,LightGBM,2013-12-17 23:00:00,661.3385,714.4350209414335,53.09651996487105
5259,LightGBM,2013-12-17 23:10:00,632.7722,646.4406698643526,13.668453067477571
5259,LightGBM,2013-12-17 23:20:00,580.1305,613.7273932069025,33.59690004284005
5259,LightGBM,2013-12-17 23:30:00,556.2925,598.4120423676602,42.119561898910206
5259,LightGBM,2013-12-17 23:40:00,602.6932,561.982539282979,40.71063698655223
5259,LightGBM,2013-12-17 23:50:00,549.7471,572.7434238437382,22.996353531238242
5259,LightGBM,2013-12-18 00:00:00,485.12848,532.9937615867038,47.86528258279759
5259,LightGBM,2013-12-18 00:10:00,531.80493,499.5072858600741,32.29764578055091
5259,LightGBM,2013-12-18 00:20:00,523.7164,512.2059987302625,11.510370898643714
5259,LightGBM,2013-12-18 00:30:00,457.69116,525.2152525022815,67.52409039290649
5259,LightGBM,2013-12-18 00:40:00,520.6367,491.8499823008936,28.7867364491064
5259,LightGBM,2013-12-18 00:50:00,493.67102,499.15954679839916,5.4885262905866625
5259,LightGBM,2013-12-18 01:00:00,406.31778,489.2904897397793,82.97271019876365
5259,LightGBM,2013-12-18 01:10:00,450.1985,450.3991967022526,0.20071037412759551
5259,LightGBM,2013-12-18 01:20:00,436.3538,438.66613684624457,2.3123465630414444
5259,LightGBM,2013-12-18 01:30:00,380.04153,420.1624461425887,40.12091171876057
5259,LightGBM,2013-12-18 01:40:00,439.22012,413.48332721420906,25.73679607680657
5259,LightGBM,2013-12-18 01:50:00,414.0453,409.9048153421735,4.140472743764008
5259,LightGBM,2013-12-18 02:00:00,377.93063,397.25369367947616,19.323060134554282
5259,LightGBM,2013-12-18 02:10:00,423.2731,398.81452926745976,24.458572539180864
5259,LightGBM,2013-12-18 02:20:00,431.6105,405.3007695689053,26.309734581485316
5259,LightGBM,2013-12-18 02:30:00,381.568,392.58348801040455,11.015494846342051
5259,LightGBM,2013-12-18 02:40:00,433.5383,399.4739488701327,34.06435069041419
5259,LightGBM,2013-12-18 02:50:00,402.70056,413.4613479362111,10.760786412773598
5259,LightGBM,2013-12-18 03:00:00,372.7359,398.22829249868073,25.49239161977448
5259,LightGBM,2013-12-18 03:10:00,415.75565,391.5924740964871,24.163171655466044
5259,LightGBM,2013-12-18 03:20:00,406.3473,404.1727159865659,2.1745740524966095
5259,LightGBM,2013-12-18 03:30:00,371.60526,390.22840656745626,18.623151440503136
5259,LightGBM,2013-12-18 03:40:00,420.7162,390.4596760302105,30.256510493226983
5259,LightGBM,2013-12-18 03:50:00,392.8665,410.6834948885828,17.817009292879675
5259,LightGBM,2013-12-18 04:00:00,370.8636,384.35494817320534,13.491361747424094
5259,LightGBM,2013-12-18 04:10:00,419.274,386.51647358299397,32.75751323341228
5259,LightGBM,2013-12-18 04:20:00,399.49872,404.4892565608571,4.990538299138336
5259,LightGBM,2013-12-18 04:30:00,368.65482,391.83243403026376,23.17761835643563
5259,LightGBM,2013-12-18 04:40:00,424.9937,393.7259119398963,31.26780143900993
5259,LightGBM,2013-12-18 04:50:00,428.42404,410.6502410937878,17.77380065425905
5259,LightGBM,2013-12-18 05:00:00,389.51395,396.19394972394906,6.680003190745936
5259,LightGBM,2013-12-18 05:10:00,434.35486,417.47962502127035,16.87523337716715
5259,LightGBM,2013-12-18 05:20:00,427.3218,428.3503665056862,1.0285586443580996
5259,LightGBM,2013-12-18 05:30:00,394.56573,422.73574113487535,28.170006271594104
5259,LightGBM,2013-12-18 05:40:00,496.37943,434.09954200344225,62.27988304538587
5259,LightGBM,2013-12-18 05:50:00,473.81973,469.5218354023356,4.2978972636799995
5259,LightGBM,2013-12-18 06:00:00,486.70123,522.4848058939461,35.783572983789895
5259,LightGBM,2013-12-18 06:10:00,599.9542,543.7201350587444,56.234088574068096
5259,LightGBM,2013-12-18 06:20:00,525.7067,612.8298786948288,87.12315262061009
5259,LightGBM,2013-12-18 06:30:00,586.3792,580.3270499643995,6.052161461381729
5259,LightGBM,2013-12-18 06:40:00,784.08844,669.3119686718258,114.7764712695805
5259,LightGBM,2013-12-18 06:50:00,714.16705,808.9052437999572,94.738190577301
5259,LightGBM,2013-12-18 07:00:00,779.4249,797.9212872842219,18.496360526409376
5259,LightGBM,2013-12-18 07:10:00,981.38135,926.450891369287,54.93045628696302
5259,LightGBM,2013-12-18 07:20:00,1149.291,1093.081674340579,56.20934128442104
5259,LightGBM,2013-12-18 07:30:00,1348.9604,1246.2819493219836,102.67849989676643
5259,LightGBM,2013-12-18 07:40:00,1568.0529,1562.2784726733796,5.774383771932889
5259,LightGBM,2013-12-18 07:50:00,1768.0126,1783.897836294475,15.885263052287428
5259,LightGBM,2013-12-18 08:00:00,2023.6375,1992.475864462514,31.161586709361018
5259,LightGBM,2013-12-18 08:10:00,2272.9026,2196.5542133519903,76.34837453863474
5259,LightGBM,2013-12-18 08:20:00,2444.1504,2345.1977694165776,98.95262120842244
5259,LightGBM,2013-12-18 08:30:00,2440.6448,2513.510704010546,72.86592861992085
5259,LightGBM,2013-12-18 08:40:00,2575.3638,2637.7127052837545,62.34893575250453
5259,LightGBM,2013-12-18 08:50:00,2680.1409,2670.5971360230633,9.543733117561715
5259,LightGBM,2013-12-18 09:00:00,2715.6216,2741.6946560237266,26.073073992476566
5259,LightGBM,2013-12-18 09:10:00,2921.397,2852.6342827616086,68.76268989464143
5259,LightGBM,2013-12-18 09:20:00,2777.683,2940.9696852225543,163.2865797538043
5259,LightGBM,2013-12-18 09:30:00,2773.9453,2922.1270043114023,148.1816918114023
5259,LightGBM,2013-12-18 09:40:00,2989.9443,2976.12063546625,13.82370047125005
5259,LightGBM,2013-12-18 09:50:00,2846.941,3021.221288685547,174.28037071679682
5259,LightGBM,2013-12-18 10:00:00,2811.032,2924.819677898716,113.78769547684078
5259,LightGBM,2013-12-18 10:10:00,3279.4287,2996.1992978498674,283.22941308763257
5259,LightGBM,2013-12-18 10:20:00,3163.4817,3111.7622158942954,51.71947355882958
5259,LightGBM,2013-12-18 10:30:00,3015.9001,3037.8303079112766,21.930161426901577
5259,LightGBM,2013-12-18 10:40:00,3284.274,3254.424394431832,29.849531349418157
5259,LightGBM,2013-12-18 10:50:00,3299.7688,3148.9799834930964,150.78881533502863
5259,LightGBM,2013-12-18 11:00:00,2981.039,3270.098134447527,289.0590719475272
5259,LightGBM,2013-12-18 11:10:00,3214.531,3351.39941276672,136.86840690734516
5259,LightGBM,2013-12-18 11:20:00,3171.6145,3252.181361922597,80.5668599694718
5259,LightGBM,2013-12-18 11:30:00,3339.469,3294.277933201322,45.19106093930304
5259,LightGBM,2013-12-18 11:40:00,3410.105,3410.1225537299783,0.01757326122833547
5259,LightGBM,2013-12-18 11:50:00,3605.2385,3468.7595040364113,136.47902135421373
5259,LightGBM,2013-12-18 12:00:00,3426.0024,3605.902009990913,179.89956858466303
5259,LightGBM,2013-12-18 12:10:00,3416.0273,3606.848874736659,190.82153098665913
5259,LightGBM,2013-12-18 12:20:00,3399.9404,3396.8492853972666,3.0911442902333874
5259,LightGBM,2013-12-18 12:30:00,3227.8,3458.4269591961624,230.62691036803744
5259,LightGBM,2013-12-18 12:40:00,3338.311,3463.0520683932655,124.74103323701547
5259,LightGBM,2013-12-18 12:50:00,3355.9119,3441.007252895512,85.09538766113701
5259,LightGBM,2013-12-18 13:00:00,3166.157,3377.6677053169533,211.5107228950783
5259,LightGBM,2013-12-18 13:10:00,3369.87,3197.2958862039864,172.57423098351364
5259,LightGBM,2013-12-18 13:20:00,3113.4395,3283.8767417836907,170.4372886586907
5259,LightGBM,2013-12-18 13:30:00,3275.354,3136.5310716585623,138.82293224768773
5259,LightGBM,2013-12-18 13:40:00,3055.2415,3161.0625862717384,105.82113119361338
5259,LightGBM,2013-12-18 13:50:00,2968.3508,3160.6367764191327,192.28594634100773
5259,LightGBM,2013-12-18 14:00:00,2976.4424,3077.9516058950217,101.50922308252166
5259,LightGBM,2013-12-18 14:10:00,2978.9148,3063.983361430312,85.06856650843702
5259,LightGBM,2013-12-18 14:20:00,2843.1064,3087.3003883847937,244.19394307229368
5259,LightGBM,2013-12-18 14:30:00,2873.2673,3030.9462762328326,157.6789422484576
5259,LightGBM,2013-12-18 14:40:00,3034.583,3033.3009389557205,1.2820688567794605
5259,LightGBM,2013-12-18 14:50:00,2952.284,3050.8265341239367,98.54259857706165
5259,LightGBM,2013-12-18 15:00:00,2992.3247,3004.7137998888397,12.38909285758973
5259,LightGBM,2013-12-18 15:10:00,3030.435,3074.017216869735,43.582158275984966
5259,LightGBM,2013-12-18 15:20:00,2983.1575,2992.2264745585067,9.069003855381652
5259,LightGBM,2013-12-18 15:30:00,2836.9736,2985.7799333914218,148.80630057892176
5259,LightGBM,2013-12-18 15:40:00,2978.4668,2934.112545133743,44.35425174125703
5259,LightGBM,2013-12-18 15:50:00,3022.2866,2875.9840442211753,146.30257687257472
5259,LightGBM,2013-12-18 16:00:00,2991.5867,2824.19969335535,167.38697656652494
5259,LightGBM,2013-12-18 16:10:00,2801.4202,2898.9253338259045,97.50516781027954
5259,LightGBM,2013-12-18 16:20:00,2843.474,2854.48970628596,11.015585192209983
5259,LightGBM,2013-12-18 16:30:00,2739.062,2726.1082241302233,12.953787588526666
5259,LightGBM,2013-12-18 16:40:00,2828.4387,2705.503763879536,122.93495682358889
5259,LightGBM,2013-12-18 16:50:00,2639.4653,2642.2231652058895,2.7578331746394724
5259,LightGBM,2013-12-18 17:00:00,2697.9636,2673.533367454217,24.430255592657886
5259,LightGBM,2013-12-18 17:10:00,2509.2979,2460.054073894513,49.24377766798716
5259,LightGBM,2013-12-18 17:20:00,2373.9258,2400.4120645292132,26.48628327921324
5259,LightGBM,2013-12-18 17:30:00,2274.869,2303.996326879818,29.127430395442843
5259,LightGBM,2013-12-18 17:40:00,2122.9448,2166.2377349554795,43.29291073672948
5259,LightGBM,2013-12-18 17:50:00,2104.6555,2099.1062518498015,5.549265728323462
5259,LightGBM,2013-12-18 18:00:00,1954.2174,2000.7904650375751,46.57305781101263
5259,LightGBM,2013-12-18 18:10:00,1900.6039,1786.3592692336047,114.24461260233284
5259,LightGBM,2013-12-18 18:20:00,1830.8048,1805.6458769443466,25.158932625965917
5259,LightGBM,2013-12-18 18:30:00,1645.0162,1703.306507354295,58.290272002732536
5259,LightGBM,2013-12-18 18:40:00,1657.5729,1596.3745307614352,61.19834521512735
5259,LightGBM,2013-12-18 18:50:00,1499.5961,1580.2630819330648,80.66701259712727
5259,LightGBM,2013-12-18 19:00:00,1415.3048,1444.2192294760644,28.914419905751856
5259,LightGBM,2013-12-18 19:10:00,1484.5228,1374.9475311311269,109.57529601731062
5259,LightGBM,2013-12-18 19:20:00,1344.5981,1405.42764655856,60.8295020273099
5259,LightGBM,2013-12-18 19:30:00,1296.4247,1285.8725001702226,10.552182446964935
5259,LightGBM,2013-12-18 19:40:00,1235.2767,1273.1528263156151,37.87609291717763
5259,LightGBM,2013-12-18 19:50:00,1203.8081,1240.4974324459527,36.689326977202654
5259,LightGBM,2013-12-18 20:00:00,1060.9435,1156.9983055439945,96.05482409868205
5259,LightGBM,2013-12-18 20:10:00,1170.2113,1075.8179024320586,94.39340127887886
5259,LightGBM,2013-12-18 20:20:00,993.60364,1124.9588984015013,131.3552607061888
5259,LightGBM,2013-12-18 20:30:00,968.9387,1001.395585756742,32.45686505361698
5259,LightGBM,2013-12-18 20:40:00,1047.5736,989.7123036527382,57.86130474569927
5259,LightGBM,2013-12-18 20:50:00,1083.4265,1081.5292067287755,1.8973069430994656
5259,LightGBM,2013-12-18 21:00:00,916.08826,986.6691227765452,70.58086594060774
5259,LightGBM,2013-12-18 21:10:00,1061.1028,942.1334760519071,118.96930715121789
5259,LightGBM,2013-12-18 21:20:00,863.0286,1013.5262971263871,150.49767163810588
5259,LightGBM,2013-12-18 21:30:00,815.03754,855.1292573434926,40.091720722398804
5259,LightGBM,2013-12-18 21:40:00,800.18884,833.1612671661967,32.972424392759194
5259,LightGBM,2013-12-18 21:50:00,839.25116,826.7245677566721,12.526591911296691
5259,LightGBM,2013-12-18 22:00:00,747.42804,794.8717655339693,47.443725983188074
5259,LightGBM,2013-12-18 22:10:00,753.5594,743.716305537884,9.843081669147296
5259,LightGBM,2013-12-18 22:20:00,731.6779,719.0815447184568,12.596372762011924
5259,LightGBM,2013-12-18 22:30:00,626.659,721.0836543480041,94.42465776597282
5259,LightGBM,2013-12-18 22:40:00,700.36633,649.7773771804519,50.588955827360564
5259,LightGBM,2013-12-18 22:50:00,573.64374,674.8668323356874,101.22309454271863
5259,LightGBM,2013-12-18 23:00:00,551.97705,580.1665814987397,28.189530717489674
5259,LightGBM,2013-12-18 23:10:00,509.28116,567.852448349773,58.571289902507374
5259,LightGBM,2013-12-18 23:20:00,505.8967,529.73329220073,23.83659420268316
5259,LightGBM,2013-12-18 23:30:00,428.34677,510.4901369795305,82.14336573929614
5259,LightGBM,2013-12-18 23:40:00,451.18958,494.25781085526404,43.06823565995154
5259,LightGBM,2013-12-18 23:50:00,433.8096,462.3047497482387,28.495148918160567
5259,LightGBM,2013-12-19 00:00:00,382.50232,424.73476340905705,42.23244407311955
5259,LightGBM,2013-12-19 00:10:00,425.52,409.4541463792563,16.06584263441556
5259,LightGBM,2013-12-19 00:20:00,422.1245,425.8625284678562,3.7380167491061798
5259,LightGBM,2013-12-19 00:30:00,365.89777,405.31786530217266,39.42009918889141
5259,LightGBM,2013-12-19 00:40:00,390.98126,391.31950728823557,0.3382450812043203
5259,LightGBM,2013-12-19 00:50:00,364.15405,408.84322305584,44.689170321464985
5259,LightGBM,2013-12-19 01:00:00,346.4092,359.01336727977974,12.604157074701618
5259,LightGBM,2013-12-19 01:10:00,363.6704,371.313690310659,7.6432801544090125
5259,LightGBM,2013-12-19 01:20:00,336.38782,368.9346808279195,32.54686344510702
5259,LightGBM,2013-12-19 01:30:00,334.36816,333.84758013858516,0.5205839239148418
5259,LightGBM,2013-12-19 01:40:00,341.22464,342.65083341443767,1.4261935218595454
5259,LightGBM,2013-12-19 01:50:00,362.49945,345.98772933761114,16.511721345982608
5259,LightGBM,2013-12-19 02:00:00,318.2502,358.5971027218261,40.34688909877923
5259,LightGBM,2013-12-19 02:10:00,352.77243,336.97802029295934,15.794410126962532
5259,LightGBM,2013-12-19 02:20:00,335.25732,367.5835488335479,32.32622461479792
5259,LightGBM,2013-12-19 02:30:00,325.40125,322.7275304917614,2.6737146254261006
5259,LightGBM,2013-12-19 02:40:00,332.80957,344.3323298486257,11.522759536125704
5259,LightGBM,2013-12-19 02:50:00,322.70392,340.05060218818096,17.34668373114971
5259,LightGBM,2013-12-19 03:00:00,294.57678,320.87000823367646,26.293226007113958
5259,LightGBM,2013-12-19 03:10:00,348.22983,325.8828893882972,22.346938492562174
5259,LightGBM,2013-12-19 03:20:00,315.64874,347.63224212036033,31.98349944457908
5259,LightGBM,2013-12-19 03:30:00,298.32684,322.7010540387027,24.374210776983944
5259,LightGBM,2013-12-19 03:40:00,366.72327,330.453801864854,36.26946473670853
5259,LightGBM,2013-12-19 03:50:00,309.5078,353.02170003838836,43.51388753838836
5259,LightGBM,2013-12-19 04:00:00,294.11905,322.5462497820564,28.42720070979078
5259,LightGBM,2013-12-19 04:10:00,335.91272,331.3287116366142,4.584008089948327
5259,LightGBM,2013-12-19 04:20:00,328.00903,331.47370769814785,3.464674495022848
5259,LightGBM,2013-12-19 04:30:00,307.71188,332.6942901038256,24.982406558903733
5259,LightGBM,2013-12-19 04:40:00,398.04947,344.42634537851467,53.62312361562596
5259,LightGBM,2013-12-19 04:50:00,327.98383,388.2621011168229,60.27827543322917
5259,LightGBM,2013-12-19 05:00:00,329.04962,334.85987964737905,5.810258065347796
5259,LightGBM,2013-12-19 05:10:00,384.1742,372.3234155021381,11.850778833799382
5259,LightGBM,2013-12-19 05:20:00,277.47937,380.1681735160404,102.68880339885288
5259,LightGBM,2013-12-19 05:30:00,274.72568,304.943961769389,30.218284279154602
5259,LightGBM,2013-12-19 05:40:00,325.9572,330.72957121062944,4.7723568551606945
5259,LightGBM,2013-12-19 05:50:00,334.89874,320.88499510737114,14.01374756841011
5259,LightGBM,2013-12-19 06:00:00,386.31302,347.3852407722821,38.92777802654604
5259,LightGBM,2013-12-19 06:10:00,424.3793,404.3550575151459,20.02424546336971
5259,LightGBM,2013-12-19 06:20:00,477.29263,438.24072885455996,39.051904202080664
5259,LightGBM,2013-12-19 06:30:00,715.128,490.34332182846697,224.78466889418928
5259,LightGBM,2013-12-19 06:40:00,884.726,675.4142173888363,209.31179579475747
5259,LightGBM,2013-12-19 06:50:00,785.541,895.2770230698644,109.73600744486441
5259,LightGBM,2013-12-19 07:00:00,678.9755,957.8034798083795,278.82795490603576
5259,LightGBM,2013-12-19 07:10:00,819.5875,900.5180862705791,80.93056185651665
5259,LightGBM,2013-12-19 07:20:00,879.01575,1012.3128466592963,133.29709958898377
5259,LightGBM,2013-12-19 07:30:00,1063.2784,1099.1905175682373,35.91207518542478
5259,LightGBM,2013-12-19 07:40:00,1343.3224,1323.2245819757175,20.097805719595044
5259,LightGBM,2013-12-19 07:50:00,1527.7472,1624.961704616714,97.21451223390159
5259,LightGBM,2013-12-19 08:00:00,1859.0157,1795.183342505868,63.83240456444446
5259,LightGBM,2013-12-19 08:10:00,1937.3192,2158.9912560509993,221.67204218381175
5259,LightGBM,2013-12-19 08:20:00,2040.3126,2213.3501285546363,173.03750648432379
5259,LightGBM,2013-12-19 08:30:00,2293.7754,2223.7405444574442,70.03484616755577
5259,LightGBM,2013-12-19 08:40:00,2391.542,2355.30678770256,36.23520448493991
5259,LightGBM,2013-12-19 08:50:00,2310.9873,2503.9793425175985,192.99203783009852
5259,LightGBM,2013-12-19 09:00:00,2419.896,2549.81455676981,129.91856067606022
5259,LightGBM,2013-12-19 09:10:00,2641.6396,2593.8574852809006,47.78216315659938
5259,LightGBM,2013-12-19 09:20:00,2614.3936,2695.000485142022,80.60693045452217
5259,LightGBM,2013-12-19 09:30:00,2709.894,2694.0649668285632,15.829076140186771
5259,LightGBM,2013-12-19 09:40:00,2891.0876,2836.5638216587477,54.523824825627344
5259,LightGBM,2013-12-19 09:50:00,2683.944,2864.0578636760247,180.11377187914968
5259,LightGBM,2013-12-19 10:00:00,2721.842,2806.340258748943,84.49821773331814
5259,LightGBM,2013-12-19 10:10:00,2922.3674,2893.920204119132,28.447227521493005
5259,LightGBM,2013-12-19 10:20:00,2925.5017,2912.4511859548134,13.050523029561646
5259,LightGBM,2013-12-19 10:30:00,2795.0598,2902.1892004510782,107.12938599795325
5259,LightGBM,2013-12-19 10:40:00,2981.7654,2947.7502835257533,34.015097333621725
5259,LightGBM,2013-12-19 10:50:00,2826.9607,2997.262723791783,170.30203043240817
5259,LightGBM,2013-12-19 11:00:00,2799.4988,2897.208626658499,97.70984736162382
5259,LightGBM,2013-12-19 11:10:00,3123.9639,3014.2308535895445,109.7330135979555
5259,LightGBM,2013-12-19 11:20:00,3150.144,3031.767966539825,118.37607642892499
5259,LightGBM,2013-12-19 11:30:00,3046.8457,3139.646977394707,92.80127426970694
5259,LightGBM,2013-12-19 11:40:00,3468.6465,3230.990490598275,237.65599377672515
5259,LightGBM,2013-12-19 11:50:00,3090.9265,3426.87457310874,335.94805943686515
5259,LightGBM,2013-12-19 12:00:00,3197.6746,3323.017620199674,125.34305965279918
5259,LightGBM,2013-12-19 12:10:00,3417.0127,3259.0950492560105,157.9176460564895
5259,LightGBM,2013-12-19 12:20:00,2906.8586,3343.728030700338,436.86938812221297
5259,LightGBM,2013-12-19 12:30:00,3040.736,3118.7992382454213,78.0631542610463
5259,LightGBM,2013-12-19 12:40:00,3329.9263,3164.0073969957466,165.9188725355034
5259,LightGBM,2013-12-19 12:50:00,3320.116,3331.313746111533,11.197779314657964
5259,LightGBM,2013-12-19 13:00:00,3093.6794,3313.056134259158,219.37669089978317
5259,LightGBM,2013-12-19 13:10:00,3205.8435,3210.950862992313,5.107357132937977
5259,LightGBM,2013-12-19 13:20:00,2994.403,3213.6672619310884,219.26418575921343
5259,LightGBM,2013-12-19 13:30:00,2840.9158,3193.739816138912,352.8240446545369
5259,LightGBM,2013-12-19 13:40:00,2868.2764,2990.31256894317,122.03620175566994
5259,LightGBM,2013-12-19 13:50:00,2783.3262,2902.93046815745,119.60429628244992
5259,LightGBM,2013-12-19 14:00:00,2646.1895,2890.037510912964,243.84805778796408
5259,LightGBM,2013-12-19 14:10:00,2663.997,2823.405759167179,159.40868885467899
5259,LightGBM,2013-12-19 14:20:00,2644.556,2702.242703593013,57.686795389888175
5259,LightGBM,2013-12-19 14:30:00,2672.2568,2683.7607689767005,11.503933039200547
5259,LightGBM,2013-12-19 14:40:00,2697.133,2770.3124380521317,73.17938141150671
5259,LightGBM,2013-12-19 14:50:00,2690.9583,2848.5393151231906,157.5810631700656
5259,LightGBM,2013-12-19 15:00:00,2776.7083,2840.2989386203426,63.5906866672176
5259,LightGBM,2013-12-19 15:10:00,2705.3884,2869.271029227857,163.88260149348207
5259,LightGBM,2013-12-19 15:20:00,2695.6719,2829.1470374601804,133.4751624601804
5259,LightGBM,2013-12-19 15:30:00,2693.8853,2798.7206538167807,104.83539991053067
5259,LightGBM,2013-12-19 15:40:00,2853.3987,2791.290979636606,62.10770200401885
5259,LightGBM,2013-12-19 15:50:00,2749.0474,2839.6518836277464,90.60452034649643
5259,LightGBM,2013-12-19 16:00:00,3048.158,2794.771523937001,253.3864350473741
5259,LightGBM,2013-12-19 16:10:00,3068.6235,2909.1466965261757,159.47683863007433
5259,LightGBM,2013-12-19 16:20:00,3087.591,2947.2612374473206,140.32982700580442
5259,LightGBM,2013-12-19 16:30:00,3060.1067,2935.5251944641604,124.58149498896455
5259,LightGBM,2013-12-19 16:40:00,2897.219,2782.196954732109,115.02203940851587
5259,LightGBM,2013-12-19 16:50:00,2815.6306,2810.5450511463964,5.085564087978582
5259,LightGBM,2013-12-19 17:00:00,2529.0251,2699.8383112758625,170.81316479148745
5259,LightGBM,2013-12-19 17:10:00,2245.4712,2576.2462424914547,330.7750510852047
5259,LightGBM,2013-12-19 17:20:00,2233.3381,2340.56869976891,107.23056500328494
5259,LightGBM,2013-12-19 17:30:00,2286.0046,2347.9096441554084,61.90500548353339
5259,LightGBM,2013-12-19 17:40:00,2205.617,2152.0533911709967,53.56355218837825
5259,LightGBM,2013-12-19 17:50:00,1936.1973,2143.9447115709686,207.7474459459686
5259,LightGBM,2013-12-19 18:00:00,1866.63,1948.947226676295,82.31722179348253
5259,LightGBM,2013-12-19 18:10:00,1681.9674,1796.9520357069252,114.98462848036274
5259,LightGBM,2013-12-19 18:20:00,1652.0215,1667.3110180428134,15.28953366781343
5259,LightGBM,2013-12-19 18:30:00,1538.9087,1602.417601626228,63.508910219977906
5259,LightGBM,2013-12-19 18:40:00,1475.5173,1547.113816534609,71.59648255023399
5259,LightGBM,2013-12-19 18:50:00,1352.842,1426.7127607059983,73.87071969037333
5259,LightGBM,2013-12-19 19:00:00,1158.3792,1387.7989888819106,229.41983849128565
5259,LightGBM,2013-12-19 19:10:00,1261.2252,1210.321968440524,50.90325128603854
5259,LightGBM,2013-12-19 19:20:00,1102.8248,1212.4559618159649,109.63113271440238
5259,LightGBM,2013-12-19 19:30:00,1114.7931,1108.5806165274857,6.212474292826755
5259,LightGBM,2013-12-19 19:40:00,1173.9225,1132.1620120695218,41.76047328204072
5259,LightGBM,2013-12-19 19:50:00,1068.9015,1095.4985946849586,26.59710542714606
5259,LightGBM,2013-12-19 20:00:00,939.7296,1105.7677412482517,166.0381269904392
5259,LightGBM,2013-12-19 20:10:00,1005.5471,966.9485322386312,38.598586901993826
5259,LightGBM,2013-12-19 20:20:00,993.17346,985.0051726239378,8.168289290124676
5259,LightGBM,2013-12-19 20:30:00,919.0538,1024.755867644156,105.70209567149982
5259,LightGBM,2013-12-19 20:40:00,906.5617,943.489974681093,36.92826813812428
5259,LightGBM,2013-12-19 20:50:00,883.3218,914.8840818185329,31.562304474782877
5259,LightGBM,2013-12-19 21:00:00,956.2233,906.5166849853772,49.706642651341554
5259,LightGBM,2013-12-19 21:10:00,833.2599,895.2904106603905,62.030522965078035
5259,LightGBM,2013-12-19 21:20:00,928.9671,814.0524056442486,114.9146964065327
5259,LightGBM,2013-12-19 21:30:00,825.7767,890.6098456795384,64.8331733162571
5259,LightGBM,2013-12-19 21:40:00,843.0538,836.2277129617798,6.826059010876406
5259,LightGBM,2013-12-19 21:50:00,873.6689,807.747041894298,65.92184238304571
5259,LightGBM,2013-12-19 22:00:00,799.6935,814.2337423653661,14.540260920053584
5259,LightGBM,2013-12-19 22:10:00,756.8203,767.9741636750113,11.153851175011255
5259,LightGBM,2013-12-19 22:20:00,680.18646,755.1999761770654,75.01351377472167
5259,LightGBM,2013-12-19 22:30:00,654.80725,685.0221139576468,30.214862981084252
5259,LightGBM,2013-12-19 22:40:00,658.9543,648.023097052632,10.93118761533674
5259,LightGBM,2013-12-19 22:50:00,670.37195,622.8594350972396,47.51251314494789
5259,LightGBM,2013-12-19 23:00:00,609.7657,626.9719649716042,17.206278936447916
5259,LightGBM,2013-12-19 23:10:00,572.6031,608.9145101799918,36.311421801085544
5259,LightGBM,2013-12-19 23:20:00,546.6251,582.3017031689918,35.67658109867932
5259,LightGBM,2013-12-19 23:30:00,445.5345,547.8656302614406,102.33114539815938
5259,LightGBM,2013-12-19 23:40:00,416.4778,484.52808018478316,68.05026646408004
5259,LightGBM,2013-12-19 23:50:00,437.19077,461.2677089036162,24.076943522756835
5259,LightGBM,2013-12-20 00:00:00,388.09546,428.12379015807136,40.02833117369636
5259,LightGBM,2013-12-20 00:10:00,445.26297,409.66965871532574,35.59331125537739
5259,LightGBM,2013-12-20 00:20:00,432.44376,413.52218525702244,18.921570846493182
5259,LightGBM,2013-12-20 00:30:00,399.51376,413.2533014027444,13.739537975010023
5259,LightGBM,2013-12-20 00:40:00,385.19983,425.47459661193534,40.27476751037284
5259,LightGBM,2013-12-20 00:50:00,376.388,404.4209347672423,28.032934278961022
5259,LightGBM,2013-12-20 01:00:00,302.2584,384.4004191712887,82.14202683730434
5259,LightGBM,2013-12-20 01:10:00,334.0398,328.0073812697859,6.032413652089076
5259,LightGBM,2013-12-20 01:20:00,321.2563,336.85103092351636,15.594744302422612
5259,LightGBM,2013-12-20 01:30:00,274.66693,320.7703677962482,46.103436643904445
5259,LightGBM,2013-12-20 01:40:00,295.47778,299.4659053350049,3.9881221318798907
5259,LightGBM,2013-12-20 01:50:00,303.47922,304.1711309342,0.6919134049031186
5259,LightGBM,2013-12-20 02:00:00,269.95355,297.56712722527175,27.613574979177997
5259,LightGBM,2013-12-20 02:10:00,264.63657,285.97702726127574,21.34046109916636
5259,LightGBM,2013-12-20 02:20:00,304.62817,285.4143251272133,19.213848700911683
5259,LightGBM,2013-12-20 02:30:00,258.48502,297.90667747871277,39.42166160957214
5259,LightGBM,2013-12-20 02:40:00,254.43987,270.50591847804714,16.066053365742448
5259,LightGBM,2013-12-20 02:50:00,292.40668,268.9596256211915,23.447051624902258
5259,LightGBM,2013-12-20 03:00:00,244.99835,299.87239351461443,54.87404146383318
5259,LightGBM,2013-12-20 03:10:00,281.62976,255.73697233409175,25.892788408095754
5259,LightGBM,2013-12-20 03:20:00,310.6495,287.38995577978267,23.259549835451708
5259,LightGBM,2013-12-20 03:30:00,270.8539,308.09400723218414,37.240094878668515
5259,LightGBM,2013-12-20 03:40:00,288.6706,286.2570633220882,2.413529939630564
5259,LightGBM,2013-12-20 03:50:00,311.6656,309.3641086554403,2.3014797234659454
5259,LightGBM,2013-12-20 04:00:00,340.30853,317.2280092940003,23.080523420843463
5259,LightGBM,2013-12-20 04:10:00,257.40024,334.93017957449706,77.52994153738769
5259,LightGBM,2013-12-20 04:20:00,263.83505,285.81690515720715,21.98185266697277
5259,LightGBM,2013-12-20 04:30:00,236.5824,302.0388420684238,65.45644460748628
5259,LightGBM,2013-12-20 04:40:00,278.82315,255.1645531012134,23.65859753355224
5259,LightGBM,2013-12-20 04:50:00,284.65662,285.824932162725,1.1683159517875197
5259,LightGBM,2013-12-20 05:00:00,254.3376,284.88649075055065,30.548890042542837
5259,LightGBM,2013-12-20 05:10:00,276.81293,284.5889458333813,7.776018587287524
5259,LightGBM,2013-12-20 05:20:00,281.8144,289.95492639602674,8.140534306182985
5259,LightGBM,2013-12-20 05:30:00,239.26895,287.16298194741063,47.894030531395
5259,LightGBM,2013-12-20 05:40:00,286.4895,266.7775561833485,19.71194576977649
5259,LightGBM,2013-12-20 05:50:00,352.1236,291.2647023966214,60.858893794784876
5259,LightGBM,2013-12-20 06:00:00,332.02835,363.4065935719009,31.37824274182276
5259,LightGBM,2013-12-20 06:10:00,333.04712,345.5260145575935,12.478895416968498
5259,LightGBM,2013-12-20 06:20:00,385.95535,374.3057829698405,11.649569813362632
5259,LightGBM,2013-12-20 06:30:00,387.94476,427.98459495476976,40.03983177117601
5259,LightGBM,2013-12-20 06:40:00,561.61523,446.2958524534307,115.31938192156929
5259,LightGBM,2013-12-20 06:50:00,627.85767,548.7377502343288,79.11991578129619
5259,LightGBM,2013-12-20 07:00:00,701.8379,710.507462683215,8.669572058214953
5259,LightGBM,2013-12-20 07:10:00,829.521,842.34672812705,12.825732033300028
5259,LightGBM,2013-12-20 07:20:00,994.8754,995.0298146027187,0.15438735662496583
5259,LightGBM,2013-12-20 07:30:00,1025.4429,1149.5055937334887,124.0627226397387
5259,LightGBM,2013-12-20 07:40:00,1384.3286,1282.4386315205006,101.88998176074938
5259,LightGBM,2013-12-20 07:50:00,1571.4777,1701.86860057407,130.3909394412574
5259,LightGBM,2013-12-20 08:00:00,1814.9303,1773.6415977669872,41.28870008457534
5259,LightGBM,2013-12-20 08:10:00,2100.2092,2052.2454803422597,47.963748173365275
5259,LightGBM,2013-12-20 08:20:00,2204.1826,2198.1743748704794,6.008242317020631
5259,LightGBM,2013-12-20 08:30:00,2249.3416,2297.424903418831,48.083350684456036
5259,LightGBM,2013-12-20 08:40:00,2339.186,2386.691159683508,47.505124527257976
5259,LightGBM,2013-12-20 08:50:00,2431.0935,2469.648580945102,38.55507508572691
5259,LightGBM,2013-12-20 09:00:00,2359.0095,2484.978809353702,125.96928786932722
5259,LightGBM,2013-12-20 09:10:00,2436.4668,2536.1544350679264,99.68763819292644
5259,LightGBM,2013-12-20 09:20:00,2569.6575,2560.7304275847478,8.927043118377242
5259,LightGBM,2013-12-20 09:30:00,2629.2473,2628.7740468817274,0.47326757139762776
5259,LightGBM,2013-12-20 09:40:00,2746.3516,2718.7444163118034,27.607146188196566
5259,LightGBM,2013-12-20 09:50:00,2668.5208,2787.1826091733096,118.66185722018463
5259,LightGBM,2013-12-20 10:00:00,2748.2458,2766.5377511273637,18.291901517988663
5259,LightGBM,2013-12-20 10:10:00,2844.245,2799.911001020695,44.33411616680496
5259,LightGBM,2013-12-20 10:20:00,2771.4475,2891.033387308756,119.58587754313112
5259,LightGBM,2013-12-20 10:30:00,2981.772,2824.288646865496,157.48332579075395
5259,LightGBM,2013-12-20 10:40:00,3096.7253,2913.286984349677,183.4383574471981
5259,LightGBM,2013-12-20 10:50:00,2980.405,2954.808294542928,25.596734753947203
5259,LightGBM,2013-12-20 11:00:00,2922.0237,3063.463003496374,141.43932185574886
5259,LightGBM,2013-12-20 11:10:00,3167.6196,3104.114362871153,63.505266035097065
5259,LightGBM,2013-12-20 11:20:00,3094.6333,3043.166102528023,51.4671982532268
5259,LightGBM,2013-12-20 11:30:00,3288.548,3169.73680155618,118.81129414694487
5259,LightGBM,2013-12-20 11:40:00,3428.2273,3317.5954265294167,110.63186839245827
5259,LightGBM,2013-12-20 11:50:00,3247.311,3356.985186474463,109.67415131821281
5259,LightGBM,2013-12-20 12:00:00,3309.42,3453.99674845541,144.57682658040994
5259,LightGBM,2013-12-20 12:10:00,3445.0588,3486.8339463937896,41.775108503164574
5259,LightGBM,2013-12-20 12:20:00,3121.7588,3524.4655134950863,402.70672443258627
5259,LightGBM,2013-12-20 12:30:00,3351.352,3342.8221065501234,8.529944231126592
5259,LightGBM,2013-12-20 12:40:00,3261.4304,3398.004132984185,136.57371306231016
5259,LightGBM,2013-12-20 12:50:00,3091.6462,3402.4413042638457,310.7950640294707
5259,LightGBM,2013-12-20 13:00:00,3273.6484,3337.688098304277,64.03966080427699
5259,LightGBM,2013-12-20 13:10:00,3073.1973,3339.8183230502937,266.62105742529366
5259,LightGBM,2013-12-20 13:20:00,3069.32,3277.034508638077,207.7144402787021
5259,LightGBM,2013-12-20 13:30:00,2959.3398,3216.4758526863934,257.1360089363934
5259,LightGBM,2013-12-20 13:40:00,3132.4456,3139.614102677075,7.168546036450152
5259,LightGBM,2013-12-20 13:50:00,2841.3792,3123.3196188366674,281.94046844604236
5259,LightGBM,2013-12-20 14:00:00,2857.4458,3044.7328930262183,187.28709224496833
5259,LightGBM,2013-12-20 14:10:00,2897.9282,2951.5956404902945,53.6674178340445
5259,LightGBM,2013-12-20 14:20:00,2816.0342,2951.0043031469068,134.97012345940675
5259,LightGBM,2013-12-20 14:30:00,2770.7969,2952.2921327747354,181.49525777473536
5259,LightGBM,2013-12-20 14:40:00,3127.0876,2893.262537206932,233.82510927744306
5259,LightGBM,2013-12-20 14:50:00,2878.5342,2964.782572327245,86.2483926397449
5259,LightGBM,2013-12-20 15:00:00,3007.1934,2940.553530600507,66.6398287744928
5259,LightGBM,2013-12-20 15:10:00,2896.5752,3045.289161653921,148.71396634142093
5259,LightGBM,2013-12-20 15:20:00,2922.5242,2994.814412291984,72.2902423701089
5259,LightGBM,2013-12-20 15:30:00,2883.4846,2952.2375575566984,68.75293841607345
5259,LightGBM,2013-12-20 15:40:00,2909.8333,2925.5074177146103,15.674165761485256
5259,LightGBM,2013-12-20 15:50:00,2684.6575,2861.6477974046793,176.9903267015543
5259,LightGBM,2013-12-20 16:00:00,2849.299,2819.4843813429857,29.81469092263933
5259,LightGBM,2013-12-20 16:10:00,2931.25,2856.1655757668104,75.08442423318957
5259,LightGBM,2013-12-20 16:20:00,2573.3015,2836.5606769300352,263.25916325816024
5259,LightGBM,2013-12-20 16:30:00,2515.543,2718.0619637019504,202.5189949519504
5259,LightGBM,2013-12-20 16:40:00,2507.9436,2621.118667626153,113.17506411052818
5259,LightGBM,2013-12-20 16:50:00,2226.5347,2532.51217025047,305.9775022817198
5259,LightGBM,2013-12-20 17:00:00,2203.5464,2368.444660899719,164.8982741809691
5259,LightGBM,2013-12-20 17:10:00,2082.3489,2224.1966246012503,141.84774764812528
5259,LightGBM,2013-12-20 17:20:00,1719.538,2187.6370052118455,468.09904134465796
5259,LightGBM,2013-12-20 17:30:00,1901.25,1658.419332920402,242.83066707959802
5259,LightGBM,2013-12-20 17:40:00,1769.5541,1891.986196813076,122.43211966463855
5259,LightGBM,2013-12-20 17:50:00,1628.4906,1637.7008642198984,9.210263633960949
5259,LightGBM,2013-12-20 18:00:00,1499.522,1581.733732801514,82.21176014526395
5259,LightGBM,2013-12-20 18:10:00,1488.8445,1513.3332933894949,24.488810967619884
5259,LightGBM,2013-12-20 18:20:00,1333.2395,1439.9138120883354,106.67431013521036
5259,LightGBM,2013-12-20 18:30:00,1216.8798,1334.3314322410602,117.45167149887266
5259,LightGBM,2013-12-20 18:40:00,1138.0107,1226.5555026809732,88.54476049347318
5259,LightGBM,2013-12-20 18:50:00,1066.633,1171.463414924165,104.83035828353991
5259,LightGBM,2013-12-20 19:00:00,1032.1317,1064.1588847531762,32.02717088598865
5259,LightGBM,2013-12-20 19:10:00,1043.8258,1045.485821839047,1.6600161749845483
5259,LightGBM,2013-12-20 19:20:00,1009.7769,1029.476812125302,19.699895621395854
5259,LightGBM,2013-12-20 19:30:00,895.57245,1024.0241523308266,128.45170360035786
5259,LightGBM,2013-12-20 19:40:00,914.85645,965.1665084602182,50.31006314771821
5259,LightGBM,2013-12-20 19:50:00,885.6959,958.6698435761399,72.9739207245774
5259,LightGBM,2013-12-20 20:00:00,917.4472,983.2096203050537,65.76241571520995
5259,LightGBM,2013-12-20 20:10:00,873.73114,981.0503033774551,107.31916324073632
5259,LightGBM,2013-12-20 20:20:00,781.0958,903.517287838456,122.42146264314351
5259,LightGBM,2013-12-20 20:30:00,800.3653,837.2950011988956,36.9297057887394
5259,LightGBM,2013-12-20 20:40:00,801.4755,879.5198101928297,78.04428529048596
5259,LightGBM,2013-12-20 20:50:00,840.0716,884.4733128284358,44.40171859015459
5259,LightGBM,2013-12-20 21:00:00,769.9396,851.6676027597572,81.72802756444469
5259,LightGBM,2013-12-20 21:10:00,678.9203,807.4425804698834,128.5222923839459
5259,LightGBM,2013-12-20 21:20:00,827.21454,724.2854933765911,102.9290451976276
5259,LightGBM,2013-12-20 21:30:00,803.5616,796.3085369782698,7.253047494386465
5259,LightGBM,2013-12-20 21:40:00,721.77924,792.6226048228267,70.84336898298295
5259,LightGBM,2013-12-20 21:50:00,781.7198,742.1939312598529,39.52585633780336
5259,LightGBM,2013-12-20 22:00:00,704.71326,730.9758146790368,26.26255784309933
5259,LightGBM,2013-12-20 22:10:00,847.92944,718.08669336646,129.84274999291495
5259,LightGBM,2013-12-20 22:20:00,711.7118,742.8968726379237,31.185080645736207
5259,LightGBM,2013-12-20 22:30:00,733.27405,727.9725451685779,5.301502682984619
5259,LightGBM,2013-12-20 22:40:00,672.7558,712.7128486002634,39.95705026041969
5259,LightGBM,2013-12-20 22:50:00,650.9423,672.6173431229158,21.675021345572077
5259,LightGBM,2013-12-20 23:00:00,660.82275,655.9410700263022,4.881683879947786
5259,LightGBM,2013-12-20 23:10:00,704.2964,602.286936420578,102.00945029817206
5259,LightGBM,2013-12-20 23:20:00,598.08527,669.0438703889243,70.9586042756431
5259,LightGBM,2013-12-20 23:30:00,612.6435,587.4172800960216,25.226213556322136
5259,LightGBM,2013-12-20 23:40:00,574.4144,613.0051010612578,38.59067235032035
5259,LightGBM,2013-12-20 23:50:00,538.6332,570.1481168810868,31.51493817014932
5259,LightGBM,2013-12-21 00:00:00,506.62985,499.6767619322426,6.953090362679291
5259,LightGBM,2013-12-21 00:10:00,487.7432,471.51862067733765,16.224573902740474
5259,LightGBM,2013-12-21 00:20:00,479.391,472.6457185609211,6.745272650016375
5259,LightGBM,2013-12-21 00:30:00,435.40778,447.11305887741753,11.70528299851128
5259,LightGBM,2013-12-21 00:40:00,471.49017,432.6744692394983,38.81570410034544
5259,LightGBM,2013-12-21 00:50:00,396.91702,446.2354158517254,49.31839314664728
5259,LightGBM,2013-12-21 01:00:00,348.55618,402.96638672754585,54.41020386621773
5259,LightGBM,2013-12-21 01:10:00,479.2811,384.86167992577487,94.41941748633451
5259,LightGBM,2013-12-21 01:20:00,344.19623,433.862787069271,89.66655904192726
5259,LightGBM,2013-12-21 01:30:00,423.1674,346.15549544034485,77.01189347567077
5259,LightGBM,2013-12-21 01:40:00,399.72092,428.0719354451117,28.35101869706483
5259,LightGBM,2013-12-21 01:50:00,389.96762,380.38773918519126,9.57988166441811
5259,LightGBM,2013-12-21 02:00:00,368.22296,398.2671213247001,30.04415989891885
5259,LightGBM,2013-12-21 02:10:00,400.01047,375.8614147079721,24.1490528213248
5259,LightGBM,2013-12-21 02:20:00,342.7416,392.7109505211595,49.96934285514385
5259,LightGBM,2013-12-21 02:30:00,298.15744,345.1692264339591,47.01178624841225
5259,LightGBM,2013-12-21 02:40:00,299.0245,334.1110606999456,35.08655508471122
5259,LightGBM,2013-12-21 02:50:00,308.54465,318.4198529372207,9.875205720423821
5259,LightGBM,2013-12-21 03:00:00,347.90204,317.3853411507963,30.516697423422443
5259,LightGBM,2013-12-21 03:10:00,346.21344,349.53624958376963,3.3228096423633815
5259,LightGBM,2013-12-21 03:20:00,249.62515,343.318178834756,93.69302624686537
5259,LightGBM,2013-12-21 03:30:00,243.95177,279.67022219842374,35.71845523065031
5259,LightGBM,2013-12-21 03:40:00,255.19742,265.50027521980866,10.302857006918032
5259,LightGBM,2013-12-21 03:50:00,206.65225,254.15980938928092,47.5075571920153
5259,LightGBM,2013-12-21 04:00:00,213.54369,221.58683774848905,8.043151835403108
5259,LightGBM,2013-12-21 04:10:00,264.47836,232.92098640864236,31.55737662846701
5259,LightGBM,2013-12-21 04:20:00,190.69513,261.4901987815226,70.79506938699137
5259,LightGBM,2013-12-21 04:30:00,212.31595,217.75251545382815,5.436566967500028
5259,LightGBM,2013-12-21 04:40:00,240.70879,232.1566624764166,8.552123534325574
5259,LightGBM,2013-12-21 04:50:00,186.1605,232.64292060711418,46.48241340496574
5259,LightGBM,2013-12-21 05:00:00,223.51172,207.9070364394594,15.604682310540596
5259,LightGBM,2013-12-21 05:10:00,219.1896,234.60953431710323,15.4199286042126
5259,LightGBM,2013-12-21 05:20:00,205.64354,222.66175789638135,17.01821846767041
5259,LightGBM,2013-12-21 05:30:00,195.75175,226.24211999649776,30.490365235755576
5259,LightGBM,2013-12-21 05:40:00,246.69402,210.92912496505446,35.76489053787523
5259,LightGBM,2013-12-21 05:50:00,202.85002,244.09123071854123,41.24120935623654
5259,LightGBM,2013-12-21 06:00:00,217.66115,231.75168586203222,14.090537790743156
5259,LightGBM,2013-12-21 06:10:00,227.7935,242.603993995576,14.810491187958803
5259,LightGBM,2013-12-21 06:20:00,215.32538,243.34434134192514,28.018962923956394
5259,LightGBM,2013-12-21 06:30:00,221.06284,239.23505170511487,18.172216011755495
5259,LightGBM,2013-12-21 06:40:00,259.14685,252.2589825177046,6.887868068232905
5259,LightGBM,2013-12-21 06:50:00,272.075,269.0710701988601,3.003942008171123
5259,LightGBM,2013-12-21 07:00:00,285.7214,289.0562018756587,3.334796846361826
5259,LightGBM,2013-12-21 07:10:00,278.958,302.79593820376294,23.837930391262944
5259,LightGBM,2013-12-21 07:20:00,278.19638,303.8522296191188,25.65584900388444
5259,LightGBM,2013-12-21 07:30:00,231.95676,308.44977861824697,76.49302202645009
5259,LightGBM,2013-12-21 07:40:00,309.91586,268.6816142297587,41.234248807350696
5259,LightGBM,2013-12-21 07:50:00,275.5203,320.5052666397871,44.984972450334
5259,LightGBM,2013-12-21 08:00:00,274.7701,299.55153026828896,24.781419184304582
5259,LightGBM,2013-12-21 08:10:00,374.76315,303.92308397928207,70.8400690968898
5259,LightGBM,2013-12-21 08:20:00,319.24484,365.3845645855443,46.13972205624742
5259,LightGBM,2013-12-21 08:30:00,368.69528,327.836255574806,40.859026407615886
5259,LightGBM,2013-12-21 08:40:00,379.07684,398.5380330336051,19.461189771886325
5259,LightGBM,2013-12-21 08:50:00,361.63367,378.4434094904491,16.809742498261585
5259,LightGBM,2013-12-21 09:00:00,431.41107,383.394952455124,48.016119322219765
5259,LightGBM,2013-12-21 09:10:00,454.8043,438.5297086830571,16.27458208842728
5259,LightGBM,2013-12-21 09:20:00,413.9554,466.6282314865773,52.67281766821793
5259,LightGBM,2013-12-21 09:30:00,484.30368,463.66349455389127,20.640185866030606
5259,LightGBM,2013-12-21 09:40:00,528.7535,518.6091573955669,10.144321608339396
5259,LightGBM,2013-12-21 09:50:00,653.6567,525.2230403526094,128.4336368934844
5259,LightGBM,2013-12-21 10:00:00,439.9082,654.0984274696273,214.19022434462727
5259,LightGBM,2013-12-21 10:10:00,483.7058,570.3440438164533,86.63823326957834
5259,LightGBM,2013-12-21 10:20:00,482.59622,576.020062595227,93.42384067139892
5259,LightGBM,2013-12-21 10:30:00,496.27115,526.3633712457317,30.092222564091117
5259,LightGBM,2013-12-21 10:40:00,505.2123,564.5392778414143,59.32696705039871
5259,LightGBM,2013-12-21 10:50:00,596.3699,594.240517460778,2.129355586096949
5259,LightGBM,2013-12-21 11:00:00,616.4279,662.6172615001867,46.189344019717964
5259,LightGBM,2013-12-21 11:10:00,672.27057,696.4874108189658,24.216841971309577
5259,LightGBM,2013-12-21 11:20:00,606.2478,696.1518717978319,89.90406906345686
5259,LightGBM,2013-12-21 11:30:00,611.718,718.6322412111418,106.91422363301683
5259,LightGBM,2013-12-21 11:40:00,520.16656,694.278749030145,174.1121840887388
5259,LightGBM,2013-12-21 11:50:00,497.53125,636.4775029039308,138.94625290393083
5259,LightGBM,2013-12-21 12:00:00,499.46503,603.533322551121,104.0682956956523
5259,LightGBM,2013-12-21 12:10:00,581.15454,622.1175011057069,40.96296009008188
5259,LightGBM,2013-12-21 12:20:00,552.1506,682.4571711172213,130.30659738675251
5259,LightGBM,2013-12-21 12:30:00,646.7219,630.0437997303251,16.678124097799923
5259,LightGBM,2013-12-21 12:40:00,643.5367,707.8662294391246,64.32954731021835
5259,LightGBM,2013-12-21 12:50:00,555.04614,708.7772622812967,153.73111970317166
5259,LightGBM,2013-12-21 13:00:00,589.18256,654.5537183581055,65.37116220576172
5259,LightGBM,2013-12-21 13:10:00,602.50653,703.9912567317022,101.4847259699834
5259,LightGBM,2013-12-21 13:20:00,520.00256,703.6926020972235,183.69003862066097
5259,LightGBM,2013-12-21 13:30:00,454.6469,619.2989831071835,164.65207148608977
5259,LightGBM,2013-12-21 13:40:00,489.85046,563.9640038963279,74.11354002914038
5259,LightGBM,2013-12-21 13:50:00,527.1475,566.6700299060426,39.52250793338635
5259,LightGBM,2013-12-21 14:00:00,500.52725,573.2278947099664,72.70064251270082
5259,LightGBM,2013-12-21 14:10:00,549.468,581.5460174075964,32.07799982947142
5259,LightGBM,2013-12-21 14:20:00,474.72382,634.5546152604328,159.83079934246405
5259,LightGBM,2013-12-21 14:30:00,481.09317,573.675291397134,92.58212123111832
5259,LightGBM,2013-12-21 14:40:00,564.00806,573.9914234803217,9.983366839696714
5259,LightGBM,2013-12-21 14:50:00,470.29813,604.212615376493,133.91448915578985
5259,LightGBM,2013-12-21 15:00:00,507.5579,546.897958538017,39.340066692313826
5259,LightGBM,2013-12-21 15:10:00,481.74786,552.4418954380568,70.69403166852555
5259,LightGBM,2013-12-21 15:20:00,476.9445,583.5319766662592,106.58748814086857
5259,LightGBM,2013-12-21 15:30:00,472.4902,514.0553500924971,41.56514623507519
5259,LightGBM,2013-12-21 15:40:00,574.7181,541.199094270554,33.51898434272721
5259,LightGBM,2013-12-21 15:50:00,477.47223,597.4939315849251,120.02170258101887
5259,LightGBM,2013-12-21 16:00:00,509.322,538.858530750516,29.53653978371915
5259,LightGBM,2013-12-21 16:10:00,582.452,557.2886254253893,25.16340094179816
5259,LightGBM,2013-12-21 16:20:00,560.96,627.2980500449131,66.33802807225686
5259,LightGBM,2013-12-21 16:30:00,488.48517,584.2738128568271,95.78864439979588
5259,LightGBM,2013-12-21 16:40:00,541.77325,562.5757120074934,20.802457612962144
5259,LightGBM,2013-12-21 16:50:00,444.57492,576.6870297611333,132.11210910683644
5259,LightGBM,2013-12-21 17:00:00,530.27124,466.8535064623779,63.41773377199712
5259,LightGBM,2013-12-21 17:10:00,533.8649,568.2755160653306,34.410586866111885
5259,LightGBM,2013-12-21 17:20:00,513.35547,520.9512242990634,7.5957555490633695
5259,LightGBM,2013-12-21 17:30:00,471.74976,514.7668086427258,43.01705278335078
5259,LightGBM,2013-12-21 17:40:00,558.72833,528.9159031064053,29.812429413125983
5259,LightGBM,2013-12-21 17:50:00,478.33832,537.855799236526,59.51748136543222
5259,LightGBM,2013-12-21 18:00:00,481.84167,502.14933695431904,20.30766214963154
5259,LightGBM,2013-12-21 18:10:00,559.3179,507.4885919589433,51.82927913480671
5259,LightGBM,2013-12-21 18:20:00,554.10406,496.2454341268315,57.858630814574724
5259,LightGBM,2013-12-21 18:30:00,547.5673,554.5483066357657,6.980984858421948
5259,LightGBM,2013-12-21 18:40:00,554.0689,570.156749614663,16.08784092325675
5259,LightGBM,2013-12-21 18:50:00,477.06857,538.319946964474,61.25137396642708
5259,LightGBM,2013-12-21 19:00:00,460.978,530.9496562849124,69.97165945874053
5259,LightGBM,2013-12-21 19:10:00,512.95544,493.0381843545903,19.917259981347172
5259,LightGBM,2013-12-21 19:20:00,443.4748,482.41549421494904,38.940701734480285
5259,LightGBM,2013-12-21 19:30:00,471.70853,441.2493136658584,30.459212945469744
5259,LightGBM,2013-12-21 19:40:00,444.98468,511.1427243528568,66.15804417707557
5259,LightGBM,2013-12-21 19:50:00,426.44876,425.805837147345,0.6429238389831085
5259,LightGBM,2013-12-21 20:00:00,461.81088,430.81385668094003,30.99702588741934
5259,LightGBM,2013-12-21 20:10:00,464.07947,461.96912629919814,2.1103414742393625
5259,LightGBM,2013-12-21 20:20:00,454.74393,439.114640140666,15.629286861287142
5259,LightGBM,2013-12-21 20:30:00,432.80283,446.3334428559734,13.530616928238999
5259,LightGBM,2013-12-21 20:40:00,455.832,446.8416242041935,8.990376528228353
5259,LightGBM,2013-12-21 20:50:00,469.57806,459.53603568582037,10.042028279023384
5259,LightGBM,2013-12-21 21:00:00,430.80716,455.0360836198323,24.228924196004186
5259,LightGBM,2013-12-21 21:10:00,462.619,452.93768034518354,9.681307691925838
5259,LightGBM,2013-12-21 21:20:00,474.33508,462.14251731878227,12.192565689030232
5259,LightGBM,2013-12-21 21:30:00,472.1514,466.1925499958233,5.958847709254826
5259,LightGBM,2013-12-21 21:40:00,466.91733,486.03611072594845,19.118782845089072
5259,LightGBM,2013-12-21 21:50:00,535.29535,474.00705452662345,61.2882945944703
5259,LightGBM,2013-12-21 22:00:00,518.03986,499.8751956003856,18.16466035664564
5259,LightGBM,2013-12-21 22:10:00,441.86853,542.1193525895923,100.25082231615477
5259,LightGBM,2013-12-21 22:20:00,385.2778,477.6515344151681,92.37373290149623
5259,LightGBM,2013-12-21 22:30:00,364.363,458.8093011084905,94.44629451669363
5259,LightGBM,2013-12-21 22:40:00,409.0308,395.4716431604945,13.559149075833602
5259,LightGBM,2013-12-21 22:50:00,324.79208,400.84336673225414,76.05128299201976
5259,LightGBM,2013-12-21 23:00:00,464.2636,348.43964935327546,115.8239614865683
5259,LightGBM,2013-12-21 23:10:00,556.527,450.1838368402489,106.34314069881361
5259,LightGBM,2013-12-21 23:20:00,559.4772,486.37768930694375,73.09948354461875
5259,LightGBM,2013-12-21 23:30:00,679.31744,553.8875793789806,125.42986446867565
5259,LightGBM,2013-12-21 23:40:00,820.9844,646.3868231986773,174.59755180132265
5259,LightGBM,2013-12-21 23:50:00,884.41693,731.827244815579,152.58968633676477
5259,LightGBM,2013-12-22 00:00:00,1037.0502,877.5524433596868,159.49772753875072
5259,LightGBM,2013-12-22 00:10:00,994.9924,1018.3768786454211,23.38450803995238
5259,LightGBM,2013-12-22 00:20:00,1163.591,1051.3007066227694,112.29023576004306
5259,LightGBM,2013-12-22 00:30:00,957.0945,1197.4891766258652,240.39469420399018
5259,LightGBM,2013-12-22 00:40:00,955.5932,1023.9222284642237,68.32902778062999
5259,LightGBM,2013-12-22 00:50:00,995.63904,1015.7797671529856,20.14072906704814
5259,LightGBM,2013-12-22 01:00:00,985.5197,1083.7091334634845,98.18941910801573
5259,LightGBM,2013-12-22 01:10:00,1118.0166,1043.833945552395,74.18265601010489
5259,LightGBM,2013-12-22 01:20:00,1052.2269,1116.4316369229753,64.20470821203776
5259,LightGBM,2013-12-22 01:30:00,1061.6437,986.2420985024788,75.40157825533367
5259,LightGBM,2013-12-22 01:40:00,835.6274,966.7257185694586,131.0983381983649
5259,LightGBM,2013-12-22 01:50:00,1041.6499,781.1765616918316,260.4733406519184
5259,LightGBM,2013-12-22 02:00:00,999.2085,898.7154406567083,100.49305543704168
5259,LightGBM,2013-12-22 02:10:00,820.4098,952.5916192680096,132.1818292289471
5259,LightGBM,2013-12-22 02:20:00,755.2864,780.4090494978926,25.122672544767624
5259,LightGBM,2013-12-22 02:30:00,766.4913,632.4379231092254,134.05334886343087
5259,LightGBM,2013-12-22 02:40:00,650.0859,666.3635836525538,16.277707187710007
5259,LightGBM,2013-12-22 02:50:00,542.87256,563.7778122495229,20.905253655772867
5259,LightGBM,2013-12-22 03:00:00,566.58,498.70459005122956,67.87542703861419
5259,LightGBM,2013-12-22 03:10:00,569.7812,498.9557551199107,70.82543384493306
5259,LightGBM,2013-12-22 03:20:00,532.1656,502.2965207668711,29.869067612035167
5259,LightGBM,2013-12-22 03:30:00,370.3822,472.9137338592586,102.53153171082113
5259,LightGBM,2013-12-22 03:40:00,393.52292,386.87781124367876,6.645107457493111
5259,LightGBM,2013-12-22 03:50:00,431.68192,397.7934939948242,33.888421288378936
5259,LightGBM,2013-12-22 04:00:00,362.13434,376.0022417974427,13.867903418536457
5259,LightGBM,2013-12-22 04:10:00,220.06572,358.5350589666247,138.46933936213253
5259,LightGBM,2013-12-22 04:20:00,183.95947,262.9934719240191,79.0339992677691
5259,LightGBM,2013-12-22 04:30:00,186.99693,218.92771419208196,31.930781208683527
5259,LightGBM,2013-12-22 04:40:00,184.61205,179.96610116678616,4.645944121299777
5259,LightGBM,2013-12-22 04:50:00,196.37656,177.80647930492808,18.5700770915563
5259,LightGBM,2013-12-22 05:00:00,167.44131,172.3741492837889,4.932834586523285
5259,LightGBM,2013-12-22 05:10:00,171.16751,182.07194342318522,10.904432436857093
5259,LightGBM,2013-12-22 05:20:00,191.29349,165.78484339920323,25.5086441496249
5259,LightGBM,2013-12-22 05:30:00,161.44586,178.53119587685165,17.085334060445405
5259,LightGBM,2013-12-22 05:40:00,170.60727,176.4316947434276,5.824425456318238
5259,LightGBM,2013-12-22 05:50:00,174.6964,172.55584158059045,2.1405542934329844
5259,LightGBM,2013-12-22 06:00:00,181.15367,182.8508875146182,1.697216249969756
5259,LightGBM,2013-12-22 06:10:00,198.82335,182.5741977422648,16.249151256758637
5259,LightGBM,2013-12-22 06:20:00,179.38576,192.25585774578087,12.87010029949181
5259,LightGBM,2013-12-22 06:30:00,180.7942,198.55082210670486,17.756617394790794
5259,LightGBM,2013-12-22 06:40:00,190.4184,188.17143490943704,2.246961086656711
5259,LightGBM,2013-12-22 06:50:00,172.81429,191.45892265708625,18.644637378765935
5259,LightGBM,2013-12-22 07:00:00,196.85368,196.08730602697858,0.7663774447011065
5259,LightGBM,2013-12-22 07:10:00,315.68027,190.91097134871677,124.7692959852676
5259,LightGBM,2013-12-22 07:20:00,185.09996,289.04684442414356,103.94688409699512
5259,LightGBM,2013-12-22 07:30:00,205.30139,208.8526481467888,3.5512565452262947
5259,LightGBM,2013-12-22 07:40:00,277.99747,224.77138177848363,53.226085262531996
5259,LightGBM,2013-12-22 07:50:00,269.70776,261.3685231435549,8.33924052832009
5259,LightGBM,2013-12-22 08:00:00,229.31062,281.3709891696348,52.0603660006895
5259,LightGBM,2013-12-22 08:10:00,251.14209,258.91917607491195,7.777086231161945
5259,LightGBM,2013-12-22 08:20:00,241.251,270.0721929311217,28.821185851043595
5259,LightGBM,2013-12-22 08:30:00,260.74567,241.47806617525526,19.267600328650985
5259,LightGBM,2013-12-22 08:40:00,289.55267,265.04255493748394,24.510118402359808
5259,LightGBM,2013-12-22 08:50:00,317.6177,281.5270860934145,36.09062020541364
5259,LightGBM,2013-12-22 09:00:00,268.85623,310.04302254276854,41.186790853315415
5259,LightGBM,2013-12-22 09:10:00,294.92975,296.66754384205024,1.737795306893986
5259,LightGBM,2013-12-22 09:20:00,320.86197,313.2267825397962,7.635186454344421
5259,LightGBM,2013-12-22 09:30:00,332.9196,320.5043436811312,12.415242500509407
5259,LightGBM,2013-12-22 09:40:00,343.0651,348.3825667365008,5.317472742360167
5259,LightGBM,2013-12-22 09:50:00,319.6543,345.69973681562675,26.04543994062675
5259,LightGBM,2013-12-22 10:00:00,393.04242,347.39247861414066,45.64994081945309
5259,LightGBM,2013-12-22 10:10:00,390.87643,409.6644335215454,18.787999195373516
5259,LightGBM,2013-12-22 10:20:00,340.58954,380.50973600380865,39.920197429589905
5259,LightGBM,2013-12-22 10:30:00,336.16986,349.84053000310587,13.670669163262119
5259,LightGBM,2013-12-22 10:40:00,408.23965,357.9560193212034,50.2836352198122
5259,LightGBM,2013-12-22 10:50:00,390.3639,410.27958619460384,19.915694593041337
5259,LightGBM,2013-12-22 11:00:00,392.3363,407.2755618843046,14.93925817336708
5259,LightGBM,2013-12-22 11:10:00,410.13565,417.7433869763983,7.6077363416326875
5259,LightGBM,2013-12-22 11:20:00,415.60223,416.61275338868535,1.0105195019665985
5259,LightGBM,2013-12-22 11:30:00,443.78903,426.7071920578203,17.08183992460158
5259,LightGBM,2013-12-22 11:40:00,465.2193,432.0113778847318,33.207921431674436
5259,LightGBM,2013-12-22 11:50:00,453.282,465.4429452010755,12.16093226162235
5259,LightGBM,2013-12-22 12:00:00,546.5487,478.37555001005893,68.17315604462857
5259,LightGBM,2013-12-22 12:10:00,502.9173,502.02844168391556,0.8888556793656903
5259,LightGBM,2013-12-22 12:20:00,499.919,490.54953485510975,9.369471492546495
5259,LightGBM,2013-12-22 12:30:00,481.3729,510.10269401933976,28.72979973223039
5259,LightGBM,2013-12-22 12:40:00,523.12317,503.59406706272426,19.529101882588236
5259,LightGBM,2013-12-22 12:50:00,493.44873,510.690693684803,17.241963216053023
5259,LightGBM,2013-12-22 13:00:00,613.05676,505.2371126540622,107.81965004125033
5259,LightGBM,2013-12-22 13:10:00,622.08905,585.1074700688879,36.98158022408086
5259,LightGBM,2013-12-22 13:20:00,585.4621,570.9190946203823,14.543002547586411
5259,LightGBM,2013-12-22 13:30:00,575.93835,573.6729253782146,2.265429113972914
5259,LightGBM,2013-12-22 13:40:00,565.00854,608.6006026555127,43.592057733637716
5259,LightGBM,2013-12-22 13:50:00,508.62466,578.3905137647781,69.7658494581375
5259,LightGBM,2013-12-22 14:00:00,573.56366,539.7090449187791,33.854614749189636
5259,LightGBM,2013-12-22 14:10:00,540.985,592.9690654018824,51.9840800503199
5259,LightGBM,2013-12-22 14:20:00,499.356,554.9099579300442,55.55397038121612
5259,LightGBM,2013-12-22 14:30:00,538.56976,520.3511697651586,18.218593418435148
5259,LightGBM,2013-12-22 14:40:00,542.69696,559.3642364686609,16.66727601944217
5259,LightGBM,2013-12-22 14:50:00,526.4454,527.3260274885683,0.880653953412093
5259,LightGBM,2013-12-22 15:00:00,529.1866,547.1093165523997,17.92273207974347
5259,LightGBM,2013-12-22 15:10:00,572.53143,534.8745427751701,37.656890330298666
5259,LightGBM,2013-12-22 15:20:00,532.5491,561.4784820610176,28.929409795392644
5259,LightGBM,2013-12-22 15:30:00,580.4257,539.0409586813703,41.384761533473466
5259,LightGBM,2013-12-22 15:40:00,647.1941,596.0368524717311,51.157239325143905
5259,LightGBM,2013-12-22 15:50:00,558.8859,598.5357277176164,39.649802424647646
5259,LightGBM,2013-12-22 16:00:00,547.6403,558.0250594563405,10.38473963212175
5259,LightGBM,2013-12-22 16:10:00,564.81726,605.6636163280548,40.846355585867286
5259,LightGBM,2013-12-22 16:20:00,590.0939,615.1032716151345,25.00939954482203
5259,LightGBM,2013-12-22 16:30:00,563.39,592.4494312101066,29.05941656166908
5259,LightGBM,2013-12-22 16:40:00,624.62726,600.5342523829606,24.09300591782062
5259,LightGBM,2013-12-22 16:50:00,532.387,605.767953521182,73.38092959540074
5259,LightGBM,2013-12-22 17:00:00,516.37805,565.1975839732632,48.81953221545075
5259,LightGBM,2013-12-22 17:10:00,556.71545,579.4977648073535,22.78231070579102
5259,LightGBM,2013-12-22 17:20:00,513.04004,548.413321647611,35.37328258511104
5259,LightGBM,2013-12-22 17:30:00,496.24185,537.5416483319091,41.29979652526845
5259,LightGBM,2013-12-22 17:40:00,521.32025,527.3388877128486,6.018636248004896
5259,LightGBM,2013-12-22 17:50:00,449.22076,531.3893706349884,82.16860647483213
5259,LightGBM,2013-12-22 18:00:00,456.61038,491.198152808906,34.58777072882788
5259,LightGBM,2013-12-22 18:10:00,406.3913,479.89911700509373,73.50782061837498
5259,LightGBM,2013-12-22 18:20:00,376.73853,429.72244296798044,52.98391757735544
5259,LightGBM,2013-12-22 18:30:00,331.3848,379.4597900879778,48.07499394539968
5259,LightGBM,2013-12-22 18:40:00,360.7096,352.704290519315,8.005304207247491
5259,LightGBM,2013-12-22 18:50:00,288.14633,344.43315108952623,56.28681930241686
5259,LightGBM,2013-12-22 19:00:00,307.3615,296.82776683343496,10.533744397033786
5259,LightGBM,2013-12-22 19:10:00,340.1692,346.88683333607645,6.7176438829514495
5259,LightGBM,2013-12-22 19:20:00,283.19955,323.40940189975396,40.209847456394584
5259,LightGBM,2013-12-22 19:30:00,283.03537,267.10104880031037,15.934321072736509
5259,LightGBM,2013-12-22 19:40:00,243.07599,305.6477577687883,62.571768999257074
5259,LightGBM,2013-12-22 19:50:00,211.08592,255.151805072174,44.06588283096306
5259,LightGBM,2013-12-22 20:00:00,229.33755,237.0731838577861,7.735628926145466
5259,LightGBM,2013-12-22 20:10:00,252.6313,241.43729940125226,11.194002478630551
5259,LightGBM,2013-12-22 20:20:00,232.55634,240.56053128079955,8.004195831580802
5259,LightGBM,2013-12-22 20:30:00,243.38852,234.3161214263426,9.072397860766785
5259,LightGBM,2013-12-22 20:40:00,239.44942,231.50541304006344,7.944004074194368
5259,LightGBM,2013-12-22 20:50:00,226.13972,235.1121836615964,8.972458930151078
5259,LightGBM,2013-12-22 21:00:00,218.93285,227.6346040960744,8.701758026738474
5259,LightGBM,2013-12-22 21:10:00,234.47743,219.06356509747417,15.413867153502395
5259,LightGBM,2013-12-22 21:20:00,231.87494,219.40972784434692,12.465211120496832
5259,LightGBM,2013-12-22 21:30:00,213.88354,226.85703087044686,12.973485948571863
5259,LightGBM,2013-12-22 21:40:00,209.93727,208.74434265366264,1.1929284645014206
5259,LightGBM,2013-12-22 21:50:00,209.09283,209.78931944900336,0.6964849763471079
5259,LightGBM,2013-12-22 22:00:00,213.3054,208.07995090137305,5.225453761712885
5259,LightGBM,2013-12-22 22:10:00,238.21701,206.085020859181,32.13198963886589
5259,LightGBM,2013-12-22 22:20:00,188.37274,213.21625984191846,24.843518142699708
5259,LightGBM,2013-12-22 22:30:00,219.61612,188.86323814618774,30.752881238577885
5259,LightGBM,2013-12-22 22:40:00,247.00484,206.67926626147548,40.325570774657336
5259,LightGBM,2013-12-22 22:50:00,202.41368,228.40283394682146,25.989152916548022
5259,LightGBM,2013-12-22 23:00:00,254.67386,208.84216169794013,45.831696944638
5259,LightGBM,2013-12-22 23:10:00,260.00098,242.705889736466,17.29508682603401
5259,LightGBM,2013-12-22 23:20:00,190.74252,242.45457789052398,51.712054697164604
5259,LightGBM,2013-12-22 23:30:00,237.62634,204.39176631881355,33.23457645462395
5259,LightGBM,2013-12-22 23:40:00,207.7769,234.97298119498433,27.19607994986714
5259,LightGBM,2013-12-22 23:50:00,191.04552,209.23885720633595,18.193340238562513
5259,LSTM,2013-12-16 00:00:00,222.30826,162.95309448242188,59.35516357421875
5259,LSTM,2013-12-16 00:10:00,211.72435,166.98255920410156,44.741790771484375
5259,LSTM,2013-12-16 00:20:00,228.3671,166.73974609375,61.627349853515625
5259,LSTM,2013-12-16 00:30:00,209.08351,168.1136932373047,40.969818115234375
5259,LSTM,2013-12-16 00:40:00,192.91374,166.17300415039062,26.740737915039062
5259,LSTM,2013-12-16 00:50:00,192.76501,158.91456604003906,33.85044860839844
5259,LSTM,2013-12-16 01:00:00,206.97308,149.98947143554688,56.983612060546875
5259,LSTM,2013-12-16 01:10:00,234.10466,145.5935516357422,88.5111083984375
5259,LSTM,2013-12-16 01:20:00,206.42862,151.7935028076172,54.63511657714844
5259,LSTM,2013-12-16 01:30:00,206.32529,157.0703887939453,49.25489807128906
5259,LSTM,2013-12-16 01:40:00,195.2828,160.367919921875,34.914886474609375
5259,LSTM,2013-12-16 01:50:00,187.51593,159.10995483398438,28.405975341796875
5259,LSTM,2013-12-16 02:00:00,169.92992,153.4840087890625,16.445907592773438
5259,LSTM,2013-12-16 02:10:00,193.78354,142.28524780273438,51.498291015625
5259,LSTM,2013-12-16 02:20:00,169.874,135.70689392089844,34.16709899902344
5259,LSTM,2013-12-16 02:30:00,167.73363,128.1223602294922,39.61126708984375
5259,LSTM,2013-12-16 02:40:00,196.84103,120.87227630615234,75.96875762939453
5259,LSTM,2013-12-16 02:50:00,163.31662,122.23332977294922,41.083290100097656
5259,LSTM,2013-12-16 03:00:00,164.88988,121.02079010009766,43.86908721923828
5259,LSTM,2013-12-16 03:10:00,213.83914,118.5079574584961,95.33118438720703
5259,LSTM,2013-12-16 03:20:00,168.66273,127.32318878173828,41.33954620361328
5259,LSTM,2013-12-16 03:30:00,166.91852,131.19369506835938,35.724822998046875
5259,LSTM,2013-12-16 03:40:00,187.45837,130.3813934326172,57.07698059082031
5259,LSTM,2013-12-16 03:50:00,171.63751,131.6983184814453,39.93919372558594
5259,LSTM,2013-12-16 04:00:00,169.25964,130.68064880371094,38.57899475097656
5259,LSTM,2013-12-16 04:10:00,178.00412,127.85663604736328,50.147483825683594
5259,LSTM,2013-12-16 04:20:00,168.92126,126.62423706054688,42.297027587890625
5259,LSTM,2013-12-16 04:30:00,171.16241,124.65090942382812,46.511505126953125
5259,LSTM,2013-12-16 04:40:00,205.22343,123.12090301513672,82.10253143310547
5259,LSTM,2013-12-16 04:50:00,189.87572,130.29293823242188,59.58277893066406
5259,LSTM,2013-12-16 05:00:00,199.52766,138.0753173828125,61.45234680175781
5259,LSTM,2013-12-16 05:10:00,182.89713,146.71231079101562,36.184814453125
5259,LSTM,2013-12-16 05:20:00,229.88231,150.13812255859375,79.74418640136719
5259,LSTM,2013-12-16 05:30:00,194.64496,160.64483642578125,34.0001220703125
5259,LSTM,2013-12-16 05:40:00,224.58917,165.48936462402344,59.09980773925781
5259,LSTM,2013-12-16 05:50:00,237.17326,172.65330505371094,64.51995849609375
5259,LSTM,2013-12-16 06:00:00,303.32068,183.0382843017578,120.28239440917969
5259,LSTM,2013-12-16 06:10:00,308.52094,209.25941467285156,99.26152038574219
5259,LSTM,2013-12-16 06:20:00,344.40997,241.7173614501953,102.69261169433594
5259,LSTM,2013-12-16 06:30:00,428.8805,279.82708740234375,149.05340576171875
5259,LSTM,2013-12-16 06:40:00,472.67004,334.12939453125,138.5406494140625
5259,LSTM,2013-12-16 06:50:00,609.2558,398.6304931640625,210.62530517578125
5259,LSTM,2013-12-16 07:00:00,728.3173,490.1192626953125,238.19805908203125
5259,LSTM,2013-12-16 07:10:00,860.0231,610.4730834960938,249.54998779296875
5259,LSTM,2013-12-16 07:20:00,1125.8514,758.2499389648438,367.60150146484375
5259,LSTM,2013-12-16 07:30:00,1168.1613,962.12158203125,206.0396728515625
5259,LSTM,2013-12-16 07:40:00,1387.155,1170.40869140625,216.746337890625
5259,LSTM,2013-12-16 07:50:00,1756.5063,1391.157958984375,365.348388671875
5259,LSTM,2013-12-16 08:00:00,2052.4333,1665.3489990234375,387.0843505859375
5259,LSTM,2013-12-16 08:10:00,2183.5962,1980.23046875,203.36572265625
5259,LSTM,2013-12-16 08:20:00,2043.3542,2261.007080078125,217.65283203125
5259,LSTM,2013-12-16 08:30:00,2211.981,2392.11083984375,180.1298828125
5259,LSTM,2013-12-16 08:40:00,2340.4595,2438.173828125,97.71435546875
5259,LSTM,2013-12-16 08:50:00,2499.4402,2455.912353515625,43.52783203125
5259,LSTM,2013-12-16 09:00:00,2422.35,2493.54736328125,71.197265625
5259,LSTM,2013-12-16 09:10:00,2569.7798,2505.938232421875,63.841552734375
5259,LSTM,2013-12-16 09:20:00,2579.7612,2535.473876953125,44.287353515625
5259,LSTM,2013-12-16 09:30:00,2654.0537,2565.331787109375,88.721923828125
5259,LSTM,2013-12-16 09:40:00,2848.7236,2604.54248046875,244.18115234375
5259,LSTM,2013-12-16 09:50:00,2786.2073,2690.50390625,95.703369140625
5259,LSTM,2013-12-16 10:00:00,2861.6458,2760.760009765625,100.8857421875
5259,LSTM,2013-12-16 10:10:00,2811.4268,2822.260498046875,10.833740234375
5259,LSTM,2013-12-16 10:20:00,2873.9026,2847.1181640625,26.784423828125
5259,LSTM,2013-12-16 10:30:00,2930.763,2861.34716796875,69.415771484375
5259,LSTM,2013-12-16 10:40:00,3040.112,2881.40087890625,158.711181640625
5259,LSTM,2013-12-16 10:50:00,3118.5771,2929.510498046875,189.066650390625
5259,LSTM,2013-12-16 11:00:00,2854.6624,3001.63671875,146.974365234375
5259,LSTM,2013-12-16 11:10:00,2981.6665,2992.74169921875,11.0751953125
5259,LSTM,2013-12-16 11:20:00,3125.8438,2975.455078125,150.388671875
5259,LSTM,2013-12-16 11:30:00,3391.409,2998.95263671875,392.456298828125
5259,LSTM,2013-12-16 11:40:00,3522.35,3113.420166015625,408.929931640625
5259,LSTM,2013-12-16 11:50:00,3438.2263,3282.960693359375,155.265625
5259,LSTM,2013-12-16 12:00:00,3530.8872,3410.518798828125,120.368408203125
5259,LSTM,2013-12-16 12:10:00,3249.5356,3503.750244140625,254.214599609375
5259,LSTM,2013-12-16 12:20:00,3270.1116,3473.1044921875,202.992919921875
5259,LSTM,2013-12-16 12:30:00,3355.1326,3388.5888671875,33.456298828125
5259,LSTM,2013-12-16 12:40:00,3163.86,3322.09912109375,158.239013671875
5259,LSTM,2013-12-16 12:50:00,3426.3613,3230.201904296875,196.159423828125
5259,LSTM,2013-12-16 13:00:00,3390.733,3222.72509765625,168.0078125
5259,LSTM,2013-12-16 13:10:00,3217.6746,3253.985595703125,36.31103515625
5259,LSTM,2013-12-16 13:20:00,3293.2998,3248.86083984375,44.43896484375
5259,LSTM,2013-12-16 13:30:00,3250.9749,3245.914794921875,5.06005859375
5259,LSTM,2013-12-16 13:40:00,2988.6753,3233.610107421875,244.934814453125
5259,LSTM,2013-12-16 13:50:00,2891.0247,3146.350341796875,255.32568359375
5259,LSTM,2013-12-16 14:00:00,2885.945,3014.29248046875,128.347412109375
5259,LSTM,2013-12-16 14:10:00,3058.1343,2892.572265625,165.56201171875
5259,LSTM,2013-12-16 14:20:00,2785.3396,2858.692138671875,73.3525390625
5259,LSTM,2013-12-16 14:30:00,3014.1555,2807.438720703125,206.716796875
5259,LSTM,2013-12-16 14:40:00,2961.3494,2823.953125,137.396240234375
5259,LSTM,2013-12-16 14:50:00,2770.2827,2859.979248046875,89.696533203125
5259,LSTM,2013-12-16 15:00:00,2893.5417,2843.76806640625,49.773681640625
5259,LSTM,2013-12-16 15:10:00,3021.9102,2837.038330078125,184.871826171875
5259,LSTM,2013-12-16 15:20:00,3028.2185,2874.383544921875,153.8349609375
5259,LSTM,2013-12-16 15:30:00,3020.55,2928.62744140625,91.922607421875
5259,LSTM,2013-12-16 15:40:00,2886.4558,2975.064453125,88.608642578125
5259,LSTM,2013-12-16 15:50:00,2971.2048,2966.55419921875,4.650634765625
5259,LSTM,2013-12-16 16:00:00,2918.5884,2953.182861328125,34.594482421875
5259,LSTM,2013-12-16 16:10:00,2771.499,2926.5263671875,155.02734375
5259,LSTM,2013-12-16 16:20:00,2934.1196,2858.60791015625,75.51171875
5259,LSTM,2013-12-16 16:30:00,2954.7515,2831.301513671875,123.449951171875
5259,LSTM,2013-12-16 16:40:00,2941.6682,2840.49951171875,101.168701171875
5259,LSTM,2013-12-16 16:50:00,2747.211,2863.91162109375,116.70068359375
5259,LSTM,2013-12-16 17:00:00,2658.7869,2834.16748046875,175.380615234375
5259,LSTM,2013-12-16 17:10:00,2650.0586,2757.60400390625,107.54541015625
5259,LSTM,2013-12-16 17:20:00,2317.7249,2673.41259765625,355.687744140625
5259,LSTM,2013-12-16 17:30:00,2560.4683,2515.827880859375,44.640380859375
5259,LSTM,2013-12-16 17:40:00,2174.4463,2425.945556640625,251.499267578125
5259,LSTM,2013-12-16 17:50:00,2060.105,2292.6650390625,232.56005859375
5259,LSTM,2013-12-16 18:00:00,2025.3452,2137.50341796875,112.158203125
5259,LSTM,2013-12-16 18:10:00,1840.871,2000.98388671875,160.1129150390625
5259,LSTM,2013-12-16 18:20:00,1864.1748,1860.998046875,3.1767578125
5259,LSTM,2013-12-16 18:30:00,1815.9197,1761.630859375,54.288818359375
5259,LSTM,2013-12-16 18:40:00,1556.177,1699.3450927734375,143.1680908203125
5259,LSTM,2013-12-16 18:50:00,1483.828,1604.951171875,121.1231689453125
5259,LSTM,2013-12-16 19:00:00,1350.4186,1495.73828125,145.3197021484375
5259,LSTM,2013-12-16 19:10:00,1286.6215,1370.3790283203125,83.757568359375
5259,LSTM,2013-12-16 19:20:00,1215.8221,1250.6107177734375,34.78857421875
5259,LSTM,2013-12-16 19:30:00,1162.7462,1146.1561279296875,16.590087890625
5259,LSTM,2013-12-16 19:40:00,1167.4231,1063.5009765625,103.922119140625
5259,LSTM,2013-12-16 19:50:00,962.30145,1016.467041015625,54.16558837890625
5259,LSTM,2013-12-16 20:00:00,951.8955,949.9458618164062,1.94964599609375
5259,LSTM,2013-12-16 20:10:00,927.24634,884.8101806640625,42.4361572265625
5259,LSTM,2013-12-16 20:20:00,875.9511,831.2875366210938,44.66357421875
5259,LSTM,2013-12-16 20:30:00,853.06757,786.1746215820312,66.8929443359375
5259,LSTM,2013-12-16 20:40:00,817.6553,752.4558715820312,65.19940185546875
5259,LSTM,2013-12-16 20:50:00,764.6574,726.0664672851562,38.5909423828125
5259,LSTM,2013-12-16 21:00:00,819.15564,698.04052734375,121.1151123046875
5259,LSTM,2013-12-16 21:10:00,746.07074,690.7398681640625,55.33087158203125
5259,LSTM,2013-12-16 21:20:00,672.6378,681.2276611328125,8.58984375
5259,LSTM,2013-12-16 21:30:00,686.475,654.4257202148438,32.04925537109375
5259,LSTM,2013-12-16 21:40:00,691.5769,627.2005615234375,64.3763427734375
5259,LSTM,2013-12-16 21:50:00,721.83545,608.8607177734375,112.9747314453125
5259,LSTM,2013-12-16 22:00:00,670.438,609.4888305664062,60.94915771484375
5259,LSTM,2013-12-16 22:10:00,651.57837,610.0012817382812,41.57708740234375
5259,LSTM,2013-12-16 22:20:00,609.9294,605.7599487304688,4.16943359375
5259,LSTM,2013-12-16 22:30:00,588.9925,589.3634033203125,0.37091064453125
5259,LSTM,2013-12-16 22:40:00,525.4099,564.2485961914062,38.83868408203125
5259,LSTM,2013-12-16 22:50:00,516.77344,524.036865234375,7.263427734375
5259,LSTM,2013-12-16 23:00:00,467.06073,481.7354431152344,14.674713134765625
5259,LSTM,2013-12-16 23:10:00,495.03104,436.041015625,58.990020751953125
5259,LSTM,2013-12-16 23:20:00,440.19058,405.88348388671875,34.307098388671875
5259,LSTM,2013-12-16 23:30:00,458.8445,379.4334411621094,79.41107177734375
5259,LSTM,2013-12-16 23:40:00,489.79425,365.86944580078125,123.9248046875
5259,LSTM,2013-12-16 23:50:00,408.49872,371.6947937011719,36.803924560546875
5259,LSTM,2013-12-17 00:00:00,388.28894,369.06304931640625,19.22589111328125
5259,LSTM,2013-12-17 00:10:00,415.64603,356.4765930175781,59.16943359375
5259,LSTM,2013-12-17 00:20:00,387.5084,347.6678466796875,39.840545654296875
5259,LSTM,2013-12-17 00:30:00,314.92847,337.4427185058594,22.514251708984375
5259,LSTM,2013-12-17 00:40:00,360.4596,311.35516357421875,49.10443115234375
5259,LSTM,2013-12-17 00:50:00,302.23495,292.2332763671875,10.001678466796875
5259,LSTM,2013-12-17 01:00:00,288.7284,268.556640625,20.1717529296875
5259,LSTM,2013-12-17 01:10:00,350.71536,244.03724670410156,106.67811584472656
5259,LSTM,2013-12-17 01:20:00,315.43918,239.69334411621094,75.74583435058594
5259,LSTM,2013-12-17 01:30:00,325.187,241.36500549316406,83.82200622558594
5259,LSTM,2013-12-17 01:40:00,376.63162,248.75660705566406,127.87501525878906
5259,LSTM,2013-12-17 01:50:00,344.88116,270.9017333984375,73.97943115234375
5259,LSTM,2013-12-17 02:00:00,306.31808,290.6044921875,15.713592529296875
5259,LSTM,2013-12-17 02:10:00,379.13046,295.1541748046875,83.97628784179688
5259,LSTM,2013-12-17 02:20:00,325.17874,306.96807861328125,18.210662841796875
5259,LSTM,2013-12-17 02:30:00,319.2871,308.8551025390625,10.4320068359375
5259,LSTM,2013-12-17 02:40:00,333.00015,302.67791748046875,30.322235107421875
5259,LSTM,2013-12-17 02:50:00,284.91956,296.357177734375,11.4376220703125
5259,LSTM,2013-12-17 03:00:00,282.09207,280.0596618652344,2.03240966796875
5259,LSTM,2013-12-17 03:10:00,316.85693,260.13128662109375,56.72564697265625
5259,LSTM,2013-12-17 03:20:00,279.53867,250.7683563232422,28.770309448242188
5259,LSTM,2013-12-17 03:30:00,316.08957,241.4471435546875,74.64242553710938
5259,LSTM,2013-12-17 03:40:00,313.36972,242.64002990722656,70.72969055175781
5259,LSTM,2013-12-17 03:50:00,296.68118,249.73316955566406,46.94801330566406
5259,LSTM,2013-12-17 04:00:00,290.39072,254.8972625732422,35.49345397949219
5259,LSTM,2013-12-17 04:10:00,339.114,256.02978515625,83.084228515625
5259,LSTM,2013-12-17 04:20:00,308.09247,266.2500305175781,41.842437744140625
5259,LSTM,2013-12-17 04:30:00,294.46112,273.1219482421875,21.33917236328125
5259,LSTM,2013-12-17 04:40:00,315.0319,272.99139404296875,42.040496826171875
5259,LSTM,2013-12-17 04:50:00,331.99133,273.4493713378906,58.541961669921875
5259,LSTM,2013-12-17 05:00:00,317.041,278.6771545410156,38.36383056640625
5259,LSTM,2013-12-17 05:10:00,330.7334,282.459716796875,48.273681640625
5259,LSTM,2013-12-17 05:20:00,338.5261,287.73565673828125,50.790435791015625
5259,LSTM,2013-12-17 05:30:00,311.98495,294.8120422363281,17.17291259765625
5259,LSTM,2013-12-17 05:40:00,377.2446,295.11285400390625,82.13174438476562
5259,LSTM,2013-12-17 05:50:00,364.60797,306.7417907714844,57.866180419921875
5259,LSTM,2013-12-17 06:00:00,463.99982,320.5201416015625,143.47967529296875
5259,LSTM,2013-12-17 06:10:00,515.5596,356.9321594238281,158.62741088867188
5259,LSTM,2013-12-17 06:20:00,516.2354,413.33111572265625,102.904296875
5259,LSTM,2013-12-17 06:30:00,538.05585,470.7091064453125,67.34674072265625
5259,LSTM,2013-12-17 06:40:00,723.58527,521.37353515625,202.21173095703125
5259,LSTM,2013-12-17 06:50:00,763.58203,603.55224609375,160.02978515625
5259,LSTM,2013-12-17 07:00:00,728.2445,699.8820190429688,28.36248779296875
5259,LSTM,2013-12-17 07:10:00,929.1893,774.9436645507812,154.24560546875
5259,LSTM,2013-12-17 07:20:00,1197.8625,870.6039428710938,327.25860595703125
5259,LSTM,2013-12-17 07:30:00,1237.7401,1029.8907470703125,207.849365234375
5259,LSTM,2013-12-17 07:40:00,1657.8984,1205.229736328125,452.668701171875
5259,LSTM,2013-12-17 07:50:00,1860.2917,1460.6915283203125,399.6002197265625
5259,LSTM,2013-12-17 08:00:00,2083.8604,1757.1224365234375,326.7379150390625
5259,LSTM,2013-12-17 08:10:00,2054.5942,2055.720703125,1.12646484375
5259,LSTM,2013-12-17 08:20:00,2340.4487,2256.2763671875,84.17236328125
5259,LSTM,2013-12-17 08:30:00,2494.3694,2414.748046875,79.621337890625
5259,LSTM,2013-12-17 08:40:00,2697.0933,2545.3779296875,151.71533203125
5259,LSTM,2013-12-17 08:50:00,2653.805,2677.681396484375,23.87646484375
5259,LSTM,2013-12-17 09:00:00,2913.4268,2758.36474609375,155.06201171875
5259,LSTM,2013-12-17 09:10:00,2943.049,2854.760498046875,88.28857421875
5259,LSTM,2013-12-17 09:20:00,2912.6917,2937.8544921875,25.162841796875
5259,LSTM,2013-12-17 09:30:00,2882.7917,2978.09521484375,95.303466796875
5259,LSTM,2013-12-17 09:40:00,2897.9875,2971.61474609375,73.627197265625
5259,LSTM,2013-12-17 09:50:00,3178.6436,2942.845703125,235.7978515625
5259,LSTM,2013-12-17 10:00:00,2957.539,2986.731201171875,29.192138671875
5259,LSTM,2013-12-17 10:10:00,3091.1826,2996.472412109375,94.710205078125
5259,LSTM,2013-12-17 10:20:00,2935.6855,3020.0673828125,84.3818359375
5259,LSTM,2013-12-17 10:30:00,3038.8826,3000.808837890625,38.07373046875
5259,LSTM,2013-12-17 10:40:00,3033.9995,2991.180908203125,42.818603515625
5259,LSTM,2013-12-17 10:50:00,3046.005,2988.315185546875,57.689697265625
5259,LSTM,2013-12-17 11:00:00,3170.3352,2993.201416015625,177.1337890625
5259,LSTM,2013-12-17 11:10:00,3287.0544,3035.687744140625,251.36669921875
5259,LSTM,2013-12-17 11:20:00,3273.398,3120.07080078125,153.3271484375
5259,LSTM,2013-12-17 11:30:00,3428.1892,3200.166259765625,228.02294921875
5259,LSTM,2013-12-17 11:40:00,3300.244,3298.33740234375,1.906494140625
5259,LSTM,2013-12-17 11:50:00,3524.2598,3342.995361328125,181.264404296875
5259,LSTM,2013-12-17 12:00:00,3532.397,3407.933837890625,124.463134765625
5259,LSTM,2013-12-17 12:10:00,3420.4385,3468.108642578125,47.670166015625
5259,LSTM,2013-12-17 12:20:00,3283.0588,3476.820556640625,193.76171875
5259,LSTM,2013-12-17 12:30:00,3427.2717,3415.773681640625,11.498046875
5259,LSTM,2013-12-17 12:40:00,3333.6228,3373.6708984375,40.048095703125
5259,LSTM,2013-12-17 12:50:00,3423.7214,3327.599365234375,96.1220703125
5259,LSTM,2013-12-17 13:00:00,3479.524,3317.067626953125,162.456298828125
5259,LSTM,2013-12-17 13:10:00,3253.9463,3344.556884765625,90.610595703125
5259,LSTM,2013-12-17 13:20:00,3157.2212,3321.78076171875,164.5595703125
5259,LSTM,2013-12-17 13:30:00,3336.7227,3250.23388671875,86.48876953125
5259,LSTM,2013-12-17 13:40:00,3390.9922,3222.3916015625,168.6005859375
5259,LSTM,2013-12-17 13:50:00,3404.9238,3242.3955078125,162.5283203125
5259,LSTM,2013-12-17 14:00:00,3288.246,3287.146240234375,1.099853515625
5259,LSTM,2013-12-17 14:10:00,3316.8,3300.01904296875,16.781005859375
5259,LSTM,2013-12-17 14:20:00,3067.6777,3299.51953125,231.841796875
5259,LSTM,2013-12-17 14:30:00,3504.3923,3222.3310546875,282.061279296875
5259,LSTM,2013-12-17 14:40:00,3546.8486,3246.83544921875,300.01318359375
5259,LSTM,2013-12-17 14:50:00,3474.9421,3333.4189453125,141.523193359375
5259,LSTM,2013-12-17 15:00:00,3474.5674,3409.147705078125,65.419677734375
5259,LSTM,2013-12-17 15:10:00,3764.5303,3456.71435546875,307.81591796875
5259,LSTM,2013-12-17 15:20:00,3574.871,3556.593505859375,18.277587890625
5259,LSTM,2013-12-17 15:30:00,3395.2378,3603.8388671875,208.60107421875
5259,LSTM,2013-12-17 15:40:00,3378.8625,3558.1728515625,179.310302734375
5259,LSTM,2013-12-17 15:50:00,3221.695,3469.859375,248.164306640625
5259,LSTM,2013-12-17 16:00:00,3290.868,3339.0751953125,48.207275390625
5259,LSTM,2013-12-17 16:10:00,3329.6926,3240.631591796875,89.06103515625
5259,LSTM,2013-12-17 16:20:00,3222.8572,3198.409912109375,24.447265625
5259,LSTM,2013-12-17 16:30:00,3108.7495,3168.965087890625,60.215576171875
5259,LSTM,2013-12-17 16:40:00,2915.6514,3122.5927734375,206.94140625
5259,LSTM,2013-12-17 16:50:00,2874.3008,3025.748779296875,151.447998046875
5259,LSTM,2013-12-17 17:00:00,2772.0293,2916.320556640625,144.291259765625
5259,LSTM,2013-12-17 17:10:00,2927.0054,2801.990234375,125.01513671875
5259,LSTM,2013-12-17 17:20:00,2516.4592,2759.939453125,243.480224609375
5259,LSTM,2013-12-17 17:30:00,2449.7654,2656.093994140625,206.32861328125
5259,LSTM,2013-12-17 17:40:00,2397.9626,2526.302001953125,128.33935546875
5259,LSTM,2013-12-17 17:50:00,2353.1257,2402.8193359375,49.693603515625
5259,LSTM,2013-12-17 18:00:00,2134.7422,2304.290771484375,169.548583984375
5259,LSTM,2013-12-17 18:10:00,2112.6353,2186.40283203125,73.767578125
5259,LSTM,2013-12-17 18:20:00,1947.939,2082.309326171875,134.370361328125
5259,LSTM,2013-12-17 18:30:00,1829.2688,1968.888671875,139.619873046875
5259,LSTM,2013-12-17 18:40:00,1907.5634,1847.4251708984375,60.13818359375
5259,LSTM,2013-12-17 18:50:00,1698.4341,1774.532470703125,76.098388671875
5259,LSTM,2013-12-17 19:00:00,1633.7745,1693.26220703125,59.4876708984375
5259,LSTM,2013-12-17 19:10:00,1544.1361,1610.29345703125,66.1573486328125
5259,LSTM,2013-12-17 19:20:00,1431.9978,1523.80810546875,91.810302734375
5259,LSTM,2013-12-17 19:30:00,1385.2742,1427.7115478515625,42.4373779296875
5259,LSTM,2013-12-17 19:40:00,1527.5688,1338.186279296875,189.382568359375
5259,LSTM,2013-12-17 19:50:00,1436.9327,1314.1888427734375,122.743896484375
5259,LSTM,2013-12-17 20:00:00,1300.8354,1313.4945068359375,12.6590576171875
5259,LSTM,2013-12-17 20:10:00,1182.804,1290.92431640625,108.120361328125
5259,LSTM,2013-12-17 20:20:00,1130.9695,1229.0687255859375,98.0992431640625
5259,LSTM,2013-12-17 20:30:00,1155.9694,1145.5301513671875,10.439208984375
5259,LSTM,2013-12-17 20:40:00,1180.3082,1077.3953857421875,102.912841796875
5259,LSTM,2013-12-17 20:50:00,978.64124,1043.5560302734375,64.914794921875
5259,LSTM,2013-12-17 21:00:00,988.7113,987.0142211914062,1.69708251953125
5259,LSTM,2013-12-17 21:10:00,1085.068,932.202880859375,152.8651123046875
5259,LSTM,2013-12-17 21:20:00,1033.1768,917.9942016601562,115.18255615234375
5259,LSTM,2013-12-17 21:30:00,944.3496,920.7411499023438,23.60845947265625
5259,LSTM,2013-12-17 21:40:00,942.0194,910.5908813476562,31.42852783203125
5259,LSTM,2013-12-17 21:50:00,967.81134,894.3181762695312,73.4931640625
5259,LSTM,2013-12-17 22:00:00,1005.829,885.98388671875,119.8450927734375
5259,LSTM,2013-12-17 22:10:00,907.1661,896.093994140625,11.07208251953125
5259,LSTM,2013-12-17 22:20:00,756.8509,890.71630859375,133.86541748046875
5259,LSTM,2013-12-17 22:30:00,723.37573,837.5540771484375,114.1783447265625
5259,LSTM,2013-12-17 22:40:00,765.8622,758.2175903320312,7.64459228515625
5259,LSTM,2013-12-17 22:50:00,716.98425,693.3024291992188,23.68182373046875
5259,LSTM,2013-12-17 23:00:00,661.3385,641.6555786132812,19.68292236328125
5259,LSTM,2013-12-17 23:10:00,632.7722,596.4747924804688,36.29742431640625
5259,LSTM,2013-12-17 23:20:00,580.1305,558.4839477539062,21.64654541015625
5259,LSTM,2013-12-17 23:30:00,556.2925,520.7034301757812,35.58905029296875
5259,LSTM,2013-12-17 23:40:00,602.6932,486.0812683105469,116.61190795898438
5259,LSTM,2013-12-17 23:50:00,549.7471,473.8720703125,75.875
5259,LSTM,2013-12-18 00:00:00,485.12848,466.6943054199219,18.434173583984375
5259,LSTM,2013-12-18 00:10:00,531.80493,448.6060485839844,83.19888305664062
5259,LSTM,2013-12-18 00:20:00,523.7164,439.81414794921875,83.9022216796875
5259,LSTM,2013-12-18 00:30:00,457.69116,438.3929748535156,19.298187255859375
5259,LSTM,2013-12-18 00:40:00,520.6367,426.49188232421875,94.14483642578125
5259,LSTM,2013-12-18 00:50:00,493.67102,426.68927001953125,66.98175048828125
5259,LSTM,2013-12-18 01:00:00,406.31778,429.1756896972656,22.85791015625
5259,LSTM,2013-12-18 01:10:00,450.1985,411.3651123046875,38.8333740234375
5259,LSTM,2013-12-18 01:20:00,436.3538,395.5225524902344,40.83123779296875
5259,LSTM,2013-12-18 01:30:00,380.04153,382.1630859375,2.121551513671875
5259,LSTM,2013-12-18 01:40:00,439.22012,360.054443359375,79.16567993164062
5259,LSTM,2013-12-18 01:50:00,414.0453,351.9679870605469,62.077301025390625
5259,LSTM,2013-12-18 02:00:00,377.93063,349.2554626464844,28.6751708984375
5259,LSTM,2013-12-18 02:10:00,423.2731,341.7833251953125,81.48977661132812
5259,LSTM,2013-12-18 02:20:00,431.6105,344.0436706542969,87.56683349609375
5259,LSTM,2013-12-18 02:30:00,381.568,354.7687683105469,26.799224853515625
5259,LSTM,2013-12-18 02:40:00,433.5383,356.6064147949219,76.931884765625
5259,LSTM,2013-12-18 02:50:00,402.70056,365.08538818359375,37.61517333984375
5259,LSTM,2013-12-18 03:00:00,372.7359,369.10516357421875,3.6307373046875
5259,LSTM,2013-12-18 03:10:00,415.75565,362.1822204589844,53.57342529296875
5259,LSTM,2013-12-18 03:20:00,406.3473,360.5297546386719,45.817535400390625
5259,LSTM,2013-12-18 03:30:00,371.60526,360.99896240234375,10.606292724609375
5259,LSTM,2013-12-18 03:40:00,420.7162,354.34173583984375,66.37445068359375
5259,LSTM,2013-12-18 03:50:00,392.8665,356.5325927734375,36.333892822265625
5259,LSTM,2013-12-18 04:00:00,370.8636,357.5173034667969,13.346282958984375
5259,LSTM,2013-12-18 04:10:00,419.274,351.9723815917969,67.30160522460938
5259,LSTM,2013-12-18 04:20:00,399.49872,355.27569580078125,44.2230224609375
5259,LSTM,2013-12-18 04:30:00,368.65482,359.1294860839844,9.52532958984375
5259,LSTM,2013-12-18 04:40:00,424.9937,354.82000732421875,70.1737060546875
5259,LSTM,2013-12-18 04:50:00,428.42404,359.9122314453125,68.51181030273438
5259,LSTM,2013-12-18 05:00:00,389.51395,371.28692626953125,18.227020263671875
5259,LSTM,2013-12-18 05:10:00,434.35486,374.6628723144531,59.691986083984375
5259,LSTM,2013-12-18 05:20:00,427.3218,382.9169921875,44.404815673828125
5259,LSTM,2013-12-18 05:30:00,394.56573,391.1368408203125,3.42889404296875
5259,LSTM,2013-12-18 05:40:00,496.37943,389.47015380859375,106.90927124023438
5259,LSTM,2013-12-18 05:50:00,473.81973,406.8502197265625,66.96951293945312
5259,LSTM,2013-12-18 06:00:00,486.70123,427.8371887207031,58.864044189453125
5259,LSTM,2013-12-18 06:10:00,599.9542,449.46661376953125,150.48760986328125
5259,LSTM,2013-12-18 06:20:00,525.7067,494.9592590332031,30.747467041015625
5259,LSTM,2013-12-18 06:30:00,586.3792,527.8267211914062,58.552490234375
5259,LSTM,2013-12-18 06:40:00,784.08844,559.8106689453125,224.27777099609375
5259,LSTM,2013-12-18 06:50:00,714.16705,634.7195434570312,79.447509765625
5259,LSTM,2013-12-18 07:00:00,779.4249,704.2039184570312,75.22100830078125
5259,LSTM,2013-12-18 07:10:00,981.38135,770.2677001953125,211.1136474609375
5259,LSTM,2013-12-18 07:20:00,1149.291,871.4913940429688,277.79962158203125
5259,LSTM,2013-12-18 07:30:00,1348.9604,1017.6818237304688,331.27862548828125
5259,LSTM,2013-12-18 07:40:00,1568.0529,1212.48095703125,355.5718994140625
5259,LSTM,2013-12-18 07:50:00,1768.0126,1450.00732421875,318.0052490234375
5259,LSTM,2013-12-18 08:00:00,2023.6375,1706.5435791015625,317.0938720703125
5259,LSTM,2013-12-18 08:10:00,2272.9026,1972.35888671875,300.543701171875
5259,LSTM,2013-12-18 08:20:00,2444.1504,2234.654052734375,209.496337890625
5259,LSTM,2013-12-18 08:30:00,2440.6448,2464.656494140625,24.01171875
5259,LSTM,2013-12-18 08:40:00,2575.3638,2606.43994140625,31.076171875
5259,LSTM,2013-12-18 08:50:00,2680.1409,2691.742919921875,11.60205078125
5259,LSTM,2013-12-18 09:00:00,2715.6216,2747.604736328125,31.983154296875
5259,LSTM,2013-12-18 09:10:00,2921.397,2777.82421875,143.57275390625
5259,LSTM,2013-12-18 09:20:00,2777.683,2838.67822265625,60.9951171875
5259,LSTM,2013-12-18 09:30:00,2773.9453,2856.5576171875,82.6123046875
5259,LSTM,2013-12-18 09:40:00,2989.9443,2840.641845703125,149.302490234375
5259,LSTM,2013-12-18 09:50:00,2846.941,2868.283203125,21.34228515625
5259,LSTM,2013-12-18 10:00:00,2811.032,2871.883056640625,60.85107421875
5259,LSTM,2013-12-18 10:10:00,3279.4287,2849.33154296875,430.09716796875
5259,LSTM,2013-12-18 10:20:00,3163.4817,2948.674560546875,214.80712890625
5259,LSTM,2013-12-18 10:30:00,3015.9001,3056.775634765625,40.87548828125
5259,LSTM,2013-12-18 10:40:00,3284.274,3097.02734375,187.24658203125
5259,LSTM,2013-12-18 10:50:00,3299.7688,3162.46875,137.300048828125
5259,LSTM,2013-12-18 11:00:00,2981.039,3228.482177734375,247.443115234375
5259,LSTM,2013-12-18 11:10:00,3214.531,3186.87890625,27.652099609375
5259,LSTM,2013-12-18 11:20:00,3171.6145,3161.69189453125,9.922607421875
5259,LSTM,2013-12-18 11:30:00,3339.469,3141.014892578125,198.4541015625
5259,LSTM,2013-12-18 11:40:00,3410.105,3175.294677734375,234.810302734375
5259,LSTM,2013-12-18 11:50:00,3605.2385,3249.990478515625,355.248046875
5259,LSTM,2013-12-18 12:00:00,3426.0024,3380.216064453125,45.786376953125
5259,LSTM,2013-12-18 12:10:00,3416.0273,3453.547119140625,37.519775390625
5259,LSTM,2013-12-18 12:20:00,3399.9404,3471.45751953125,71.51708984375
5259,LSTM,2013-12-18 12:30:00,3227.8,3449.54833984375,221.748291015625
5259,LSTM,2013-12-18 12:40:00,3338.311,3363.87744140625,25.56640625
5259,LSTM,2013-12-18 12:50:00,3355.9119,3297.809814453125,58.10205078125
5259,LSTM,2013-12-18 13:00:00,3166.157,3265.958740234375,99.8017578125
5259,LSTM,2013-12-18 13:10:00,3369.87,3208.316162109375,161.553955078125
5259,LSTM,2013-12-18 13:20:00,3113.4395,3209.18408203125,95.74462890625
5259,LSTM,2013-12-18 13:30:00,3275.354,3170.614013671875,104.739990234375
5259,LSTM,2013-12-18 13:40:00,3055.2415,3166.104248046875,110.86279296875
5259,LSTM,2013-12-18 13:50:00,2968.3508,3120.571044921875,152.22021484375
5259,LSTM,2013-12-18 14:00:00,2976.4424,3040.502685546875,64.060302734375
5259,LSTM,2013-12-18 14:10:00,2978.9148,2965.8916015625,13.023193359375
5259,LSTM,2013-12-18 14:20:00,2843.1064,2916.070068359375,72.963623046875
5259,LSTM,2013-12-18 14:30:00,2873.2673,2856.066650390625,17.20068359375
5259,LSTM,2013-12-18 14:40:00,3034.583,2815.154052734375,219.428955078125
5259,LSTM,2013-12-18 14:50:00,2952.284,2841.775390625,110.508544921875
5259,LSTM,2013-12-18 15:00:00,2992.3247,2876.614990234375,115.709716796875
5259,LSTM,2013-12-18 15:10:00,3030.435,2917.525390625,112.90966796875
5259,LSTM,2013-12-18 15:20:00,2983.1575,2961.419677734375,21.73779296875
5259,LSTM,2013-12-18 15:30:00,2836.9736,2981.9462890625,144.97265625
5259,LSTM,2013-12-18 15:40:00,2978.4668,2942.962158203125,35.504638671875
5259,LSTM,2013-12-18 15:50:00,3022.2866,2920.9814453125,101.30517578125
5259,LSTM,2013-12-18 16:00:00,2991.5867,2927.449462890625,64.13720703125
5259,LSTM,2013-12-18 16:10:00,2801.4202,2939.474609375,138.054443359375
5259,LSTM,2013-12-18 16:20:00,2843.474,2897.679443359375,54.205322265625
5259,LSTM,2013-12-18 16:30:00,2739.062,2848.466796875,109.40478515625
5259,LSTM,2013-12-18 16:40:00,2828.4387,2779.782470703125,48.65625
5259,LSTM,2013-12-18 16:50:00,2639.4653,2743.935546875,104.47021484375
5259,LSTM,2013-12-18 17:00:00,2697.9636,2683.947265625,14.016357421875
5259,LSTM,2013-12-18 17:10:00,2509.2979,2642.56396484375,133.26611328125
5259,LSTM,2013-12-18 17:20:00,2373.9258,2570.6884765625,196.7626953125
5259,LSTM,2013-12-18 17:30:00,2274.869,2463.126953125,188.258056640625
5259,LSTM,2013-12-18 17:40:00,2122.9448,2336.74609375,213.80126953125
5259,LSTM,2013-12-18 17:50:00,2104.6555,2191.62646484375,86.970947265625
5259,LSTM,2013-12-18 18:00:00,1954.2174,2069.146484375,114.9290771484375
5259,LSTM,2013-12-18 18:10:00,1900.6039,1951.013916015625,50.4100341796875
5259,LSTM,2013-12-18 18:20:00,1830.8048,1851.4693603515625,20.66455078125
5259,LSTM,2013-12-18 18:30:00,1645.0162,1769.863037109375,124.8468017578125
5259,LSTM,2013-12-18 18:40:00,1657.5729,1669.7225341796875,12.149658203125
5259,LSTM,2013-12-18 18:50:00,1499.5961,1587.766357421875,88.1702880859375
5259,LSTM,2013-12-18 19:00:00,1415.3048,1495.894775390625,80.5899658203125
5259,LSTM,2013-12-18 19:10:00,1484.5228,1399.1141357421875,85.40869140625
5259,LSTM,2013-12-18 19:20:00,1344.5981,1343.0111083984375,1.5870361328125
5259,LSTM,2013-12-18 19:30:00,1296.4247,1289.540283203125,6.8843994140625
5259,LSTM,2013-12-18 19:40:00,1235.2767,1238.4248046875,3.1480712890625
5259,LSTM,2013-12-18 19:50:00,1203.8081,1185.86376953125,17.9443359375
5259,LSTM,2013-12-18 20:00:00,1060.9435,1137.9879150390625,77.04443359375
5259,LSTM,2013-12-18 20:10:00,1170.2113,1068.0472412109375,102.1640625
5259,LSTM,2013-12-18 20:20:00,993.60364,1031.054443359375,37.4508056640625
5259,LSTM,2013-12-18 20:30:00,968.9387,978.7830810546875,9.8443603515625
5259,LSTM,2013-12-18 20:40:00,1047.5736,923.3577270507812,124.21588134765625
5259,LSTM,2013-12-18 20:50:00,1083.4265,900.9247436523438,182.50177001953125
5259,LSTM,2013-12-18 21:00:00,916.08826,915.7493896484375,0.3388671875
5259,LSTM,2013-12-18 21:10:00,1061.1028,907.5341186523438,153.56866455078125
5259,LSTM,2013-12-18 21:20:00,863.0286,924.5419311523438,61.5133056640625
5259,LSTM,2013-12-18 21:30:00,815.03754,903.1598510742188,88.122314453125
5259,LSTM,2013-12-18 21:40:00,800.18884,850.13623046875,49.9473876953125
5259,LSTM,2013-12-18 21:50:00,839.25116,787.0009155273438,52.250244140625
5259,LSTM,2013-12-18 22:00:00,747.42804,744.0358276367188,3.3922119140625
5259,LSTM,2013-12-18 22:10:00,753.5594,701.4661254882812,52.09326171875
5259,LSTM,2013-12-18 22:20:00,731.6779,670.6436767578125,61.03424072265625
5259,LSTM,2013-12-18 22:30:00,626.659,649.2658081054688,22.6068115234375
5259,LSTM,2013-12-18 22:40:00,700.36633,612.3248291015625,88.04150390625
5259,LSTM,2013-12-18 22:50:00,573.64374,592.9356079101562,19.2918701171875
5259,LSTM,2013-12-18 23:00:00,551.97705,558.3209838867188,6.34393310546875
5259,LSTM,2013-12-18 23:10:00,509.28116,516.6633911132812,7.382232666015625
5259,LSTM,2013-12-18 23:20:00,505.8967,470.19921875,35.697479248046875
5259,LSTM,2013-12-18 23:30:00,428.34677,431.3321533203125,2.985382080078125
5259,LSTM,2013-12-18 23:40:00,451.18958,387.7628479003906,63.426727294921875
5259,LSTM,2013-12-18 23:50:00,433.8096,357.06134033203125,76.74826049804688
5259,LSTM,2013-12-19 00:00:00,382.50232,338.0881652832031,44.414154052734375
5259,LSTM,2013-12-19 00:10:00,425.52,318.753662109375,106.76632690429688
5259,LSTM,2013-12-19 00:20:00,422.1245,314.3725891113281,107.75192260742188
5259,LSTM,2013-12-19 00:30:00,365.89777,320.7236022949219,45.174163818359375
5259,LSTM,2013-12-19 00:40:00,390.98126,319.4101257324219,71.57113647460938
5259,LSTM,2013-12-19 00:50:00,364.15405,319.9692687988281,44.184783935546875
5259,LSTM,2013-12-19 01:00:00,346.4092,316.0763244628906,30.3328857421875
5259,LSTM,2013-12-19 01:10:00,363.6704,306.5794372558594,57.090972900390625
5259,LSTM,2013-12-19 01:20:00,336.38782,300.51275634765625,35.87506103515625
5259,LSTM,2013-12-19 01:30:00,334.36816,292.1505432128906,42.217620849609375
5259,LSTM,2013-12-19 01:40:00,341.22464,284.0270080566406,57.1976318359375
5259,LSTM,2013-12-19 01:50:00,362.49945,279.9273376464844,82.57211303710938
5259,LSTM,2013-12-19 02:00:00,318.2502,284.9132995605469,33.3369140625
5259,LSTM,2013-12-19 02:10:00,352.77243,284.2547302246094,68.5177001953125
5259,LSTM,2013-12-19 02:20:00,335.25732,288.44818115234375,46.80914306640625
5259,LSTM,2013-12-19 02:30:00,325.40125,291.0894470214844,34.311798095703125
5259,LSTM,2013-12-19 02:40:00,332.80957,289.96258544921875,42.84698486328125
5259,LSTM,2013-12-19 02:50:00,322.70392,288.70355224609375,34.0003662109375
5259,LSTM,2013-12-19 03:00:00,294.57678,285.5444030761719,9.032379150390625
5259,LSTM,2013-12-19 03:10:00,348.22983,275.2171630859375,73.01266479492188
5259,LSTM,2013-12-19 03:20:00,315.64874,275.6329650878906,40.015777587890625
5259,LSTM,2013-12-19 03:30:00,298.32684,275.4759216308594,22.850921630859375
5259,LSTM,2013-12-19 03:40:00,366.72327,270.6154479980469,96.10781860351562
5259,LSTM,2013-12-19 03:50:00,309.5078,280.33428955078125,29.17352294921875
5259,LSTM,2013-12-19 04:00:00,294.11905,283.93603515625,10.183013916015625
5259,LSTM,2013-12-19 04:10:00,335.91272,278.7348937988281,57.177825927734375
5259,LSTM,2013-12-19 04:20:00,328.00903,279.17340087890625,48.83563232421875
5259,LSTM,2013-12-19 04:30:00,307.71188,281.7405700683594,25.9713134765625
5259,LSTM,2013-12-19 04:40:00,398.04947,280.2564697265625,117.79299926757812
5259,LSTM,2013-12-19 04:50:00,327.98383,298.3821716308594,29.601654052734375
5259,LSTM,2013-12-19 05:00:00,329.04962,308.7071228027344,20.342498779296875
5259,LSTM,2013-12-19 05:10:00,384.1742,311.4903259277344,72.68386840820312
5259,LSTM,2013-12-19 05:20:00,277.47937,322.3186340332031,44.839263916015625
5259,LSTM,2013-12-19 05:30:00,274.72568,310.4719543457031,35.74627685546875
5259,LSTM,2013-12-19 05:40:00,325.9572,285.44732666015625,40.5098876953125
5259,LSTM,2013-12-19 05:50:00,334.89874,270.1119384765625,64.78680419921875
5259,LSTM,2013-12-19 06:00:00,386.31302,267.07745361328125,119.23556518554688
5259,LSTM,2013-12-19 06:10:00,424.3793,285.019287109375,139.36001586914062
5259,LSTM,2013-12-19 06:20:00,477.29263,321.77752685546875,155.51510620117188
5259,LSTM,2013-12-19 06:30:00,715.128,375.5111389160156,339.6168518066406
5259,LSTM,2013-12-19 06:40:00,884.726,487.8577575683594,396.8682556152344
5259,LSTM,2013-12-19 06:50:00,785.541,658.927978515625,126.613037109375
5259,LSTM,2013-12-19 07:00:00,678.9755,806.7805786132812,127.8050537109375
5259,LSTM,2013-12-19 07:10:00,819.5875,877.3719482421875,57.784423828125
5259,LSTM,2013-12-19 07:20:00,879.01575,917.024658203125,38.0089111328125
5259,LSTM,2013-12-19 07:30:00,1063.2784,944.2589721679688,119.01947021484375
5259,LSTM,2013-12-19 07:40:00,1343.3224,1006.0880737304688,337.23431396484375
5259,LSTM,2013-12-19 07:50:00,1527.7472,1150.513916015625,377.2332763671875
5259,LSTM,2013-12-19 08:00:00,1859.0157,1362.5244140625,496.4913330078125
5259,LSTM,2013-12-19 08:10:00,1937.3192,1652.091552734375,285.2276611328125
5259,LSTM,2013-12-19 08:20:00,2040.3126,1930.835693359375,109.4769287109375
5259,LSTM,2013-12-19 08:30:00,2293.7754,2146.986328125,146.7890625
5259,LSTM,2013-12-19 08:40:00,2391.542,2330.10546875,61.4365234375
5259,LSTM,2013-12-19 08:50:00,2310.9873,2467.964111328125,156.976806640625
5259,LSTM,2013-12-19 09:00:00,2419.896,2516.495361328125,96.599365234375
5259,LSTM,2013-12-19 09:10:00,2641.6396,2526.876953125,114.7626953125
5259,LSTM,2013-12-19 09:20:00,2614.3936,2571.1884765625,43.205078125
5259,LSTM,2013-12-19 09:30:00,2709.894,2612.17578125,97.71826171875
5259,LSTM,2013-12-19 09:40:00,2891.0876,2662.740478515625,228.34716796875
5259,LSTM,2013-12-19 09:50:00,2683.944,2752.615966796875,68.671875
5259,LSTM,2013-12-19 10:00:00,2721.842,2780.3427734375,58.500732421875
5259,LSTM,2013-12-19 10:10:00,2922.3674,2773.60595703125,148.761474609375
5259,LSTM,2013-12-19 10:20:00,2925.5017,2804.556884765625,120.94482421875
5259,LSTM,2013-12-19 10:30:00,2795.0598,2849.1435546875,54.083740234375
5259,LSTM,2013-12-19 10:40:00,2981.7654,2851.806884765625,129.95849609375
5259,LSTM,2013-12-19 10:50:00,2826.9607,2881.2802734375,54.319580078125
5259,LSTM,2013-12-19 11:00:00,2799.4988,2874.482177734375,74.9833984375
5259,LSTM,2013-12-19 11:10:00,3123.9639,2840.828857421875,283.135009765625
5259,LSTM,2013-12-19 11:20:00,3150.144,2891.95849609375,258.185546875
5259,LSTM,2013-12-19 11:30:00,3046.8457,2984.51220703125,62.33349609375
5259,LSTM,2013-12-19 11:40:00,3468.6465,3044.97216796875,423.67431640625
5259,LSTM,2013-12-19 11:50:00,3090.9265,3188.025634765625,97.09912109375
5259,LSTM,2013-12-19 12:00:00,3197.6746,3231.502197265625,33.82763671875
5259,LSTM,2013-12-19 12:10:00,3417.0127,3236.41748046875,180.59521484375
5259,LSTM,2013-12-19 12:20:00,2906.8586,3280.35205078125,373.493408203125
5259,LSTM,2013-12-19 12:30:00,3040.736,3191.017578125,150.281494140625
5259,LSTM,2013-12-19 12:40:00,3329.9263,3088.848388671875,241.077880859375
5259,LSTM,2013-12-19 12:50:00,3320.116,3089.275146484375,230.8408203125
5259,LSTM,2013-12-19 13:00:00,3093.6794,3144.16845703125,50.489013671875
5259,LSTM,2013-12-19 13:10:00,3205.8435,3149.709716796875,56.1337890625
5259,LSTM,2013-12-19 13:20:00,2994.403,3156.881591796875,162.478515625
5259,LSTM,2013-12-19 13:30:00,2840.9158,3104.174560546875,263.2587890625
5259,LSTM,2013-12-19 13:40:00,2868.2764,2989.8857421875,121.609375
5259,LSTM,2013-12-19 13:50:00,2783.3262,2880.546142578125,97.219970703125
5259,LSTM,2013-12-19 14:00:00,2646.1895,2780.61962890625,134.43017578125
5259,LSTM,2013-12-19 14:10:00,2663.997,2674.89892578125,10.90185546875
5259,LSTM,2013-12-19 14:20:00,2644.556,2599.388916015625,45.1669921875
5259,LSTM,2013-12-19 14:30:00,2672.2568,2556.377685546875,115.879150390625
5259,LSTM,2013-12-19 14:40:00,2697.133,2551.549560546875,145.58349609375
5259,LSTM,2013-12-19 14:50:00,2690.9583,2577.13720703125,113.821044921875
5259,LSTM,2013-12-19 15:00:00,2776.7083,2611.770263671875,164.93798828125
5259,LSTM,2013-12-19 15:10:00,2705.3884,2666.39013671875,38.998291015625
5259,LSTM,2013-12-19 15:20:00,2695.6719,2698.114990234375,2.443115234375
5259,LSTM,2013-12-19 15:30:00,2693.8853,2705.59765625,11.71240234375
5259,LSTM,2013-12-19 15:40:00,2853.3987,2697.138916015625,156.259765625
5259,LSTM,2013-12-19 15:50:00,2749.0474,2726.86376953125,22.18359375
5259,LSTM,2013-12-19 16:00:00,3048.158,2741.3779296875,306.780029296875
5259,LSTM,2013-12-19 16:10:00,3068.6235,2826.45751953125,242.166015625
5259,LSTM,2013-12-19 16:20:00,3087.591,2933.985595703125,153.60546875
5259,LSTM,2013-12-19 16:30:00,3060.1067,3029.0263671875,31.080322265625
5259,LSTM,2013-12-19 16:40:00,2897.219,3082.36376953125,185.144775390625
5259,LSTM,2013-12-19 16:50:00,2815.6306,3051.82373046875,236.193115234375
5259,LSTM,2013-12-19 17:00:00,2529.0251,2959.954833984375,430.9296875
5259,LSTM,2013-12-19 17:10:00,2245.4712,2779.14404296875,533.6728515625
5259,LSTM,2013-12-19 17:20:00,2233.3381,2518.19384765625,284.855712890625
5259,LSTM,2013-12-19 17:30:00,2286.0046,2277.782470703125,8.22216796875
5259,LSTM,2013-12-19 17:40:00,2205.617,2127.203125,78.413818359375
5259,LSTM,2013-12-19 17:50:00,1936.1973,2045.9310302734375,109.7337646484375
5259,LSTM,2013-12-19 18:00:00,1866.63,1951.7022705078125,85.072265625
5259,LSTM,2013-12-19 18:10:00,1681.9674,1854.7322998046875,172.764892578125
5259,LSTM,2013-12-19 18:20:00,1652.0215,1731.6146240234375,79.5931396484375
5259,LSTM,2013-12-19 18:30:00,1538.9087,1617.3751220703125,78.4664306640625
5259,LSTM,2013-12-19 18:40:00,1475.5173,1508.2366943359375,32.7193603515625
5259,LSTM,2013-12-19 18:50:00,1352.842,1413.465087890625,60.623046875
5259,LSTM,2013-12-19 19:00:00,1158.3792,1318.9935302734375,160.6143798828125
5259,LSTM,2013-12-19 19:10:00,1261.2252,1196.9488525390625,64.2763671875
5259,LSTM,2013-12-19 19:20:00,1102.8248,1115.9227294921875,13.097900390625
5259,LSTM,2013-12-19 19:30:00,1114.7931,1039.863037109375,74.9300537109375
5259,LSTM,2013-12-19 19:40:00,1173.9225,989.0821533203125,184.84033203125
5259,LSTM,2013-12-19 19:50:00,1068.9015,983.1717529296875,85.729736328125
5259,LSTM,2013-12-19 20:00:00,939.7296,980.56884765625,40.8392333984375
5259,LSTM,2013-12-19 20:10:00,1005.5471,947.17919921875,58.367919921875
5259,LSTM,2013-12-19 20:20:00,993.17346,920.5550537109375,72.618408203125
5259,LSTM,2013-12-19 20:30:00,919.0538,903.5996704101562,15.4541015625
5259,LSTM,2013-12-19 20:40:00,906.5617,878.9668579101562,27.5948486328125
5259,LSTM,2013-12-19 20:50:00,883.3218,852.8831787109375,30.4385986328125
5259,LSTM,2013-12-19 21:00:00,956.2233,827.0634155273438,129.159912109375
5259,LSTM,2013-12-19 21:10:00,833.2599,827.5465698242188,5.71331787109375
5259,LSTM,2013-12-19 21:20:00,928.9671,813.770751953125,115.19635009765625
5259,LSTM,2013-12-19 21:30:00,825.7767,819.0748291015625,6.70184326171875
5259,LSTM,2013-12-19 21:40:00,843.0538,809.551025390625,33.50274658203125
5259,LSTM,2013-12-19 21:50:00,873.6689,797.4464721679688,76.222412109375
5259,LSTM,2013-12-19 22:00:00,799.6935,795.3777465820312,4.31573486328125
5259,LSTM,2013-12-19 22:10:00,756.8203,781.8655395507812,25.04522705078125
5259,LSTM,2013-12-19 22:20:00,680.18646,753.1875610351562,73.0010986328125
5259,LSTM,2013-12-19 22:30:00,654.80725,702.09912109375,47.2918701171875
5259,LSTM,2013-12-19 22:40:00,658.9543,642.5469360351562,16.4073486328125
5259,LSTM,2013-12-19 22:50:00,670.37195,593.2582397460938,77.11370849609375
5259,LSTM,2013-12-19 23:00:00,609.7657,565.5365600585938,44.2291259765625
5259,LSTM,2013-12-19 23:10:00,572.6031,542.9205932617188,29.6824951171875
5259,LSTM,2013-12-19 23:20:00,546.6251,519.0924072265625,27.53271484375
5259,LSTM,2013-12-19 23:30:00,445.5345,493.51849365234375,47.9840087890625
5259,LSTM,2013-12-19 23:40:00,416.4778,447.82806396484375,31.350250244140625
5259,LSTM,2013-12-19 23:50:00,437.19077,392.82342529296875,44.367340087890625
5259,LSTM,2013-12-20 00:00:00,388.09546,350.495849609375,37.599609375
5259,LSTM,2013-12-20 00:10:00,445.26297,314.865966796875,130.39700317382812
5259,LSTM,2013-12-20 00:20:00,432.44376,305.9298095703125,126.51394653320312
5259,LSTM,2013-12-20 00:30:00,399.51376,313.7059631347656,85.80780029296875
5259,LSTM,2013-12-20 00:40:00,385.19983,322.59112548828125,62.60870361328125
5259,LSTM,2013-12-20 00:50:00,376.388,326.89678955078125,49.4912109375
5259,LSTM,2013-12-20 01:00:00,302.2584,325.839599609375,23.581207275390625
5259,LSTM,2013-12-20 01:10:00,334.0398,304.38458251953125,29.65521240234375
5259,LSTM,2013-12-20 01:20:00,321.2563,282.98651123046875,38.269775390625
5259,LSTM,2013-12-20 01:30:00,274.66693,264.48193359375,10.18499755859375
5259,LSTM,2013-12-20 01:40:00,295.47778,241.2462921142578,54.23149108886719
5259,LSTM,2013-12-20 01:50:00,303.47922,225.23745727539062,78.24176025390625
5259,LSTM,2013-12-20 02:00:00,269.95355,219.7456817626953,50.20787048339844
5259,LSTM,2013-12-20 02:10:00,264.63657,214.3507080078125,50.285858154296875
5259,LSTM,2013-12-20 02:20:00,304.62817,208.82379150390625,95.80438232421875
5259,LSTM,2013-12-20 02:30:00,258.48502,214.27975463867188,44.20526123046875
5259,LSTM,2013-12-20 02:40:00,254.43987,215.07949829101562,39.36036682128906
5259,LSTM,2013-12-20 02:50:00,292.40668,211.75758361816406,80.64909362792969
5259,LSTM,2013-12-20 03:00:00,244.99835,216.0188446044922,28.979507446289062
5259,LSTM,2013-12-20 03:10:00,281.62976,213.49502563476562,68.13473510742188
5259,LSTM,2013-12-20 03:20:00,310.6495,216.0115966796875,94.63790893554688
5259,LSTM,2013-12-20 03:30:00,270.8539,228.7580108642578,42.09590148925781
5259,LSTM,2013-12-20 03:40:00,288.6706,236.1373291015625,52.53326416015625
5259,LSTM,2013-12-20 03:50:00,311.6656,242.63229370117188,69.03329467773438
5259,LSTM,2013-12-20 04:00:00,340.30853,253.03927612304688,87.26925659179688
5259,LSTM,2013-12-20 04:10:00,257.40024,271.07794189453125,13.677703857421875
5259,LSTM,2013-12-20 04:20:00,263.83505,270.3657531738281,6.53070068359375
5259,LSTM,2013-12-20 04:30:00,236.5824,258.9093017578125,22.326904296875
5259,LSTM,2013-12-20 04:40:00,278.82315,236.81784057617188,42.00531005859375
5259,LSTM,2013-12-20 04:50:00,284.65662,223.10166931152344,61.55494689941406
5259,LSTM,2013-12-20 05:00:00,254.3376,219.5685577392578,34.76904296875
5259,LSTM,2013-12-20 05:10:00,276.81293,215.90695190429688,60.905975341796875
5259,LSTM,2013-12-20 05:20:00,281.8144,217.83702087402344,63.97737121582031
5259,LSTM,2013-12-20 05:30:00,239.26895,224.07472229003906,15.194229125976562
5259,LSTM,2013-12-20 05:40:00,286.4895,221.4236602783203,65.06584167480469
5259,LSTM,2013-12-20 05:50:00,352.1236,224.7407989501953,127.38279724121094
5259,LSTM,2013-12-20 06:00:00,332.02835,247.47891235351562,84.5494384765625
5259,LSTM,2013-12-20 06:10:00,333.04712,273.4594421386719,59.587677001953125
5259,LSTM,2013-12-20 06:20:00,385.95535,295.91656494140625,90.03878784179688
5259,LSTM,2013-12-20 06:30:00,387.94476,324.1240234375,63.82073974609375
5259,LSTM,2013-12-20 06:40:00,561.61523,350.9664611816406,210.64877319335938
5259,LSTM,2013-12-20 06:50:00,627.85767,414.1379089355469,213.71975708007812
5259,LSTM,2013-12-20 07:00:00,701.8379,505.0565185546875,196.7813720703125
5259,LSTM,2013-12-20 07:10:00,829.521,613.3167114257812,216.20428466796875
5259,LSTM,2013-12-20 07:20:00,994.8754,742.127197265625,252.74822998046875
5259,LSTM,2013-12-20 07:30:00,1025.4429,899.758544921875,125.684326171875
5259,LSTM,2013-12-20 07:40:00,1384.3286,1049.757080078125,334.571533203125
5259,LSTM,2013-12-20 07:50:00,1571.4777,1255.6256103515625,315.85205078125
5259,LSTM,2013-12-20 08:00:00,1814.9303,1500.017822265625,314.9124755859375
5259,LSTM,2013-12-20 08:10:00,2100.2092,1770.7337646484375,329.4754638671875
5259,LSTM,2013-12-20 08:20:00,2204.1826,2057.85498046875,146.32763671875
5259,LSTM,2013-12-20 08:30:00,2249.3416,2296.179931640625,46.83837890625
5259,LSTM,2013-12-20 08:40:00,2339.186,2443.700439453125,104.514404296875
5259,LSTM,2013-12-20 08:50:00,2431.0935,2517.531005859375,86.4375
5259,LSTM,2013-12-20 09:00:00,2359.0095,2551.0859375,192.076416015625
5259,LSTM,2013-12-20 09:10:00,2436.4668,2528.672119140625,92.205322265625
5259,LSTM,2013-12-20 09:20:00,2569.6575,2496.917724609375,72.73974609375
5259,LSTM,2013-12-20 09:30:00,2629.2473,2501.257568359375,127.98974609375
5259,LSTM,2013-12-20 09:40:00,2746.3516,2538.27294921875,208.07861328125
5259,LSTM,2013-12-20 09:50:00,2668.5208,2613.584228515625,54.9365234375
5259,LSTM,2013-12-20 10:00:00,2748.2458,2666.346435546875,81.8994140625
5259,LSTM,2013-12-20 10:10:00,2844.245,2712.267578125,131.9775390625
5259,LSTM,2013-12-20 10:20:00,2771.4475,2767.975341796875,3.47216796875
5259,LSTM,2013-12-20 10:30:00,2981.772,2793.392578125,188.37939453125
5259,LSTM,2013-12-20 10:40:00,3096.7253,2852.872314453125,243.85302734375
5259,LSTM,2013-12-20 10:50:00,2980.405,2947.401611328125,33.00341796875
5259,LSTM,2013-12-20 11:00:00,2922.0237,3002.391845703125,80.3681640625
5259,LSTM,2013-12-20 11:10:00,3167.6196,3002.61279296875,165.0068359375
5259,LSTM,2013-12-20 11:20:00,3094.6333,3040.520263671875,54.113037109375
5259,LSTM,2013-12-20 11:30:00,3288.548,3068.875244140625,219.6728515625
5259,LSTM,2013-12-20 11:40:00,3428.2273,3137.67138671875,290.555908203125
5259,LSTM,2013-12-20 11:50:00,3247.311,3248.561767578125,1.250732421875
5259,LSTM,2013-12-20 12:00:00,3309.42,3300.35107421875,9.06884765625
5259,LSTM,2013-12-20 12:10:00,3445.0588,3321.375,123.683837890625
5259,LSTM,2013-12-20 12:20:00,3121.7588,3357.5087890625,235.75
5259,LSTM,2013-12-20 12:30:00,3351.352,3301.296142578125,50.055908203125
5259,LSTM,2013-12-20 12:40:00,3261.4304,3273.38330078125,11.952880859375
5259,LSTM,2013-12-20 12:50:00,3091.6462,3243.88818359375,152.241943359375
5259,LSTM,2013-12-20 13:00:00,3273.6484,3173.673583984375,99.974853515625
5259,LSTM,2013-12-20 13:10:00,3073.1973,3151.0146484375,77.8173828125
5259,LSTM,2013-12-20 13:20:00,3069.32,3105.1328125,35.812744140625
5259,LSTM,2013-12-20 13:30:00,2959.3398,3057.658935546875,98.319091796875
5259,LSTM,2013-12-20 13:40:00,3132.4456,2991.796142578125,140.6494140625
5259,LSTM,2013-12-20 13:50:00,2841.3792,2982.546630859375,141.16748046875
5259,LSTM,2013-12-20 14:00:00,2857.4458,2926.543212890625,69.097412109375
5259,LSTM,2013-12-20 14:10:00,2897.9282,2863.89306640625,34.03515625
5259,LSTM,2013-12-20 14:20:00,2816.0342,2826.481201171875,10.447021484375
5259,LSTM,2013-12-20 14:30:00,2770.7969,2791.1533203125,20.3564453125
5259,LSTM,2013-12-20 14:40:00,3127.0876,2754.091796875,372.995849609375
5259,LSTM,2013-12-20 14:50:00,2878.5342,2826.173583984375,52.360595703125
5259,LSTM,2013-12-20 15:00:00,3007.1934,2871.287353515625,135.906005859375
5259,LSTM,2013-12-20 15:10:00,2896.5752,2924.05419921875,27.47900390625
5259,LSTM,2013-12-20 15:20:00,2922.5242,2935.908447265625,13.38427734375
5259,LSTM,2013-12-20 15:30:00,2883.4846,2928.92431640625,45.439697265625
5259,LSTM,2013-12-20 15:40:00,2909.8333,2902.7841796875,7.049072265625
5259,LSTM,2013-12-20 15:50:00,2684.6575,2880.569580078125,195.912109375
5259,LSTM,2013-12-20 16:00:00,2849.299,2803.774169921875,45.52490234375
5259,LSTM,2013-12-20 16:10:00,2931.25,2762.744140625,168.505859375
5259,LSTM,2013-12-20 16:20:00,2573.3015,2776.524658203125,203.22314453125
5259,LSTM,2013-12-20 16:30:00,2515.543,2717.55126953125,202.00830078125
5259,LSTM,2013-12-20 16:40:00,2507.9436,2616.450927734375,108.50732421875
5259,LSTM,2013-12-20 16:50:00,2226.5347,2517.04248046875,290.5078125
5259,LSTM,2013-12-20 17:00:00,2203.5464,2367.89453125,164.34814453125
5259,LSTM,2013-12-20 17:10:00,2082.3489,2223.423095703125,141.07421875
5259,LSTM,2013-12-20 17:20:00,1719.538,2086.776611328125,367.2386474609375
5259,LSTM,2013-12-20 17:30:00,1901.25,1891.17138671875,10.07861328125
5259,LSTM,2013-12-20 17:40:00,1769.5541,1760.811279296875,8.7427978515625
5259,LSTM,2013-12-20 17:50:00,1628.4906,1667.7623291015625,39.271728515625
5259,LSTM,2013-12-20 18:00:00,1499.522,1582.5068359375,82.98486328125
5259,LSTM,2013-12-20 18:10:00,1488.8445,1488.6668701171875,0.1776123046875
5259,LSTM,2013-12-20 18:20:00,1333.2395,1410.9805908203125,77.7410888671875
5259,LSTM,2013-12-20 18:30:00,1216.8798,1322.0882568359375,105.20849609375
5259,LSTM,2013-12-20 18:40:00,1138.0107,1218.2628173828125,80.2520751953125
5259,LSTM,2013-12-20 18:50:00,1066.633,1110.994873046875,44.36181640625
5259,LSTM,2013-12-20 19:00:00,1032.1317,1010.221923828125,21.9097900390625
5259,LSTM,2013-12-20 19:10:00,1043.8258,929.95947265625,113.8663330078125
5259,LSTM,2013-12-20 19:20:00,1009.7769,885.9855346679688,123.7913818359375
5259,LSTM,2013-12-20 19:30:00,895.57245,867.5789184570312,27.9935302734375
5259,LSTM,2013-12-20 19:40:00,914.85645,840.6460571289062,74.21038818359375
5259,LSTM,2013-12-20 19:50:00,885.6959,820.4024658203125,65.29345703125
5259,LSTM,2013-12-20 20:00:00,917.4472,803.340576171875,114.10662841796875
5259,LSTM,2013-12-20 20:10:00,873.73114,802.2142333984375,71.51690673828125
5259,LSTM,2013-12-20 20:20:00,781.0958,801.7758178710938,20.67999267578125
5259,LSTM,2013-12-20 20:30:00,800.3653,778.75390625,21.61138916015625
5259,LSTM,2013-12-20 20:40:00,801.4755,752.4830932617188,48.992431640625
5259,LSTM,2013-12-20 20:50:00,840.0716,732.1105346679688,107.9610595703125
5259,LSTM,2013-12-20 21:00:00,769.9396,731.5015258789062,38.43804931640625
5259,LSTM,2013-12-20 21:10:00,678.9203,726.4602661132812,47.53997802734375
5259,LSTM,2013-12-20 21:20:00,827.21454,696.2730712890625,130.94146728515625
5259,LSTM,2013-12-20 21:30:00,803.5616,695.4363403320312,108.125244140625
5259,LSTM,2013-12-20 21:40:00,721.77924,709.2718505859375,12.50738525390625
5259,LSTM,2013-12-20 21:50:00,781.7198,708.4821166992188,73.2376708984375
5259,LSTM,2013-12-20 22:00:00,704.71326,713.6889038085938,8.97564697265625
5259,LSTM,2013-12-20 22:10:00,847.92944,702.4998779296875,145.4295654296875
5259,LSTM,2013-12-20 22:20:00,711.7118,720.5949096679688,8.88311767578125
5259,LSTM,2013-12-20 22:30:00,733.27405,719.396728515625,13.8773193359375
5259,LSTM,2013-12-20 22:40:00,672.7558,711.0479736328125,38.29217529296875
5259,LSTM,2013-12-20 22:50:00,650.9423,684.8226928710938,33.88037109375
5259,LSTM,2013-12-20 23:00:00,660.82275,647.7962036132812,13.02655029296875
5259,LSTM,2013-12-20 23:10:00,704.2964,615.3681640625,88.92822265625
5259,LSTM,2013-12-20 23:20:00,598.08527,604.9828491210938,6.8975830078125
5259,LSTM,2013-12-20 23:30:00,612.6435,584.342529296875,28.30096435546875
5259,LSTM,2013-12-20 23:40:00,574.4144,564.8230590820312,9.59136962890625
5259,LSTM,2013-12-20 23:50:00,538.6332,541.0292358398438,2.39605712890625
5259,LSTM,2013-12-21 00:00:00,506.62985,511.0956115722656,4.46575927734375
5259,LSTM,2013-12-21 00:10:00,487.7432,476.3005676269531,11.442626953125
5259,LSTM,2013-12-21 00:20:00,479.391,441.9812316894531,37.409759521484375
5259,LSTM,2013-12-21 00:30:00,435.40778,414.1412658691406,21.266510009765625
5259,LSTM,2013-12-21 00:40:00,471.49017,386.23077392578125,85.2593994140625
5259,LSTM,2013-12-21 00:50:00,396.91702,373.660888671875,23.256134033203125
5259,LSTM,2013-12-21 01:00:00,348.55618,355.905029296875,7.348846435546875
5259,LSTM,2013-12-21 01:10:00,479.2811,326.8158264160156,152.46527099609375
5259,LSTM,2013-12-21 01:20:00,344.19623,329.444580078125,14.75164794921875
5259,LSTM,2013-12-21 01:30:00,423.1674,320.1400146484375,103.02737426757812
5259,LSTM,2013-12-21 01:40:00,399.72092,324.2102966308594,75.5106201171875
5259,LSTM,2013-12-21 01:50:00,389.96762,331.17999267578125,58.787628173828125
5259,LSTM,2013-12-21 02:00:00,368.22296,336.4859924316406,31.736968994140625
5259,LSTM,2013-12-21 02:10:00,400.01047,334.6529541015625,65.35751342773438
5259,LSTM,2013-12-21 02:20:00,342.7416,336.9222412109375,5.819366455078125
5259,LSTM,2013-12-21 02:30:00,298.15744,328.1058044433594,29.9483642578125
5259,LSTM,2013-12-21 02:40:00,299.0245,303.3628234863281,4.33831787109375
5259,LSTM,2013-12-21 02:50:00,308.54465,274.3225402832031,34.22210693359375
5259,LSTM,2013-12-21 03:00:00,347.90204,251.80642700195312,96.09561157226562
5259,LSTM,2013-12-21 03:10:00,346.21344,248.3699188232422,97.84352111816406
5259,LSTM,2013-12-21 03:20:00,249.62515,257.7694091796875,8.144256591796875
5259,LSTM,2013-12-21 03:30:00,243.95177,249.67405700683594,5.7222900390625
5259,LSTM,2013-12-21 03:40:00,255.19742,230.0603485107422,25.137069702148438
5259,LSTM,2013-12-21 03:50:00,206.65225,210.42642211914062,3.774169921875
5259,LSTM,2013-12-21 04:00:00,213.54369,184.05685424804688,29.486831665039062
5259,LSTM,2013-12-21 04:10:00,264.47836,160.86203002929688,103.6163330078125
5259,LSTM,2013-12-21 04:20:00,190.69513,157.1868896484375,33.50823974609375
5259,LSTM,2013-12-21 04:30:00,212.31595,149.54360961914062,62.7723388671875
5259,LSTM,2013-12-21 04:40:00,240.70879,145.56829833984375,95.14048767089844
5259,LSTM,2013-12-21 04:50:00,186.1605,151.74002075195312,34.42048645019531
5259,LSTM,2013-12-21 05:00:00,223.51172,150.44561767578125,73.06610107421875
5259,LSTM,2013-12-21 05:10:00,219.1896,153.38848876953125,65.80111694335938
5259,LSTM,2013-12-21 05:20:00,205.64354,157.93328857421875,47.71025085449219
5259,LSTM,2013-12-21 05:30:00,195.75175,159.60040283203125,36.15135192871094
5259,LSTM,2013-12-21 05:40:00,246.69402,156.88714599609375,89.80686950683594
5259,LSTM,2013-12-21 05:50:00,202.85002,164.33401489257812,38.51600646972656
5259,LSTM,2013-12-21 06:00:00,217.66115,166.8347625732422,50.826385498046875
5259,LSTM,2013-12-21 06:10:00,227.7935,169.01918029785156,58.774322509765625
5259,LSTM,2013-12-21 06:20:00,215.32538,173.18577575683594,42.13960266113281
5259,LSTM,2013-12-21 06:30:00,221.06284,175.0007781982422,46.06205749511719
5259,LSTM,2013-12-21 06:40:00,259.14685,176.3385009765625,82.808349609375
5259,LSTM,2013-12-21 06:50:00,272.075,186.35067749023438,85.72433471679688
5259,LSTM,2013-12-21 07:00:00,285.7214,203.22662353515625,82.49478149414062
5259,LSTM,2013-12-21 07:10:00,278.958,224.24554443359375,54.71246337890625
5259,LSTM,2013-12-21 07:20:00,278.19638,241.82730102539062,36.36907958984375
5259,LSTM,2013-12-21 07:30:00,231.95676,253.23106384277344,21.274307250976562
5259,LSTM,2013-12-21 07:40:00,309.91586,247.2234344482422,62.69242858886719
5259,LSTM,2013-12-21 07:50:00,275.5203,250.12014770507812,25.400146484375
5259,LSTM,2013-12-21 08:00:00,274.7701,250.58416748046875,24.185943603515625
5259,LSTM,2013-12-21 08:10:00,374.76315,249.0118865966797,125.75126647949219
5259,LSTM,2013-12-21 08:20:00,319.24484,270.5086669921875,48.736175537109375
5259,LSTM,2013-12-21 08:30:00,368.69528,289.21685791015625,79.47842407226562
5259,LSTM,2013-12-21 08:40:00,379.07684,313.43408203125,65.64276123046875
5259,LSTM,2013-12-21 08:50:00,361.63367,338.58294677734375,23.05072021484375
5259,LSTM,2013-12-21 09:00:00,431.41107,354.63604736328125,76.7750244140625
5259,LSTM,2013-12-21 09:10:00,454.8043,378.36785888671875,76.43643188476562
5259,LSTM,2013-12-21 09:20:00,413.9554,408.2129821777344,5.742431640625
5259,LSTM,2013-12-21 09:30:00,484.30368,425.5013122558594,58.8023681640625
5259,LSTM,2013-12-21 09:40:00,528.7535,447.8733825683594,80.88009643554688
5259,LSTM,2013-12-21 09:50:00,653.6567,480.05560302734375,173.60107421875
5259,LSTM,2013-12-21 10:00:00,439.9082,543.0316162109375,103.1234130859375
5259,LSTM,2013-12-21 10:10:00,483.7058,558.5506591796875,74.8448486328125
5259,LSTM,2013-12-21 10:20:00,482.59622,548.8527221679688,66.25650024414062
5259,LSTM,2013-12-21 10:30:00,496.27115,524.8479614257812,28.576812744140625
5259,LSTM,2013-12-21 10:40:00,505.2123,500.6275329589844,4.58477783203125
5259,LSTM,2013-12-21 10:50:00,596.3699,483.7852783203125,112.5845947265625
5259,LSTM,2013-12-21 11:00:00,616.4279,497.725341796875,118.70257568359375
5259,LSTM,2013-12-21 11:10:00,672.27057,533.087158203125,139.18341064453125
5259,LSTM,2013-12-21 11:20:00,606.2478,587.540771484375,18.70703125
5259,LSTM,2013-12-21 11:30:00,611.718,624.6012573242188,12.88323974609375
5259,LSTM,2013-12-21 11:40:00,520.16656,642.2314453125,122.06488037109375
5259,LSTM,2013-12-21 11:50:00,497.53125,619.7334594726562,122.20220947265625
5259,LSTM,2013-12-21 12:00:00,499.46503,570.3779907226562,70.9129638671875
5259,LSTM,2013-12-21 12:10:00,581.15454,515.7158203125,65.438720703125
5259,LSTM,2013-12-21 12:20:00,552.1506,490.80926513671875,61.34130859375
5259,LSTM,2013-12-21 12:30:00,646.7219,483.3852844238281,163.33663940429688
5259,LSTM,2013-12-21 12:40:00,643.5367,511.51348876953125,132.023193359375
5259,LSTM,2013-12-21 12:50:00,555.04614,554.9613037109375,0.0848388671875
5259,LSTM,2013-12-21 13:00:00,589.18256,575.1314086914062,14.0511474609375
5259,LSTM,2013-12-21 13:10:00,602.50653,583.3621826171875,19.14434814453125
5259,LSTM,2013-12-21 13:20:00,520.00256,585.9393310546875,65.936767578125
5259,LSTM,2013-12-21 13:30:00,454.6469,563.9890747070312,109.3421630859375
5259,LSTM,2013-12-21 13:40:00,489.85046,514.5900268554688,24.73956298828125
5259,LSTM,2013-12-21 13:50:00,527.1475,467.61566162109375,59.5318603515625
5259,LSTM,2013-12-21 14:00:00,500.52725,442.7262878417969,57.80096435546875
5259,LSTM,2013-12-21 14:10:00,549.468,431.067138671875,118.40087890625
5259,LSTM,2013-12-21 14:20:00,474.72382,442.02020263671875,32.70361328125
5259,LSTM,2013-12-21 14:30:00,481.09317,446.08258056640625,35.010589599609375
5259,LSTM,2013-12-21 14:40:00,564.00806,445.601318359375,118.40673828125
5259,LSTM,2013-12-21 14:50:00,470.29813,463.2667541503906,7.0313720703125
5259,LSTM,2013-12-21 15:00:00,507.5579,466.1795349121094,41.37835693359375
5259,LSTM,2013-12-21 15:10:00,481.74786,467.97772216796875,13.7701416015625
5259,LSTM,2013-12-21 15:20:00,476.9445,462.8089599609375,14.135528564453125
5259,LSTM,2013-12-21 15:30:00,472.4902,453.4047546386719,19.08544921875
5259,LSTM,2013-12-21 15:40:00,574.7181,442.5805358886719,132.13754272460938
5259,LSTM,2013-12-21 15:50:00,477.47223,459.0680236816406,18.404205322265625
5259,LSTM,2013-12-21 16:00:00,509.322,465.8394775390625,43.482513427734375
5259,LSTM,2013-12-21 16:10:00,582.452,471.97686767578125,110.47515869140625
5259,LSTM,2013-12-21 16:20:00,560.96,494.8471374511719,66.11288452148438
5259,LSTM,2013-12-21 16:30:00,488.48517,518.6407470703125,30.15557861328125
5259,LSTM,2013-12-21 16:40:00,541.77325,519.2578125,22.51544189453125
5259,LSTM,2013-12-21 16:50:00,444.57492,517.73876953125,73.16384887695312
5259,LSTM,2013-12-21 17:00:00,530.27124,491.3778076171875,38.8934326171875
5259,LSTM,2013-12-21 17:10:00,533.8649,476.1651306152344,57.699798583984375
5259,LSTM,2013-12-21 17:20:00,513.35547,473.17205810546875,40.18341064453125
5259,LSTM,2013-12-21 17:30:00,471.74976,473.4595947265625,1.7098388671875
5259,LSTM,2013-12-21 17:40:00,558.72833,464.7720031738281,93.95632934570312
5259,LSTM,2013-12-21 17:50:00,478.33832,473.4873046875,4.85101318359375
5259,LSTM,2013-12-21 18:00:00,481.84167,471.7993469238281,10.042327880859375
5259,LSTM,2013-12-21 18:10:00,559.3179,464.08477783203125,95.23309326171875
5259,LSTM,2013-12-21 18:20:00,554.10406,473.7030944824219,80.40097045898438
5259,LSTM,2013-12-21 18:30:00,547.5673,491.7217712402344,55.845550537109375
5259,LSTM,2013-12-21 18:40:00,554.0689,509.3836669921875,44.68524169921875
5259,LSTM,2013-12-21 18:50:00,477.06857,524.2749633789062,47.206390380859375
5259,LSTM,2013-12-21 19:00:00,460.978,514.6580810546875,53.680084228515625
5259,LSTM,2013-12-21 19:10:00,512.95544,487.0675354003906,25.887908935546875
5259,LSTM,2013-12-21 19:20:00,443.4748,467.46051025390625,23.9857177734375
5259,LSTM,2013-12-21 19:30:00,471.70853,440.69317626953125,31.015350341796875
5259,LSTM,2013-12-21 19:40:00,444.98468,421.9024963378906,23.082183837890625
5259,LSTM,2013-12-21 19:50:00,426.44876,405.7496337890625,20.699127197265625
5259,LSTM,2013-12-21 20:00:00,461.81088,389.90411376953125,71.90676879882812
5259,LSTM,2013-12-21 20:10:00,464.07947,386.2662658691406,77.81320190429688
5259,LSTM,2013-12-21 20:20:00,454.74393,392.0326232910156,62.7113037109375
5259,LSTM,2013-12-21 20:30:00,432.80283,400.2308044433594,32.572021484375
5259,LSTM,2013-12-21 20:40:00,455.832,402.6663818359375,53.165618896484375
5259,LSTM,2013-12-21 20:50:00,469.57806,406.6197509765625,62.95831298828125
5259,LSTM,2013-12-21 21:00:00,430.80716,414.6102294921875,16.196929931640625
5259,LSTM,2013-12-21 21:10:00,462.619,414.229736328125,48.389251708984375
5259,LSTM,2013-12-21 21:20:00,474.33508,416.442626953125,57.8924560546875
5259,LSTM,2013-12-21 21:30:00,472.1514,423.21868896484375,48.932708740234375
5259,LSTM,2013-12-21 21:40:00,466.91733,431.1611633300781,35.75616455078125
5259,LSTM,2013-12-21 21:50:00,535.29535,436.8224792480469,98.47286987304688
5259,LSTM,2013-12-21 22:00:00,518.03986,456.8303527832031,61.209503173828125
5259,LSTM,2013-12-21 22:10:00,441.86853,477.8396301269531,35.971099853515625
5259,LSTM,2013-12-21 22:20:00,385.2778,475.551513671875,90.27371215820312
5259,LSTM,2013-12-21 22:30:00,364.363,444.11883544921875,79.75582885742188
5259,LSTM,2013-12-21 22:40:00,409.0308,395.8077087402344,13.22308349609375
5259,LSTM,2013-12-21 22:50:00,324.79208,358.9487609863281,34.15667724609375
5259,LSTM,2013-12-21 23:00:00,464.2636,317.4532775878906,146.81033325195312
5259,LSTM,2013-12-21 23:10:00,556.527,315.6849365234375,240.842041015625
5259,LSTM,2013-12-21 23:20:00,559.4772,363.07562255859375,196.40155029296875
5259,LSTM,2013-12-21 23:30:00,679.31744,432.49969482421875,246.8177490234375
5259,LSTM,2013-12-21 23:40:00,820.9844,530.310546875,290.673828125
5259,LSTM,2013-12-21 23:50:00,884.41693,661.7791137695312,222.6378173828125
5259,LSTM,2013-12-22 00:00:00,1037.0502,803.7939453125,233.2562255859375
5259,LSTM,2013-12-22 00:10:00,994.9924,961.4849853515625,33.50738525390625
5259,LSTM,2013-12-22 00:20:00,1163.591,1082.7945556640625,80.79638671875
5259,LSTM,2013-12-22 00:30:00,957.0945,1195.444091796875,238.349609375
5259,LSTM,2013-12-22 00:40:00,955.5932,1218.701171875,263.10797119140625
5259,LSTM,2013-12-22 00:50:00,995.63904,1174.8773193359375,179.23828125
5259,LSTM,2013-12-22 01:00:00,985.5197,1108.2222900390625,122.70257568359375
5259,LSTM,2013-12-22 01:10:00,1118.0166,1039.627685546875,78.388916015625
5259,LSTM,2013-12-22 01:20:00,1052.2269,1019.3368530273438,32.89007568359375
5259,LSTM,2013-12-22 01:30:00,1061.6437,1014.6349487304688,47.00872802734375
5259,LSTM,2013-12-22 01:40:00,835.6274,1019.6896362304688,184.062255859375
5259,LSTM,2013-12-22 01:50:00,1041.6499,967.1705932617188,74.47930908203125
5259,LSTM,2013-12-22 02:00:00,999.2085,942.6455688476562,56.56292724609375
5259,LSTM,2013-12-22 02:10:00,820.4098,931.327880859375,110.9180908203125
5259,LSTM,2013-12-22 02:20:00,755.2864,883.5982666015625,128.3118896484375
5259,LSTM,2013-12-22 02:30:00,766.4913,805.9384155273438,39.4471435546875
5259,LSTM,2013-12-22 02:40:00,650.0859,730.767822265625,80.68194580078125
5259,LSTM,2013-12-22 02:50:00,542.87256,645.77197265625,102.8994140625
5259,LSTM,2013-12-22 03:00:00,566.58,547.076904296875,19.50311279296875
5259,LSTM,2013-12-22 03:10:00,569.7812,468.644287109375,101.13690185546875
5259,LSTM,2013-12-22 03:20:00,532.1656,422.812744140625,109.35284423828125
5259,LSTM,2013-12-22 03:30:00,370.3822,399.3271179199219,28.944915771484375
5259,LSTM,2013-12-22 03:40:00,393.52292,355.2049255371094,38.3179931640625
5259,LSTM,2013-12-22 03:50:00,431.68192,313.3544616699219,118.32745361328125
5259,LSTM,2013-12-22 04:00:00,362.13434,293.2970886230469,68.83724975585938
5259,LSTM,2013-12-22 04:10:00,220.06572,276.28570556640625,56.21998596191406
5259,LSTM,2013-12-22 04:20:00,183.95947,231.01405334472656,47.05458068847656
5259,LSTM,2013-12-22 04:30:00,186.99693,169.40994262695312,17.586990356445312
5259,LSTM,2013-12-22 04:40:00,184.61205,113.17191314697266,71.44013214111328
5259,LSTM,2013-12-22 04:50:00,196.37656,73.62626647949219,122.75028991699219
5259,LSTM,2013-12-22 05:00:00,167.44131,56.92021560668945,110.52110290527344
5259,LSTM,2013-12-22 05:10:00,171.16751,51.899444580078125,119.26806640625
5259,LSTM,2013-12-22 05:20:00,191.29349,56.22748565673828,135.06600952148438
5259,LSTM,2013-12-22 05:30:00,161.44586,70.691650390625,90.75421142578125
5259,LSTM,2013-12-22 05:40:00,170.60727,82.18106079101562,88.42620849609375
5259,LSTM,2013-12-22 05:50:00,174.6964,91.99462127685547,82.70177459716797
5259,LSTM,2013-12-22 06:00:00,181.15367,100.54032897949219,80.61334228515625
5259,LSTM,2013-12-22 06:10:00,198.82335,108.91791534423828,89.90543365478516
5259,LSTM,2013-12-22 06:20:00,179.38576,120.42918395996094,58.956573486328125
5259,LSTM,2013-12-22 06:30:00,180.7942,127.6414566040039,53.152748107910156
5259,LSTM,2013-12-22 06:40:00,190.4184,131.27915954589844,59.13923645019531
5259,LSTM,2013-12-22 06:50:00,172.81429,134.6185302734375,38.19575500488281
5259,LSTM,2013-12-22 07:00:00,196.85368,133.37498474121094,63.47869873046875
5259,LSTM,2013-12-22 07:10:00,315.68027,135.39178466796875,180.28848266601562
5259,LSTM,2013-12-22 07:20:00,185.09996,167.793701171875,17.306259155273438
5259,LSTM,2013-12-22 07:30:00,205.30139,182.47042846679688,22.830963134765625
5259,LSTM,2013-12-22 07:40:00,277.99747,186.48056030273438,91.51690673828125
5259,LSTM,2013-12-22 07:50:00,269.70776,200.4731903076172,69.23457336425781
5259,LSTM,2013-12-22 08:00:00,229.31062,216.812744140625,12.497879028320312
5259,LSTM,2013-12-22 08:10:00,251.14209,221.59231567382812,29.549774169921875
5259,LSTM,2013-12-22 08:20:00,241.251,222.95401000976562,18.2969970703125
5259,LSTM,2013-12-22 08:30:00,260.74567,219.7591552734375,40.98651123046875
5259,LSTM,2013-12-22 08:40:00,289.55267,219.1114044189453,70.44126892089844
5259,LSTM,2013-12-22 08:50:00,317.6177,227.32162475585938,90.29608154296875
5259,LSTM,2013-12-22 09:00:00,268.85623,246.2965850830078,22.559646606445312
5259,LSTM,2013-12-22 09:10:00,294.92975,256.2569274902344,38.672821044921875
5259,LSTM,2013-12-22 09:20:00,320.86197,264.01251220703125,56.849456787109375
5259,LSTM,2013-12-22 09:30:00,332.9196,275.0970764160156,57.822509765625
5259,LSTM,2013-12-22 09:40:00,343.0651,289.11492919921875,53.950164794921875
5259,LSTM,2013-12-22 09:50:00,319.6543,304.51629638671875,15.13800048828125
5259,LSTM,2013-12-22 10:00:00,393.04242,311.7386169433594,81.30380249023438
5259,LSTM,2013-12-22 10:10:00,390.87643,329.804443359375,61.071990966796875
5259,LSTM,2013-12-22 10:20:00,340.58954,350.8669128417969,10.277374267578125
5259,LSTM,2013-12-22 10:30:00,336.16986,356.8050231933594,20.635162353515625
5259,LSTM,2013-12-22 10:40:00,408.23965,350.1043701171875,58.135284423828125
5259,LSTM,2013-12-22 10:50:00,390.3639,354.3902282714844,35.973663330078125
5259,LSTM,2013-12-22 11:00:00,392.3363,360.94635009765625,31.38995361328125
5259,LSTM,2013-12-22 11:10:00,410.13565,367.657470703125,42.478179931640625
5259,LSTM,2013-12-22 11:20:00,415.60223,376.98291015625,38.61932373046875
5259,LSTM,2013-12-22 11:30:00,443.78903,387.08648681640625,56.702545166015625
5259,LSTM,2013-12-22 11:40:00,465.2193,402.200927734375,63.01837158203125
5259,LSTM,2013-12-22 11:50:00,453.282,422.4743347167969,30.80767822265625
5259,LSTM,2013-12-22 12:00:00,546.5487,438.5369567871094,108.01174926757812
5259,LSTM,2013-12-22 12:10:00,502.9173,471.254150390625,31.66314697265625
5259,LSTM,2013-12-22 12:20:00,499.919,497.01910400390625,2.89990234375
5259,LSTM,2013-12-22 12:30:00,481.3729,511.2421569824219,29.8692626953125
5259,LSTM,2013-12-22 12:40:00,523.12317,509.89593505859375,13.22723388671875
5259,LSTM,2013-12-22 12:50:00,493.44873,509.0965576171875,15.6478271484375
5259,LSTM,2013-12-22 13:00:00,613.05676,501.5696716308594,111.48709106445312
5259,LSTM,2013-12-22 13:10:00,622.08905,521.0050048828125,101.08404541015625
5259,LSTM,2013-12-22 13:20:00,585.4621,556.10400390625,29.35809326171875
5259,LSTM,2013-12-22 13:30:00,575.93835,583.4581909179688,7.51983642578125
5259,LSTM,2013-12-22 13:40:00,565.00854,596.0872802734375,31.0787353515625
5259,LSTM,2013-12-22 13:50:00,508.62466,593.0128173828125,84.38815307617188
5259,LSTM,2013-12-22 14:00:00,573.56366,565.9984130859375,7.56524658203125
5259,LSTM,2013-12-22 14:10:00,540.985,545.7491455078125,4.76416015625
5259,LSTM,2013-12-22 14:20:00,499.356,526.5128173828125,27.156829833984375
5259,LSTM,2013-12-22 14:30:00,538.56976,501.1439208984375,37.42584228515625
5259,LSTM,2013-12-22 14:40:00,542.69696,486.5384216308594,56.158538818359375
5259,LSTM,2013-12-22 14:50:00,526.4454,482.9375915527344,43.507781982421875
5259,LSTM,2013-12-22 15:00:00,529.1866,482.6982421875,46.48834228515625
5259,LSTM,2013-12-22 15:10:00,572.53143,484.8148193359375,87.71661376953125
5259,LSTM,2013-12-22 15:20:00,532.5491,498.67779541015625,33.87127685546875
5259,LSTM,2013-12-22 15:30:00,580.4257,507.169677734375,73.25604248046875
5259,LSTM,2013-12-22 15:40:00,647.1941,522.10888671875,125.085205078125
5259,LSTM,2013-12-22 15:50:00,558.8859,555.1828002929688,3.703125
5259,LSTM,2013-12-22 16:00:00,547.6403,570.6560668945312,23.0157470703125
5259,LSTM,2013-12-22 16:10:00,564.81726,567.7561645507812,2.93890380859375
5259,LSTM,2013-12-22 16:20:00,590.0939,558.078369140625,32.0155029296875
5259,LSTM,2013-12-22 16:30:00,563.39,553.1171264648438,10.27288818359375
5259,LSTM,2013-12-22 16:40:00,624.62726,545.8641357421875,78.76312255859375
5259,LSTM,2013-12-22 16:50:00,532.387,553.9472045898438,21.5601806640625
5259,LSTM,2013-12-22 17:00:00,516.37805,546.756591796875,30.3785400390625
5259,LSTM,2013-12-22 17:10:00,556.71545,526.3602294921875,30.355224609375
5259,LSTM,2013-12-22 17:20:00,513.04004,512.0543823242188,0.98565673828125
5259,LSTM,2013-12-22 17:30:00,496.24185,494.2757873535156,1.966064453125
5259,LSTM,2013-12-22 17:40:00,521.32025,473.75823974609375,47.56201171875
5259,LSTM,2013-12-22 17:50:00,449.22076,462.2044982910156,12.983734130859375
5259,LSTM,2013-12-22 18:00:00,456.61038,441.08642578125,15.523956298828125
5259,LSTM,2013-12-22 18:10:00,406.3913,419.9348449707031,13.543548583984375
5259,LSTM,2013-12-22 18:20:00,376.73853,391.17596435546875,14.43743896484375
5259,LSTM,2013-12-22 18:30:00,331.3848,356.5798645019531,25.195068359375
5259,LSTM,2013-12-22 18:40:00,360.7096,314.9363098144531,45.773284912109375
5259,LSTM,2013-12-22 18:50:00,288.14633,285.3333435058594,2.81298828125
5259,LSTM,2013-12-22 19:00:00,307.3615,252.7734375,54.58807373046875
5259,LSTM,2013-12-22 19:10:00,340.1692,229.88304138183594,110.28614807128906
5259,LSTM,2013-12-22 19:20:00,283.19955,226.44281005859375,56.756744384765625
5259,LSTM,2013-12-22 19:30:00,283.03537,222.7705535888672,60.26481628417969
5259,LSTM,2013-12-22 19:40:00,243.07599,219.44741821289062,23.628570556640625
5259,LSTM,2013-12-22 19:50:00,211.08592,207.75572204589844,3.3302001953125
5259,LSTM,2013-12-22 20:00:00,229.33755,185.8980712890625,43.439483642578125
5259,LSTM,2013-12-22 20:10:00,252.6313,167.18560791015625,85.44569396972656
5259,LSTM,2013-12-22 20:20:00,232.55634,160.92320251464844,71.63313293457031
5259,LSTM,2013-12-22 20:30:00,243.38852,159.7396697998047,83.64884948730469
5259,LSTM,2013-12-22 20:40:00,239.44942,164.66439819335938,74.78501892089844
5259,LSTM,2013-12-22 20:50:00,226.13972,171.69248962402344,54.447235107421875
5259,LSTM,2013-12-22 21:00:00,218.93285,175.57070922851562,43.36213684082031
5259,LSTM,2013-12-22 21:10:00,234.47743,175.1175079345703,59.35992431640625
5259,LSTM,2013-12-22 21:20:00,231.87494,176.0972900390625,55.77764892578125
5259,LSTM,2013-12-22 21:30:00,213.88354,177.7123565673828,36.17118835449219
5259,LSTM,2013-12-22 21:40:00,209.93727,175.407470703125,34.52980041503906
5259,LSTM,2013-12-22 21:50:00,209.09283,170.2779083251953,38.81492614746094
5259,LSTM,2013-12-22 22:00:00,213.3054,164.46266174316406,48.842742919921875
5259,LSTM,2013-12-22 22:10:00,238.21701,160.68319702148438,77.5338134765625
5259,LSTM,2013-12-22 22:20:00,188.37274,165.1378936767578,23.234848022460938
5259,LSTM,2013-12-22 22:30:00,219.61612,162.22508239746094,57.39103698730469
5259,LSTM,2013-12-22 22:40:00,247.00484,162.34654235839844,84.65829467773438
5259,LSTM,2013-12-22 22:50:00,202.41368,171.22354125976562,31.190139770507812
5259,LSTM,2013-12-22 23:00:00,254.67386,173.44650268554688,81.22735595703125
5259,LSTM,2013-12-22 23:10:00,260.00098,183.15438842773438,76.84658813476562
5259,LSTM,2013-12-22 23:20:00,190.74252,197.30056762695312,6.55804443359375
5259,LSTM,2013-12-22 23:30:00,237.62634,194.8018341064453,42.82450866699219
5259,LSTM,2013-12-22 23:40:00,207.7769,193.0290985107422,14.747802734375
5259,LSTM,2013-12-22 23:50:00,191.04552,185.51913452148438,5.5263824462890625
5259,TCN,2013-12-16 00:00:00,222.30826,377.3192138671875,155.01095581054688
5259,TCN,2013-12-16 00:10:00,211.72435,376.3882751464844,164.66392517089844
5259,TCN,2013-12-16 00:20:00,228.3671,373.3182373046875,144.95114135742188
5259,TCN,2013-12-16 00:30:00,209.08351,372.64434814453125,163.5608367919922
5259,TCN,2013-12-16 00:40:00,192.91374,371.5642395019531,178.65049743652344
5259,TCN,2013-12-16 00:50:00,192.76501,369.80548095703125,177.04046630859375
5259,TCN,2013-12-16 01:00:00,206.97308,369.1940612792969,162.22097778320312
5259,TCN,2013-12-16 01:10:00,234.10466,362.96832275390625,128.86366271972656
5259,TCN,2013-12-16 01:20:00,206.42862,360.1816101074219,153.75299072265625
5259,TCN,2013-12-16 01:30:00,206.32529,356.99310302734375,150.66781616210938
5259,TCN,2013-12-16 01:40:00,195.2828,352.602294921875,157.31948852539062
5259,TCN,2013-12-16 01:50:00,187.51593,348.6849060058594,161.16897583007812
5259,TCN,2013-12-16 02:00:00,169.92992,344.8902587890625,174.96034240722656
5259,TCN,2013-12-16 02:10:00,193.78354,340.3012390136719,146.5177001953125
5259,TCN,2013-12-16 02:20:00,169.874,337.36944580078125,167.49545288085938
5259,TCN,2013-12-16 02:30:00,167.73363,335.08331298828125,167.3496856689453
5259,TCN,2013-12-16 02:40:00,196.84103,332.9376525878906,136.09661865234375
5259,TCN,2013-12-16 02:50:00,163.31662,331.83917236328125,168.52255249023438
5259,TCN,2013-12-16 03:00:00,164.88988,330.4497985839844,165.55992126464844
5259,TCN,2013-12-16 03:10:00,213.83914,328.1440734863281,114.304931640625
5259,TCN,2013-12-16 03:20:00,168.66273,326.4534606933594,157.7907257080078
5259,TCN,2013-12-16 03:30:00,166.91852,325.9921875,159.07366943359375
5259,TCN,2013-12-16 03:40:00,187.45837,326.2104187011719,138.75204467773438
5259,TCN,2013-12-16 03:50:00,171.63751,324.8061218261719,153.16860961914062
5259,TCN,2013-12-16 04:00:00,169.25964,324.8952941894531,155.63565063476562
5259,TCN,2013-12-16 04:10:00,178.00412,325.5453796386719,147.541259765625
5259,TCN,2013-12-16 04:20:00,168.92126,325.9337463378906,157.01248168945312
5259,TCN,2013-12-16 04:30:00,171.16241,326.0960693359375,154.93365478515625
5259,TCN,2013-12-16 04:40:00,205.22343,327.96734619140625,122.74391174316406
5259,TCN,2013-12-16 04:50:00,189.87572,329.5599060058594,139.68418884277344
5259,TCN,2013-12-16 05:00:00,199.52766,330.552978515625,131.0253143310547
5259,TCN,2013-12-16 05:10:00,182.89713,332.0279235839844,149.13079833984375
5259,TCN,2013-12-16 05:20:00,229.88231,333.85845947265625,103.97615051269531
5259,TCN,2013-12-16 05:30:00,194.64496,337.275634765625,142.63067626953125
5259,TCN,2013-12-16 05:40:00,224.58917,337.7662048339844,113.17703247070312
5259,TCN,2013-12-16 05:50:00,237.17326,339.7047424316406,102.53147888183594
5259,TCN,2013-12-16 06:00:00,303.32068,341.5681457519531,38.247467041015625
5259,TCN,2013-12-16 06:10:00,308.52094,346.0335998535156,37.512664794921875
5259,TCN,2013-12-16 06:20:00,344.40997,350.4071350097656,5.997161865234375
5259,TCN,2013-12-16 06:30:00,428.8805,354.6990051269531,74.18148803710938
5259,TCN,2013-12-16 06:40:00,472.67004,365.8670654296875,106.802978515625
5259,TCN,2013-12-16 06:50:00,609.2558,380.671630859375,228.58416748046875
5259,TCN,2013-12-16 07:00:00,728.3173,412.8443603515625,315.47296142578125
5259,TCN,2013-12-16 07:10:00,860.0231,476.6240234375,383.3990478515625
5259,TCN,2013-12-16 07:20:00,1125.8514,619.1040649414062,506.74737548828125
5259,TCN,2013-12-16 07:30:00,1168.1613,1059.8724365234375,108.288818359375
5259,TCN,2013-12-16 07:40:00,1387.155,1201.220458984375,185.9345703125
5259,TCN,2013-12-16 07:50:00,1756.5063,1453.51953125,302.98681640625
5259,TCN,2013-12-16 08:00:00,2052.4333,1716.9813232421875,335.4520263671875
5259,TCN,2013-12-16 08:10:00,2183.5962,1969.501708984375,214.094482421875
5259,TCN,2013-12-16 08:20:00,2043.3542,2190.4052734375,147.051025390625
5259,TCN,2013-12-16 08:30:00,2211.981,2324.537109375,112.55615234375
5259,TCN,2013-12-16 08:40:00,2340.4595,2482.740234375,142.28076171875
5259,TCN,2013-12-16 08:50:00,2499.4402,2581.8427734375,82.402587890625
5259,TCN,2013-12-16 09:00:00,2422.35,2669.30078125,246.95068359375
5259,TCN,2013-12-16 09:10:00,2569.7798,2712.169189453125,142.389404296875
5259,TCN,2013-12-16 09:20:00,2579.7612,2771.371337890625,191.610107421875
5259,TCN,2013-12-16 09:30:00,2654.0537,2797.781982421875,143.728271484375
5259,TCN,2013-12-16 09:40:00,2848.7236,2835.330810546875,13.392822265625
5259,TCN,2013-12-16 09:50:00,2786.2073,2875.03466796875,88.827392578125
5259,TCN,2013-12-16 10:00:00,2861.6458,2907.57275390625,45.927001953125
5259,TCN,2013-12-16 10:10:00,2811.4268,2959.69140625,148.2646484375
5259,TCN,2013-12-16 10:20:00,2873.9026,2972.832275390625,98.9296875
5259,TCN,2013-12-16 10:30:00,2930.763,2991.731689453125,60.96875
5259,TCN,2013-12-16 10:40:00,3040.112,3013.330322265625,26.78173828125
5259,TCN,2013-12-16 10:50:00,3118.5771,3048.6220703125,69.955078125
5259,TCN,2013-12-16 11:00:00,2854.6624,3085.1435546875,230.481201171875
5259,TCN,2013-12-16 11:10:00,2981.6665,3096.819580078125,115.153076171875
5259,TCN,2013-12-16 11:20:00,3125.8438,3128.15234375,2.30859375
5259,TCN,2013-12-16 11:30:00,3391.409,3162.55615234375,228.852783203125
5259,TCN,2013-12-16 11:40:00,3522.35,3217.74462890625,304.60546875
5259,TCN,2013-12-16 11:50:00,3438.2263,3256.477783203125,181.74853515625
5259,TCN,2013-12-16 12:00:00,3530.8872,3296.92333984375,233.9638671875
5259,TCN,2013-12-16 12:10:00,3249.5356,3325.162841796875,75.627197265625
5259,TCN,2013-12-16 12:20:00,3270.1116,3337.65771484375,67.546142578125
5259,TCN,2013-12-16 12:30:00,3355.1326,3342.6025390625,12.530029296875
5259,TCN,2013-12-16 12:40:00,3163.86,3330.818603515625,166.95849609375
5259,TCN,2013-12-16 12:50:00,3426.3613,3289.302490234375,137.058837890625
5259,TCN,2013-12-16 13:00:00,3390.733,3292.10107421875,98.6318359375
5259,TCN,2013-12-16 13:10:00,3217.6746,3261.779296875,44.104736328125
5259,TCN,2013-12-16 13:20:00,3293.2998,3213.15771484375,80.14208984375
5259,TCN,2013-12-16 13:30:00,3250.9749,3166.500244140625,84.474609375
5259,TCN,2013-12-16 13:40:00,2988.6753,3122.1689453125,133.49365234375
5259,TCN,2013-12-16 13:50:00,2891.0247,3079.283935546875,188.25927734375
5259,TCN,2013-12-16 14:00:00,2885.945,3029.258056640625,143.31298828125
5259,TCN,2013-12-16 14:10:00,3058.1343,3003.052001953125,55.082275390625
5259,TCN,2013-12-16 14:20:00,2785.3396,3005.82958984375,220.489990234375
5259,TCN,2013-12-16 14:30:00,3014.1555,2998.30322265625,15.852294921875
5259,TCN,2013-12-16 14:40:00,2961.3494,3010.286865234375,48.9375
5259,TCN,2013-12-16 14:50:00,2770.2827,3009.33447265625,239.0517578125
5259,TCN,2013-12-16 15:00:00,2893.5417,3002.24365234375,108.701904296875
5259,TCN,2013-12-16 15:10:00,3021.9102,2990.775390625,31.134765625
5259,TCN,2013-12-16 15:20:00,3028.2185,2978.992919921875,49.2255859375
5259,TCN,2013-12-16 15:30:00,3020.55,2959.557373046875,60.99267578125
5259,TCN,2013-12-16 15:40:00,2886.4558,2966.081298828125,79.62548828125
5259,TCN,2013-12-16 15:50:00,2971.2048,2943.621337890625,27.58349609375
5259,TCN,2013-12-16 16:00:00,2918.5884,2927.663330078125,9.074951171875
5259,TCN,2013-12-16 16:10:00,2771.499,2887.58642578125,116.08740234375
5259,TCN,2013-12-16 16:20:00,2934.1196,2845.008056640625,89.111572265625
5259,TCN,2013-12-16 16:30:00,2954.7515,2815.025146484375,139.726318359375
5259,TCN,2013-12-16 16:40:00,2941.6682,2771.7978515625,169.870361328125
5259,TCN,2013-12-16 16:50:00,2747.211,2725.913818359375,21.297119140625
5259,TCN,2013-12-16 17:00:00,2658.7869,2661.359619140625,2.57275390625
5259,TCN,2013-12-16 17:10:00,2650.0586,2596.736328125,53.322265625
5259,TCN,2013-12-16 17:20:00,2317.7249,2524.244140625,206.519287109375
5259,TCN,2013-12-16 17:30:00,2560.4683,2439.621826171875,120.846435546875
5259,TCN,2013-12-16 17:40:00,2174.4463,2360.47802734375,186.03173828125
5259,TCN,2013-12-16 17:50:00,2060.105,2191.00537109375,130.900390625
5259,TCN,2013-12-16 18:00:00,2025.3452,2034.427734375,9.08251953125
5259,TCN,2013-12-16 18:10:00,1840.871,1715.0076904296875,125.86328125
5259,TCN,2013-12-16 18:20:00,1864.1748,1618.966064453125,245.208740234375
5259,TCN,2013-12-16 18:30:00,1815.9197,1520.389404296875,295.5302734375
5259,TCN,2013-12-16 18:40:00,1556.177,1431.4285888671875,124.7484130859375
5259,TCN,2013-12-16 18:50:00,1483.828,1327.15869140625,156.6693115234375
5259,TCN,2013-12-16 19:00:00,1350.4186,1257.3609619140625,93.0576171875
5259,TCN,2013-12-16 19:10:00,1286.6215,1194.29736328125,92.3240966796875
5259,TCN,2013-12-16 19:20:00,1215.8221,1136.4482421875,79.3739013671875
5259,TCN,2013-12-16 19:30:00,1162.7462,1064.5723876953125,98.173828125
5259,TCN,2013-12-16 19:40:00,1167.4231,1018.4740600585938,148.94903564453125
5259,TCN,2013-12-16 19:50:00,962.30145,977.0521240234375,14.75067138671875
5259,TCN,2013-12-16 20:00:00,951.8955,916.8729858398438,35.02252197265625
5259,TCN,2013-12-16 20:10:00,927.24634,868.9727783203125,58.2735595703125
5259,TCN,2013-12-16 20:20:00,875.9511,830.38623046875,45.56488037109375
5259,TCN,2013-12-16 20:30:00,853.06757,776.59228515625,76.47528076171875
5259,TCN,2013-12-16 20:40:00,817.6553,722.9738159179688,94.68145751953125
5259,TCN,2013-12-16 20:50:00,764.6574,665.4668579101562,99.1905517578125
5259,TCN,2013-12-16 21:00:00,819.15564,647.169921875,171.9857177734375
5259,TCN,2013-12-16 21:10:00,746.07074,648.7044067382812,97.3663330078125
5259,TCN,2013-12-16 21:20:00,672.6378,644.2586059570312,28.37921142578125
5259,TCN,2013-12-16 21:30:00,686.475,639.2239990234375,47.2509765625
5259,TCN,2013-12-16 21:40:00,691.5769,633.2210693359375,58.3558349609375
5259,TCN,2013-12-16 21:50:00,721.83545,627.4443969726562,94.39105224609375
5259,TCN,2013-12-16 22:00:00,670.438,616.6889038085938,53.74908447265625
5259,TCN,2013-12-16 22:10:00,651.57837,602.114013671875,49.46435546875
5259,TCN,2013-12-16 22:20:00,609.9294,597.233642578125,12.69573974609375
5259,TCN,2013-12-16 22:30:00,588.9925,585.9301147460938,3.0623779296875
5259,TCN,2013-12-16 22:40:00,525.4099,579.1522216796875,53.7423095703125
5259,TCN,2013-12-16 22:50:00,516.77344,568.18017578125,51.40673828125
5259,TCN,2013-12-16 23:00:00,467.06073,559.8890991210938,92.828369140625
5259,TCN,2013-12-16 23:10:00,495.03104,549.4638061523438,54.432769775390625
5259,TCN,2013-12-16 23:20:00,440.19058,538.7596435546875,98.56906127929688
5259,TCN,2013-12-16 23:30:00,458.8445,518.7885131835938,59.944000244140625
5259,TCN,2013-12-16 23:40:00,489.79425,512.7225341796875,22.92828369140625
5259,TCN,2013-12-16 23:50:00,408.49872,503.8117980957031,95.31307983398438
5259,TCN,2013-12-17 00:00:00,388.28894,491.86370849609375,103.57476806640625
5259,TCN,2013-12-17 00:10:00,415.64603,478.67095947265625,63.024932861328125
5259,TCN,2013-12-17 00:20:00,387.5084,467.4471435546875,79.93875122070312
5259,TCN,2013-12-17 00:30:00,314.92847,458.1785888671875,143.2501220703125
5259,TCN,2013-12-17 00:40:00,360.4596,445.9042053222656,85.44461059570312
5259,TCN,2013-12-17 00:50:00,302.23495,440.1694641113281,137.93450927734375
5259,TCN,2013-12-17 01:00:00,288.7284,434.3058776855469,145.57748413085938
5259,TCN,2013-12-17 01:10:00,350.71536,431.393310546875,80.67794799804688
5259,TCN,2013-12-17 01:20:00,315.43918,429.1719970703125,113.73281860351562
5259,TCN,2013-12-17 01:30:00,325.187,427.7786560058594,102.59164428710938
5259,TCN,2013-12-17 01:40:00,376.63162,425.9018249511719,49.27020263671875
5259,TCN,2013-12-17 01:50:00,344.88116,424.6309509277344,79.74978637695312
5259,TCN,2013-12-17 02:00:00,306.31808,424.59454345703125,118.27645874023438
5259,TCN,2013-12-17 02:10:00,379.13046,423.91162109375,44.781158447265625
5259,TCN,2013-12-17 02:20:00,325.17874,425.58587646484375,100.40713500976562
5259,TCN,2013-12-17 02:30:00,319.2871,424.0055236816406,104.71841430664062
5259,TCN,2013-12-17 02:40:00,333.00015,423.0791015625,90.07894897460938
5259,TCN,2013-12-17 02:50:00,284.91956,419.99749755859375,135.07794189453125
5259,TCN,2013-12-17 03:00:00,282.09207,415.9440612792969,133.85198974609375
5259,TCN,2013-12-17 03:10:00,316.85693,414.6558837890625,97.7989501953125
5259,TCN,2013-12-17 03:20:00,279.53867,411.2494812011719,131.7108154296875
5259,TCN,2013-12-17 03:30:00,316.08957,410.26715087890625,94.17758178710938
5259,TCN,2013-12-17 03:40:00,313.36972,404.54071044921875,91.17098999023438
5259,TCN,2013-12-17 03:50:00,296.68118,400.5780944824219,103.89691162109375
5259,TCN,2013-12-17 04:00:00,290.39072,397.5308837890625,107.14016723632812
5259,TCN,2013-12-17 04:10:00,339.114,395.43170166015625,56.31768798828125
5259,TCN,2013-12-17 04:20:00,308.09247,400.56854248046875,92.47607421875
5259,TCN,2013-12-17 04:30:00,294.46112,399.18780517578125,104.7266845703125
5259,TCN,2013-12-17 04:40:00,315.0319,406.4560241699219,91.42413330078125
5259,TCN,2013-12-17 04:50:00,331.99133,433.5931701660156,101.60183715820312
5259,TCN,2013-12-17 05:00:00,317.041,441.3161926269531,124.27520751953125
5259,TCN,2013-12-17 05:10:00,330.7334,447.8015441894531,117.06814575195312
5259,TCN,2013-12-17 05:20:00,338.5261,454.8735046386719,116.347412109375
5259,TCN,2013-12-17 05:30:00,311.98495,465.5006408691406,153.51568603515625
5259,TCN,2013-12-17 05:40:00,377.2446,474.5155944824219,97.27099609375
5259,TCN,2013-12-17 05:50:00,364.60797,483.2537841796875,118.64581298828125
5259,TCN,2013-12-17 06:00:00,463.99982,493.3284606933594,29.328643798828125
5259,TCN,2013-12-17 06:10:00,515.5596,507.7137756347656,7.845794677734375
5259,TCN,2013-12-17 06:20:00,516.2354,528.9549560546875,12.71954345703125
5259,TCN,2013-12-17 06:30:00,538.05585,549.6560668945312,11.6002197265625
5259,TCN,2013-12-17 06:40:00,723.58527,577.9798583984375,145.60540771484375
5259,TCN,2013-12-17 06:50:00,763.58203,638.8630981445312,124.71893310546875
5259,TCN,2013-12-17 07:00:00,728.2445,721.8930053710938,6.35150146484375
5259,TCN,2013-12-17 07:10:00,929.1893,773.2156982421875,155.97357177734375
5259,TCN,2013-12-17 07:20:00,1197.8625,929.0322265625,268.830322265625
5259,TCN,2013-12-17 07:30:00,1237.7401,1187.4217529296875,50.318359375
5259,TCN,2013-12-17 07:40:00,1657.8984,1374.9376220703125,282.9608154296875
5259,TCN,2013-12-17 07:50:00,1860.2917,1799.688232421875,60.603515625
5259,TCN,2013-12-17 08:00:00,2083.8604,2037.97509765625,45.88525390625
5259,TCN,2013-12-17 08:10:00,2054.5942,2291.338623046875,236.744384765625
5259,TCN,2013-12-17 08:20:00,2340.4487,2423.747802734375,83.299072265625
5259,TCN,2013-12-17 08:30:00,2494.3694,2602.796875,108.427490234375
5259,TCN,2013-12-17 08:40:00,2697.0933,2704.548828125,7.45556640625
5259,TCN,2013-12-17 08:50:00,2653.805,2789.078369140625,135.2734375
5259,TCN,2013-12-17 09:00:00,2913.4268,2832.60400390625,80.82275390625
5259,TCN,2013-12-17 09:10:00,2943.049,2911.937744140625,31.111328125
5259,TCN,2013-12-17 09:20:00,2912.6917,2955.556640625,42.864990234375
5259,TCN,2013-12-17 09:30:00,2882.7917,3007.916748046875,125.125
5259,TCN,2013-12-17 09:40:00,2897.9875,3026.751708984375,128.76416015625
5259,TCN,2013-12-17 09:50:00,3178.6436,3057.7060546875,120.9375
5259,TCN,2013-12-17 10:00:00,2957.539,3098.960205078125,141.421142578125
5259,TCN,2013-12-17 10:10:00,3091.1826,3122.551513671875,31.368896484375
5259,TCN,2013-12-17 10:20:00,2935.6855,3154.387451171875,218.701904296875
5259,TCN,2013-12-17 10:30:00,3038.8826,3151.759765625,112.877197265625
5259,TCN,2013-12-17 10:40:00,3033.9995,3178.601318359375,144.601806640625
5259,TCN,2013-12-17 10:50:00,3046.005,3204.526611328125,158.521728515625
5259,TCN,2013-12-17 11:00:00,3170.3352,3227.913818359375,57.57861328125
5259,TCN,2013-12-17 11:10:00,3287.0544,3271.649169921875,15.4052734375
5259,TCN,2013-12-17 11:20:00,3273.398,3325.8779296875,52.47998046875
5259,TCN,2013-12-17 11:30:00,3428.1892,3385.820556640625,42.36865234375
5259,TCN,2013-12-17 11:40:00,3300.244,3436.0869140625,135.843017578125
5259,TCN,2013-12-17 11:50:00,3524.2598,3479.02197265625,45.23779296875
5259,TCN,2013-12-17 12:00:00,3532.397,3537.86181640625,5.46484375
5259,TCN,2013-12-17 12:10:00,3420.4385,3562.218994140625,141.780517578125
5259,TCN,2013-12-17 12:20:00,3283.0588,3575.895263671875,292.83642578125
5259,TCN,2013-12-17 12:30:00,3427.2717,3568.809326171875,141.53759765625
5259,TCN,2013-12-17 12:40:00,3333.6228,3569.988525390625,236.36572265625
5259,TCN,2013-12-17 12:50:00,3423.7214,3528.902587890625,105.18115234375
5259,TCN,2013-12-17 13:00:00,3479.524,3519.994140625,40.47021484375
5259,TCN,2013-12-17 13:10:00,3253.9463,3451.50927734375,197.56298828125
5259,TCN,2013-12-17 13:20:00,3157.2212,3410.68017578125,253.458984375
5259,TCN,2013-12-17 13:30:00,3336.7227,3339.820556640625,3.097900390625
5259,TCN,2013-12-17 13:40:00,3390.9922,3310.0078125,80.984375
5259,TCN,2013-12-17 13:50:00,3404.9238,3255.775390625,149.1484375
5259,TCN,2013-12-17 14:00:00,3288.246,3240.077392578125,48.168701171875
5259,TCN,2013-12-17 14:10:00,3316.8,3220.010498046875,96.78955078125
5259,TCN,2013-12-17 14:20:00,3067.6777,3218.7919921875,151.1142578125
5259,TCN,2013-12-17 14:30:00,3504.3923,3201.650390625,302.741943359375
5259,TCN,2013-12-17 14:40:00,3546.8486,3218.07470703125,328.77392578125
5259,TCN,2013-12-17 14:50:00,3474.9421,3208.736572265625,266.20556640625
5259,TCN,2013-12-17 15:00:00,3474.5674,3211.818359375,262.7490234375
5259,TCN,2013-12-17 15:10:00,3764.5303,3201.75732421875,562.77294921875
5259,TCN,2013-12-17 15:20:00,3574.871,3199.837646484375,375.033447265625
5259,TCN,2013-12-17 15:30:00,3395.2378,3177.970458984375,217.267333984375
5259,TCN,2013-12-17 15:40:00,3378.8625,3156.099609375,222.762939453125
5259,TCN,2013-12-17 15:50:00,3221.695,3134.4375,87.257568359375
5259,TCN,2013-12-17 16:00:00,3290.868,3102.559814453125,188.30810546875
5259,TCN,2013-12-17 16:10:00,3329.6926,3049.656982421875,280.03564453125
5259,TCN,2013-12-17 16:20:00,3222.8572,3011.132568359375,211.724609375
5259,TCN,2013-12-17 16:30:00,3108.7495,2941.347412109375,167.402099609375
5259,TCN,2013-12-17 16:40:00,2915.6514,2885.23974609375,30.41162109375
5259,TCN,2013-12-17 16:50:00,2874.3008,2774.50244140625,99.79833984375
5259,TCN,2013-12-17 17:00:00,2772.0293,2706.75634765625,65.27294921875
5259,TCN,2013-12-17 17:10:00,2927.0054,2592.78759765625,334.2177734375
5259,TCN,2013-12-17 17:20:00,2516.4592,2529.548828125,13.089599609375
5259,TCN,2013-12-17 17:30:00,2449.7654,2423.85595703125,25.909423828125
5259,TCN,2013-12-17 17:40:00,2397.9626,2346.46240234375,51.500244140625
5259,TCN,2013-12-17 17:50:00,2353.1257,2240.706787109375,112.4189453125
5259,TCN,2013-12-17 18:00:00,2134.7422,2078.935791015625,55.806396484375
5259,TCN,2013-12-17 18:10:00,2112.6353,1884.4305419921875,228.2047119140625
5259,TCN,2013-12-17 18:20:00,1947.939,1776.03955078125,171.8994140625
5259,TCN,2013-12-17 18:30:00,1829.2688,1629.9830322265625,199.2857666015625
5259,TCN,2013-12-17 18:40:00,1907.5634,1537.1312255859375,370.43212890625
5259,TCN,2013-12-17 18:50:00,1698.4341,1457.40625,241.02783203125
5259,TCN,2013-12-17 19:00:00,1633.7745,1384.5506591796875,249.223876953125
5259,TCN,2013-12-17 19:10:00,1544.1361,1313.964111328125,230.1719970703125
5259,TCN,2013-12-17 19:20:00,1431.9978,1265.8460693359375,166.1517333984375
5259,TCN,2013-12-17 19:30:00,1385.2742,1211.8876953125,173.386474609375
5259,TCN,2013-12-17 19:40:00,1527.5688,1179.351318359375,348.217529296875
5259,TCN,2013-12-17 19:50:00,1436.9327,1149.4117431640625,287.52099609375
5259,TCN,2013-12-17 20:00:00,1300.8354,1127.1995849609375,173.6358642578125
5259,TCN,2013-12-17 20:10:00,1182.804,1094.3836669921875,88.4202880859375
5259,TCN,2013-12-17 20:20:00,1130.9695,1060.6837158203125,70.2857666015625
5259,TCN,2013-12-17 20:30:00,1155.9694,1017.39404296875,138.5753173828125
5259,TCN,2013-12-17 20:40:00,1180.3082,986.425048828125,193.8831787109375
5259,TCN,2013-12-17 20:50:00,978.64124,957.925048828125,20.7161865234375
5259,TCN,2013-12-17 21:00:00,988.7113,895.418212890625,93.2930908203125
5259,TCN,2013-12-17 21:10:00,1085.068,864.6221313476562,220.44586181640625
5259,TCN,2013-12-17 21:20:00,1033.1768,851.9866333007812,181.19012451171875
5259,TCN,2013-12-17 21:30:00,944.3496,827.1353759765625,117.2142333984375
5259,TCN,2013-12-17 21:40:00,942.0194,792.3215942382812,149.69781494140625
5259,TCN,2013-12-17 21:50:00,967.81134,765.9465942382812,201.86474609375
5259,TCN,2013-12-17 22:00:00,1005.829,756.1539306640625,249.675048828125
5259,TCN,2013-12-17 22:10:00,907.1661,744.8871459960938,162.2789306640625
5259,TCN,2013-12-17 22:20:00,756.8509,715.2539672851562,41.596923828125
5259,TCN,2013-12-17 22:30:00,723.37573,655.2391357421875,68.1365966796875
5259,TCN,2013-12-17 22:40:00,765.8622,637.8397827148438,128.02239990234375
5259,TCN,2013-12-17 22:50:00,716.98425,617.8355102539062,99.14874267578125
5259,TCN,2013-12-17 23:00:00,661.3385,601.87548828125,59.4630126953125
5259,TCN,2013-12-17 23:10:00,632.7722,582.229736328125,50.54248046875
5259,TCN,2013-12-17 23:20:00,580.1305,566.9097900390625,13.220703125
5259,TCN,2013-12-17 23:30:00,556.2925,547.57177734375,8.720703125
5259,TCN,2013-12-17 23:40:00,602.6932,538.8445434570312,63.8486328125
5259,TCN,2013-12-17 23:50:00,549.7471,523.4315795898438,26.31549072265625
5259,TCN,2013-12-18 00:00:00,485.12848,513.138671875,28.01019287109375
5259,TCN,2013-12-18 00:10:00,531.80493,499.338623046875,32.46630859375
5259,TCN,2013-12-18 00:20:00,523.7164,492.1311340332031,31.585235595703125
5259,TCN,2013-12-18 00:30:00,457.69116,479.3956298828125,21.7044677734375
5259,TCN,2013-12-18 00:40:00,520.6367,469.7996520996094,50.837066650390625
5259,TCN,2013-12-18 00:50:00,493.67102,460.1019287109375,33.569091796875
5259,TCN,2013-12-18 01:00:00,406.31778,456.0963439941406,49.778564453125
5259,TCN,2013-12-18 01:10:00,450.1985,450.22918701171875,0.03070068359375
5259,TCN,2013-12-18 01:20:00,436.3538,445.662109375,9.308319091796875
5259,TCN,2013-12-18 01:30:00,380.04153,443.16815185546875,63.126617431640625
5259,TCN,2013-12-18 01:40:00,439.22012,441.38427734375,2.164154052734375
5259,TCN,2013-12-18 01:50:00,414.0453,441.02606201171875,26.98077392578125
5259,TCN,2013-12-18 02:00:00,377.93063,437.9298095703125,59.999176025390625
5259,TCN,2013-12-18 02:10:00,423.2731,438.92388916015625,15.650787353515625
5259,TCN,2013-12-18 02:20:00,431.6105,437.7439880371094,6.13348388671875
5259,TCN,2013-12-18 02:30:00,381.568,440.1070556640625,58.5390625
5259,TCN,2013-12-18 02:40:00,433.5383,437.91973876953125,4.381439208984375
5259,TCN,2013-12-18 02:50:00,402.70056,437.97552490234375,35.27496337890625
5259,TCN,2013-12-18 03:00:00,372.7359,436.1180419921875,63.38214111328125
5259,TCN,2013-12-18 03:10:00,415.75565,433.2198486328125,17.464202880859375
5259,TCN,2013-12-18 03:20:00,406.3473,429.26190185546875,22.91461181640625
5259,TCN,2013-12-18 03:30:00,371.60526,426.2151184082031,54.60986328125
5259,TCN,2013-12-18 03:40:00,420.7162,423.8860778808594,3.169891357421875
5259,TCN,2013-12-18 03:50:00,392.8665,419.732421875,26.865936279296875
5259,TCN,2013-12-18 04:00:00,370.8636,415.5155334472656,44.651947021484375
5259,TCN,2013-12-18 04:10:00,419.274,416.14703369140625,3.126953125
5259,TCN,2013-12-18 04:20:00,399.49872,417.9538879394531,18.455169677734375
5259,TCN,2013-12-18 04:30:00,368.65482,418.57470703125,49.919891357421875
5259,TCN,2013-12-18 04:40:00,424.9937,428.2297668457031,3.236053466796875
5259,TCN,2013-12-18 04:50:00,428.42404,443.01898193359375,14.594940185546875
5259,TCN,2013-12-18 05:00:00,389.51395,449.5290832519531,60.01513671875
5259,TCN,2013-12-18 05:10:00,434.35486,460.446044921875,26.0911865234375
5259,TCN,2013-12-18 05:20:00,427.3218,467.4117736816406,40.0899658203125
5259,TCN,2013-12-18 05:30:00,394.56573,477.26348876953125,82.69775390625
5259,TCN,2013-12-18 05:40:00,496.37943,482.54583740234375,13.833587646484375
5259,TCN,2013-12-18 05:50:00,473.81973,496.3677978515625,22.548065185546875
5259,TCN,2013-12-18 06:00:00,486.70123,508.36456298828125,21.663330078125
5259,TCN,2013-12-18 06:10:00,599.9542,531.5386962890625,68.41552734375
5259,TCN,2013-12-18 06:20:00,525.7067,550.7215576171875,25.01483154296875
5259,TCN,2013-12-18 06:30:00,586.3792,577.9819946289062,8.397216796875
5259,TCN,2013-12-18 06:40:00,784.08844,604.8965454101562,179.19189453125
5259,TCN,2013-12-18 06:50:00,714.16705,671.60986328125,42.55718994140625
5259,TCN,2013-12-18 07:00:00,779.4249,712.3775634765625,67.04736328125
5259,TCN,2013-12-18 07:10:00,981.38135,781.3956298828125,199.9857177734375
5259,TCN,2013-12-18 07:20:00,1149.291,918.0193481445312,231.27166748046875
5259,TCN,2013-12-18 07:30:00,1348.9604,1081.412109375,267.54833984375
5259,TCN,2013-12-18 07:40:00,1568.0529,1398.6097412109375,169.443115234375
5259,TCN,2013-12-18 07:50:00,1768.0126,1694.74951171875,73.2630615234375
5259,TCN,2013-12-18 08:00:00,2023.6375,1947.6702880859375,75.9671630859375
5259,TCN,2013-12-18 08:10:00,2272.9026,2174.492431640625,98.41015625
5259,TCN,2013-12-18 08:20:00,2444.1504,2404.996826171875,39.153564453125
5259,TCN,2013-12-18 08:30:00,2440.6448,2557.7255859375,117.080810546875
5259,TCN,2013-12-18 08:40:00,2575.3638,2613.696533203125,38.332763671875
5259,TCN,2013-12-18 08:50:00,2680.1409,2650.0546875,30.086181640625
5259,TCN,2013-12-18 09:00:00,2715.6216,2716.524658203125,0.903076171875
5259,TCN,2013-12-18 09:10:00,2921.397,2800.062744140625,121.334228515625
5259,TCN,2013-12-18 09:20:00,2777.683,2872.7099609375,95.02685546875
5259,TCN,2013-12-18 09:30:00,2773.9453,2906.55712890625,132.61181640625
5259,TCN,2013-12-18 09:40:00,2989.9443,2944.02880859375,45.91552734375
5259,TCN,2013-12-18 09:50:00,2846.941,2989.358154296875,142.417236328125
5259,TCN,2013-12-18 10:00:00,2811.032,3016.10888671875,205.076904296875
5259,TCN,2013-12-18 10:10:00,3279.4287,3035.978271484375,243.450439453125
5259,TCN,2013-12-18 10:20:00,3163.4817,3080.9814453125,82.500244140625
5259,TCN,2013-12-18 10:30:00,3015.9001,3103.937255859375,88.037109375
5259,TCN,2013-12-18 10:40:00,3284.274,3126.74755859375,157.5263671875
5259,TCN,2013-12-18 10:50:00,3299.7688,3153.731689453125,146.037109375
5259,TCN,2013-12-18 11:00:00,2981.039,3190.0,208.9609375
5259,TCN,2013-12-18 11:10:00,3214.531,3216.96826171875,2.437255859375
5259,TCN,2013-12-18 11:20:00,3171.6145,3259.36328125,87.748779296875
5259,TCN,2013-12-18 11:30:00,3339.469,3291.583740234375,47.88525390625
5259,TCN,2013-12-18 11:40:00,3410.105,3352.707275390625,57.397705078125
5259,TCN,2013-12-18 11:50:00,3605.2385,3391.608642578125,213.6298828125
5259,TCN,2013-12-18 12:00:00,3426.0024,3457.465576171875,31.463134765625
5259,TCN,2013-12-18 12:10:00,3416.0273,3471.321044921875,55.293701171875
5259,TCN,2013-12-18 12:20:00,3399.9404,3509.87548828125,109.93505859375
5259,TCN,2013-12-18 12:30:00,3227.8,3516.628173828125,288.828125
5259,TCN,2013-12-18 12:40:00,3338.311,3508.15966796875,169.8486328125
5259,TCN,2013-12-18 12:50:00,3355.9119,3486.94921875,131.037353515625
5259,TCN,2013-12-18 13:00:00,3166.157,3471.1298828125,304.972900390625
5259,TCN,2013-12-18 13:10:00,3369.87,3420.535888671875,50.665771484375
5259,TCN,2013-12-18 13:20:00,3113.4395,3386.8125,273.373046875
5259,TCN,2013-12-18 13:30:00,3275.354,3319.333740234375,43.979736328125
5259,TCN,2013-12-18 13:40:00,3055.2415,3279.0419921875,223.800537109375
5259,TCN,2013-12-18 13:50:00,2968.3508,3203.762939453125,235.412109375
5259,TCN,2013-12-18 14:00:00,2976.4424,3172.255126953125,195.812744140625
5259,TCN,2013-12-18 14:10:00,2978.9148,3137.26171875,158.346923828125
5259,TCN,2013-12-18 14:20:00,2843.1064,3139.412841796875,296.306396484375
5259,TCN,2013-12-18 14:30:00,2873.2673,3131.985595703125,258.71826171875
5259,TCN,2013-12-18 14:40:00,3034.583,3136.862060546875,102.279052734375
5259,TCN,2013-12-18 14:50:00,2952.284,3128.607421875,176.323486328125
5259,TCN,2013-12-18 15:00:00,2992.3247,3130.469970703125,138.145263671875
5259,TCN,2013-12-18 15:10:00,3030.435,3122.02734375,91.59228515625
5259,TCN,2013-12-18 15:20:00,2983.1575,3110.172119140625,127.0146484375
5259,TCN,2013-12-18 15:30:00,2836.9736,3090.968017578125,253.994384765625
5259,TCN,2013-12-18 15:40:00,2978.4668,3059.0400390625,80.5732421875
5259,TCN,2013-12-18 15:50:00,3022.2866,3039.374755859375,17.088134765625
5259,TCN,2013-12-18 16:00:00,2991.5867,3019.892578125,28.305908203125
5259,TCN,2013-12-18 16:10:00,2801.4202,2983.36865234375,181.948486328125
5259,TCN,2013-12-18 16:20:00,2843.474,2928.801513671875,85.327392578125
5259,TCN,2013-12-18 16:30:00,2739.062,2858.704345703125,119.642333984375
5259,TCN,2013-12-18 16:40:00,2828.4387,2787.14453125,41.294189453125
5259,TCN,2013-12-18 16:50:00,2639.4653,2707.254638671875,67.789306640625
5259,TCN,2013-12-18 17:00:00,2697.9636,2624.4443359375,73.519287109375
5259,TCN,2013-12-18 17:10:00,2509.2979,2560.711181640625,51.413330078125
5259,TCN,2013-12-18 17:20:00,2373.9258,2471.284912109375,97.359130859375
5259,TCN,2013-12-18 17:30:00,2274.869,2383.0400390625,108.171142578125
5259,TCN,2013-12-18 17:40:00,2122.9448,2289.08740234375,166.142578125
5259,TCN,2013-12-18 17:50:00,2104.6555,2169.075927734375,64.42041015625
5259,TCN,2013-12-18 18:00:00,1954.2174,2044.25634765625,90.0389404296875
5259,TCN,2013-12-18 18:10:00,1900.6039,1907.027587890625,6.4237060546875
5259,TCN,2013-12-18 18:20:00,1830.8048,1757.5191650390625,73.28564453125
5259,TCN,2013-12-18 18:30:00,1645.0162,1658.1473388671875,13.131103515625
5259,TCN,2013-12-18 18:40:00,1657.5729,1561.4404296875,96.1324462890625
5259,TCN,2013-12-18 18:50:00,1499.5961,1471.562744140625,28.0333251953125
5259,TCN,2013-12-18 19:00:00,1415.3048,1377.363037109375,37.9417724609375
5259,TCN,2013-12-18 19:10:00,1484.5228,1304.3935546875,180.1292724609375
5259,TCN,2013-12-18 19:20:00,1344.5981,1274.4404296875,70.15771484375
5259,TCN,2013-12-18 19:30:00,1296.4247,1231.95361328125,64.4710693359375
5259,TCN,2013-12-18 19:40:00,1235.2767,1192.06982421875,43.2069091796875
5259,TCN,2013-12-18 19:50:00,1203.8081,1111.937255859375,91.870849609375
5259,TCN,2013-12-18 20:00:00,1060.9435,1062.20849609375,1.2650146484375
5259,TCN,2013-12-18 20:10:00,1170.2113,1011.5491943359375,158.662109375
5259,TCN,2013-12-18 20:20:00,993.60364,1002.4334716796875,8.829833984375
5259,TCN,2013-12-18 20:30:00,968.9387,924.9942626953125,43.9444580078125
5259,TCN,2013-12-18 20:40:00,1047.5736,881.3408813476562,166.23272705078125
5259,TCN,2013-12-18 20:50:00,1083.4265,853.7445068359375,229.6820068359375
5259,TCN,2013-12-18 21:00:00,916.08826,845.8660888671875,70.22216796875
5259,TCN,2013-12-18 21:10:00,1061.1028,800.5073852539062,260.59539794921875
5259,TCN,2013-12-18 21:20:00,863.0286,835.0534057617188,27.9752197265625
5259,TCN,2013-12-18 21:30:00,815.03754,776.9564208984375,38.08111572265625
5259,TCN,2013-12-18 21:40:00,800.18884,745.6292114257812,54.55963134765625
5259,TCN,2013-12-18 21:50:00,839.25116,712.6738891601562,126.5772705078125
5259,TCN,2013-12-18 22:00:00,747.42804,692.6961059570312,54.73193359375
5259,TCN,2013-12-18 22:10:00,753.5594,660.875244140625,92.68414306640625
5259,TCN,2013-12-18 22:20:00,731.6779,637.6484375,94.02947998046875
5259,TCN,2013-12-18 22:30:00,626.659,621.454345703125,5.20465087890625
5259,TCN,2013-12-18 22:40:00,700.36633,603.1858520507812,97.18048095703125
5259,TCN,2013-12-18 22:50:00,573.64374,595.18017578125,21.53643798828125
5259,TCN,2013-12-18 23:00:00,551.97705,583.9793090820312,32.00225830078125
5259,TCN,2013-12-18 23:10:00,509.28116,573.2191162109375,63.937957763671875
5259,TCN,2013-12-18 23:20:00,505.8967,558.7406005859375,52.843902587890625
5259,TCN,2013-12-18 23:30:00,428.34677,548.9465942382812,120.59982299804688
5259,TCN,2013-12-18 23:40:00,451.18958,539.0046997070312,87.81512451171875
5259,TCN,2013-12-18 23:50:00,433.8096,529.4677734375,95.65817260742188
5259,TCN,2013-12-19 00:00:00,382.50232,519.3767700195312,136.87445068359375
5259,TCN,2013-12-19 00:10:00,425.52,505.5060119628906,79.98602294921875
5259,TCN,2013-12-19 00:20:00,422.1245,492.4131774902344,70.28866577148438
5259,TCN,2013-12-19 00:30:00,365.89777,477.2995300292969,111.40176391601562
5259,TCN,2013-12-19 00:40:00,390.98126,466.6961975097656,75.71493530273438
5259,TCN,2013-12-19 00:50:00,364.15405,458.2992858886719,94.14523315429688
5259,TCN,2013-12-19 01:00:00,346.4092,452.55743408203125,106.14822387695312
5259,TCN,2013-12-19 01:10:00,363.6704,449.30120849609375,85.63079833984375
5259,TCN,2013-12-19 01:20:00,336.38782,444.33526611328125,107.94744873046875
5259,TCN,2013-12-19 01:30:00,334.36816,443.5246276855469,109.15646362304688
5259,TCN,2013-12-19 01:40:00,341.22464,442.0956115722656,100.8709716796875
5259,TCN,2013-12-19 01:50:00,362.49945,441.9402770996094,79.44082641601562
5259,TCN,2013-12-19 02:00:00,318.2502,442.2209777832031,123.97076416015625
5259,TCN,2013-12-19 02:10:00,352.77243,442.6876220703125,89.91519165039062
5259,TCN,2013-12-19 02:20:00,335.25732,440.560302734375,105.302978515625
5259,TCN,2013-12-19 02:30:00,325.40125,440.14447021484375,114.74322509765625
5259,TCN,2013-12-19 02:40:00,332.80957,438.9250793457031,106.11550903320312
5259,TCN,2013-12-19 02:50:00,322.70392,436.8363342285156,114.13241577148438
5259,TCN,2013-12-19 03:00:00,294.57678,433.27459716796875,138.69781494140625
5259,TCN,2013-12-19 03:10:00,348.22983,432.1951599121094,83.96533203125
5259,TCN,2013-12-19 03:20:00,315.64874,428.46136474609375,112.8126220703125
5259,TCN,2013-12-19 03:30:00,298.32684,426.5859680175781,128.25912475585938
5259,TCN,2013-12-19 03:40:00,366.72327,421.9361572265625,55.212890625
5259,TCN,2013-12-19 03:50:00,309.5078,417.9327697753906,108.42495727539062
5259,TCN,2013-12-19 04:00:00,294.11905,410.7876281738281,116.6685791015625
5259,TCN,2013-12-19 04:10:00,335.91272,410.979736328125,75.0670166015625
5259,TCN,2013-12-19 04:20:00,328.00903,408.4497375488281,80.44070434570312
5259,TCN,2013-12-19 04:30:00,307.71188,410.4189758300781,102.70709228515625
5259,TCN,2013-12-19 04:40:00,398.04947,421.8435974121094,23.79412841796875
5259,TCN,2013-12-19 04:50:00,327.98383,434.9908142089844,107.00698852539062
5259,TCN,2013-12-19 05:00:00,329.04962,443.6310729980469,114.58145141601562
5259,TCN,2013-12-19 05:10:00,384.1742,450.718017578125,66.5438232421875
5259,TCN,2013-12-19 05:20:00,277.47937,458.937744140625,181.4583740234375
5259,TCN,2013-12-19 05:30:00,274.72568,468.1387023925781,193.41302490234375
5259,TCN,2013-12-19 05:40:00,325.9572,476.7830505371094,150.82583618164062
5259,TCN,2013-12-19 05:50:00,334.89874,488.9885559082031,154.08981323242188
5259,TCN,2013-12-19 06:00:00,386.31302,500.47821044921875,114.16519165039062
5259,TCN,2013-12-19 06:10:00,424.3793,513.000244140625,88.62094116210938
5259,TCN,2013-12-19 06:20:00,477.29263,526.8046875,49.512054443359375
5259,TCN,2013-12-19 06:30:00,715.128,545.7921752929688,169.3358154296875
5259,TCN,2013-12-19 06:40:00,884.726,598.80322265625,285.92279052734375
5259,TCN,2013-12-19 06:50:00,785.541,703.227294921875,82.313720703125
5259,TCN,2013-12-19 07:00:00,678.9755,785.214111328125,106.23858642578125
5259,TCN,2013-12-19 07:10:00,819.5875,779.7394409179688,39.84808349609375
5259,TCN,2013-12-19 07:20:00,879.01575,852.44384765625,26.5718994140625
5259,TCN,2013-12-19 07:30:00,1063.2784,898.7196044921875,164.558837890625
5259,TCN,2013-12-19 07:40:00,1343.3224,1073.5252685546875,269.797119140625
5259,TCN,2013-12-19 07:50:00,1527.7472,1414.9613037109375,112.785888671875
5259,TCN,2013-12-19 08:00:00,1859.0157,1703.5267333984375,155.489013671875
5259,TCN,2013-12-19 08:10:00,1937.3192,2053.19482421875,115.8756103515625
5259,TCN,2013-12-19 08:20:00,2040.3126,2233.339599609375,193.0269775390625
5259,TCN,2013-12-19 08:30:00,2293.7754,2379.123046875,85.34765625
5259,TCN,2013-12-19 08:40:00,2391.542,2560.670166015625,169.128173828125
5259,TCN,2013-12-19 08:50:00,2310.9873,2664.93408203125,353.94677734375
5259,TCN,2013-12-19 09:00:00,2419.896,2737.22265625,317.32666015625
5259,TCN,2013-12-19 09:10:00,2641.6396,2788.416748046875,146.777099609375
5259,TCN,2013-12-19 09:20:00,2614.3936,2855.04541015625,240.65185546875
5259,TCN,2013-12-19 09:30:00,2709.894,2903.693359375,193.79931640625
5259,TCN,2013-12-19 09:40:00,2891.0876,2950.259765625,59.172119140625
5259,TCN,2013-12-19 09:50:00,2683.944,2985.1005859375,301.156494140625
5259,TCN,2013-12-19 10:00:00,2721.842,3011.73876953125,289.896728515625
5259,TCN,2013-12-19 10:10:00,2922.3674,3035.342529296875,112.97509765625
5259,TCN,2013-12-19 10:20:00,2925.5017,3065.5166015625,140.014892578125
5259,TCN,2013-12-19 10:30:00,2795.0598,3088.621826171875,293.56201171875
5259,TCN,2013-12-19 10:40:00,2981.7654,3101.67431640625,119.908935546875
5259,TCN,2013-12-19 10:50:00,2826.9607,3134.905029296875,307.9443359375
5259,TCN,2013-12-19 11:00:00,2799.4988,3159.13134765625,359.632568359375
5259,TCN,2013-12-19 11:10:00,3123.9639,3187.602783203125,63.638916015625
5259,TCN,2013-12-19 11:20:00,3150.144,3225.119384765625,74.975341796875
5259,TCN,2013-12-19 11:30:00,3046.8457,3272.272705078125,225.427001953125
5259,TCN,2013-12-19 11:40:00,3468.6465,3308.86865234375,159.77783203125
5259,TCN,2013-12-19 11:50:00,3090.9265,3368.629150390625,277.70263671875
5259,TCN,2013-12-19 12:00:00,3197.6746,3393.327392578125,195.65283203125
5259,TCN,2013-12-19 12:10:00,3417.0127,3435.5283203125,18.515625
5259,TCN,2013-12-19 12:20:00,2906.8586,3449.152587890625,542.2939453125
5259,TCN,2013-12-19 12:30:00,3040.736,3457.44384765625,416.707763671875
5259,TCN,2013-12-19 12:40:00,3329.9263,3459.1396484375,129.21337890625
5259,TCN,2013-12-19 12:50:00,3320.116,3460.611572265625,140.49560546875
5259,TCN,2013-12-19 13:00:00,3093.6794,3447.062744140625,353.38330078125
5259,TCN,2013-12-19 13:10:00,3205.8435,3421.195556640625,215.35205078125
5259,TCN,2013-12-19 13:20:00,2994.403,3374.683837890625,380.28076171875
5259,TCN,2013-12-19 13:30:00,2840.9158,3316.609130859375,475.693359375
5259,TCN,2013-12-19 13:40:00,2868.2764,3266.781005859375,398.504638671875
5259,TCN,2013-12-19 13:50:00,2783.3262,3224.650390625,441.32421875
5259,TCN,2013-12-19 14:00:00,2646.1895,3162.818603515625,516.629150390625
5259,TCN,2013-12-19 14:10:00,2663.997,3134.473876953125,470.476806640625
5259,TCN,2013-12-19 14:20:00,2644.556,3115.8046875,471.248779296875
5259,TCN,2013-12-19 14:30:00,2672.2568,3100.50390625,428.2470703125
5259,TCN,2013-12-19 14:40:00,2697.133,3091.015869140625,393.8828125
5259,TCN,2013-12-19 14:50:00,2690.9583,3085.15869140625,394.200439453125
5259,TCN,2013-12-19 15:00:00,2776.7083,3075.595458984375,298.88720703125
5259,TCN,2013-12-19 15:10:00,2705.3884,3077.02587890625,371.637451171875
5259,TCN,2013-12-19 15:20:00,2695.6719,3070.467529296875,374.795654296875
5259,TCN,2013-12-19 15:30:00,2693.8853,3058.927734375,365.04248046875
5259,TCN,2013-12-19 15:40:00,2853.3987,3038.20947265625,184.810791015625
5259,TCN,2013-12-19 15:50:00,2749.0474,3026.74365234375,277.6962890625
5259,TCN,2013-12-19 16:00:00,3048.158,2996.9365234375,51.221435546875
5259,TCN,2013-12-19 16:10:00,3068.6235,2972.637451171875,95.986083984375
5259,TCN,2013-12-19 16:20:00,3087.591,2936.083984375,151.507080078125
5259,TCN,2013-12-19 16:30:00,3060.1067,2911.176513671875,148.93017578125
5259,TCN,2013-12-19 16:40:00,2897.219,2865.703369140625,31.515625
5259,TCN,2013-12-19 16:50:00,2815.6306,2805.062744140625,10.56787109375
5259,TCN,2013-12-19 17:00:00,2529.0251,2749.820556640625,220.79541015625
5259,TCN,2013-12-19 17:10:00,2245.4712,2652.221435546875,406.750244140625
5259,TCN,2013-12-19 17:20:00,2233.3381,2531.071044921875,297.73291015625
5259,TCN,2013-12-19 17:30:00,2286.0046,2371.220458984375,85.2158203125
5259,TCN,2013-12-19 17:40:00,2205.617,2242.09619140625,36.479248046875
5259,TCN,2013-12-19 17:50:00,1936.1973,2181.095458984375,244.898193359375
5259,TCN,2013-12-19 18:00:00,1866.63,2065.583251953125,198.9532470703125
5259,TCN,2013-12-19 18:10:00,1681.9674,1993.38330078125,311.4158935546875
5259,TCN,2013-12-19 18:20:00,1652.0215,1844.3846435546875,192.3631591796875
5259,TCN,2013-12-19 18:30:00,1538.9087,1695.6890869140625,156.7803955078125
5259,TCN,2013-12-19 18:40:00,1475.5173,1597.8250732421875,122.3077392578125
5259,TCN,2013-12-19 18:50:00,1352.842,1460.9659423828125,108.1239013671875
5259,TCN,2013-12-19 19:00:00,1158.3792,1370.67431640625,212.295166015625
5259,TCN,2013-12-19 19:10:00,1261.2252,1234.8109130859375,26.414306640625
5259,TCN,2013-12-19 19:20:00,1102.8248,1150.63134765625,47.8065185546875
5259,TCN,2013-12-19 19:30:00,1114.7931,1021.0682373046875,93.724853515625
5259,TCN,2013-12-19 19:40:00,1173.9225,949.8201293945312,224.10235595703125
5259,TCN,2013-12-19 19:50:00,1068.9015,939.2218017578125,129.6796875
5259,TCN,2013-12-19 20:00:00,939.7296,905.1807250976562,34.54888916015625
5259,TCN,2013-12-19 20:10:00,1005.5471,858.8140258789062,146.73309326171875
5259,TCN,2013-12-19 20:20:00,993.17346,807.5219116210938,185.65155029296875
5259,TCN,2013-12-19 20:30:00,919.0538,771.5363159179688,147.5174560546875
5259,TCN,2013-12-19 20:40:00,906.5617,717.8192138671875,188.74249267578125
5259,TCN,2013-12-19 20:50:00,883.3218,699.9515380859375,183.3702392578125
5259,TCN,2013-12-19 21:00:00,956.2233,692.4315185546875,263.79180908203125
5259,TCN,2013-12-19 21:10:00,833.2599,736.9990234375,96.2608642578125
5259,TCN,2013-12-19 21:20:00,928.9671,712.0458984375,216.92120361328125
5259,TCN,2013-12-19 21:30:00,825.7767,748.3309326171875,77.44573974609375
5259,TCN,2013-12-19 21:40:00,843.0538,705.6233520507812,137.430419921875
5259,TCN,2013-12-19 21:50:00,873.6689,695.61083984375,178.05804443359375
5259,TCN,2013-12-19 22:00:00,799.6935,682.1878051757812,117.50567626953125
5259,TCN,2013-12-19 22:10:00,756.8203,655.5680541992188,101.25225830078125
5259,TCN,2013-12-19 22:20:00,680.18646,633.4319458007812,46.7545166015625
5259,TCN,2013-12-19 22:30:00,654.80725,606.090576171875,48.7166748046875
5259,TCN,2013-12-19 22:40:00,658.9543,589.3887329101562,69.5655517578125
5259,TCN,2013-12-19 22:50:00,670.37195,575.2828369140625,95.089111328125
5259,TCN,2013-12-19 23:00:00,609.7657,567.7899780273438,41.9757080078125
5259,TCN,2013-12-19 23:10:00,572.6031,561.3124389648438,11.2906494140625
5259,TCN,2013-12-19 23:20:00,546.6251,552.3848266601562,5.75970458984375
5259,TCN,2013-12-19 23:30:00,445.5345,547.7222900390625,102.18780517578125
5259,TCN,2013-12-19 23:40:00,416.4778,539.3892822265625,122.91146850585938
5259,TCN,2013-12-19 23:50:00,437.19077,529.0377807617188,91.84701538085938
5259,TCN,2013-12-20 00:00:00,388.09546,519.4376831054688,131.34222412109375
5259,TCN,2013-12-20 00:10:00,445.26297,502.30810546875,57.045135498046875
5259,TCN,2013-12-20 00:20:00,432.44376,490.5823974609375,58.138641357421875
5259,TCN,2013-12-20 00:30:00,399.51376,478.99945068359375,79.48568725585938
5259,TCN,2013-12-20 00:40:00,385.19983,467.7528991699219,82.55307006835938
5259,TCN,2013-12-20 00:50:00,376.388,459.2142333984375,82.82623291015625
5259,TCN,2013-12-20 01:00:00,302.2584,455.07342529296875,152.81503295898438
5259,TCN,2013-12-20 01:10:00,334.0398,449.18841552734375,115.14862060546875
5259,TCN,2013-12-20 01:20:00,321.2563,445.68359375,124.42730712890625
5259,TCN,2013-12-20 01:30:00,274.66693,442.16949462890625,167.5025634765625
5259,TCN,2013-12-20 01:40:00,295.47778,440.0046081542969,144.52682495117188
5259,TCN,2013-12-20 01:50:00,303.47922,438.29376220703125,134.81454467773438
5259,TCN,2013-12-20 02:00:00,269.95355,438.7176513671875,168.76409912109375
5259,TCN,2013-12-20 02:10:00,264.63657,439.0586242675781,174.42205810546875
5259,TCN,2013-12-20 02:20:00,304.62817,436.46722412109375,131.83905029296875
5259,TCN,2013-12-20 02:30:00,258.48502,434.5453186035156,176.060302734375
5259,TCN,2013-12-20 02:40:00,254.43987,433.77825927734375,179.33839416503906
5259,TCN,2013-12-20 02:50:00,292.40668,428.7898864746094,136.38320922851562
5259,TCN,2013-12-20 03:00:00,244.99835,428.5765686035156,183.57821655273438
5259,TCN,2013-12-20 03:10:00,281.62976,427.61517333984375,145.98541259765625
5259,TCN,2013-12-20 03:20:00,310.6495,423.882568359375,113.23306274414062
5259,TCN,2013-12-20 03:30:00,270.8539,421.1420593261719,150.28814697265625
5259,TCN,2013-12-20 03:40:00,288.6706,418.3121337890625,129.64154052734375
5259,TCN,2013-12-20 03:50:00,311.6656,413.901611328125,102.23602294921875
5259,TCN,2013-12-20 04:00:00,340.30853,414.1227111816406,73.81417846679688
5259,TCN,2013-12-20 04:10:00,257.40024,414.8326721191406,157.43243408203125
5259,TCN,2013-12-20 04:20:00,263.83505,411.17706298828125,147.34201049804688
5259,TCN,2013-12-20 04:30:00,236.5824,406.3108825683594,169.72848510742188
5259,TCN,2013-12-20 04:40:00,278.82315,410.4448547363281,131.6217041015625
5259,TCN,2013-12-20 04:50:00,284.65662,413.44464111328125,128.78802490234375
5259,TCN,2013-12-20 05:00:00,254.3376,425.2508544921875,170.9132537841797
5259,TCN,2013-12-20 05:10:00,276.81293,437.46197509765625,160.6490478515625
5259,TCN,2013-12-20 05:20:00,281.8144,444.8092346191406,162.99484252929688
5259,TCN,2013-12-20 05:30:00,239.26895,455.73828125,216.46932983398438
5259,TCN,2013-12-20 05:40:00,286.4895,462.7113037109375,176.2218017578125
5259,TCN,2013-12-20 05:50:00,352.1236,471.87445068359375,119.7508544921875
5259,TCN,2013-12-20 06:00:00,332.02835,481.536376953125,149.50802612304688
5259,TCN,2013-12-20 06:10:00,333.04712,486.35491943359375,153.30780029296875
5259,TCN,2013-12-20 06:20:00,385.95535,491.97174072265625,106.01638793945312
5259,TCN,2013-12-20 06:30:00,387.94476,504.76580810546875,116.821044921875
5259,TCN,2013-12-20 06:40:00,561.61523,521.8137817382812,39.80145263671875
5259,TCN,2013-12-20 06:50:00,627.85767,558.1884155273438,69.66925048828125
5259,TCN,2013-12-20 07:00:00,701.8379,595.2682495117188,106.56964111328125
5259,TCN,2013-12-20 07:10:00,829.521,643.0108032226562,186.51019287109375
5259,TCN,2013-12-20 07:20:00,994.8754,758.953125,235.92230224609375
5259,TCN,2013-12-20 07:30:00,1025.4429,986.3104248046875,39.1324462890625
5259,TCN,2013-12-20 07:40:00,1384.3286,1143.9305419921875,240.3980712890625
5259,TCN,2013-12-20 07:50:00,1571.4777,1555.86767578125,15.6099853515625
5259,TCN,2013-12-20 08:00:00,1814.9303,1812.8839111328125,2.04638671875
5259,TCN,2013-12-20 08:10:00,2100.2092,2055.349853515625,44.859375
5259,TCN,2013-12-20 08:20:00,2204.1826,2288.510009765625,84.327392578125
5259,TCN,2013-12-20 08:30:00,2249.3416,2472.38232421875,223.040771484375
5259,TCN,2013-12-20 08:40:00,2339.186,2584.66015625,245.47412109375
5259,TCN,2013-12-20 08:50:00,2431.0935,2683.90576171875,252.812255859375
5259,TCN,2013-12-20 09:00:00,2359.0095,2743.21533203125,384.205810546875
5259,TCN,2013-12-20 09:10:00,2436.4668,2804.10009765625,367.63330078125
5259,TCN,2013-12-20 09:20:00,2569.6575,2836.219482421875,266.56201171875
5259,TCN,2013-12-20 09:30:00,2629.2473,2876.83642578125,247.589111328125
5259,TCN,2013-12-20 09:40:00,2746.3516,2915.562255859375,169.210693359375
5259,TCN,2013-12-20 09:50:00,2668.5208,2953.260498046875,284.73974609375
5259,TCN,2013-12-20 10:00:00,2748.2458,2981.770263671875,233.5244140625
5259,TCN,2013-12-20 10:10:00,2844.245,3021.649658203125,177.404541015625
5259,TCN,2013-12-20 10:20:00,2771.4475,3053.5849609375,282.137451171875
5259,TCN,2013-12-20 10:30:00,2981.772,3071.28955078125,89.517578125
5259,TCN,2013-12-20 10:40:00,3096.7253,3100.868408203125,4.14306640625
5259,TCN,2013-12-20 10:50:00,2980.405,3132.98583984375,152.580810546875
5259,TCN,2013-12-20 11:00:00,2922.0237,3175.9775390625,253.953857421875
5259,TCN,2013-12-20 11:10:00,3167.6196,3223.235595703125,55.615966796875
5259,TCN,2013-12-20 11:20:00,3094.6333,3263.093505859375,168.460205078125
5259,TCN,2013-12-20 11:30:00,3288.548,3306.0810546875,17.532958984375
5259,TCN,2013-12-20 11:40:00,3428.2273,3354.134521484375,74.0927734375
5259,TCN,2013-12-20 11:50:00,3247.311,3393.784423828125,146.473388671875
5259,TCN,2013-12-20 12:00:00,3309.42,3424.474365234375,115.054443359375
5259,TCN,2013-12-20 12:10:00,3445.0588,3448.749755859375,3.69091796875
5259,TCN,2013-12-20 12:20:00,3121.7588,3473.561767578125,351.802978515625
5259,TCN,2013-12-20 12:30:00,3351.352,3480.66455078125,129.3125
5259,TCN,2013-12-20 12:40:00,3261.4304,3488.2353515625,226.804931640625
5259,TCN,2013-12-20 12:50:00,3091.6462,3459.41357421875,367.767333984375
5259,TCN,2013-12-20 13:00:00,3273.6484,3445.507568359375,171.859130859375
5259,TCN,2013-12-20 13:10:00,3073.1973,3404.23974609375,331.04248046875
5259,TCN,2013-12-20 13:20:00,3069.32,3366.37646484375,297.056396484375
5259,TCN,2013-12-20 13:30:00,2959.3398,3327.075439453125,367.735595703125
5259,TCN,2013-12-20 13:40:00,3132.4456,3271.155029296875,138.70947265625
5259,TCN,2013-12-20 13:50:00,2841.3792,3238.057861328125,396.6787109375
5259,TCN,2013-12-20 14:00:00,2857.4458,3189.80126953125,332.35546875
5259,TCN,2013-12-20 14:10:00,2897.9282,3172.603759765625,274.675537109375
5259,TCN,2013-12-20 14:20:00,2816.0342,3160.066162109375,344.031982421875
5259,TCN,2013-12-20 14:30:00,2770.7969,3162.53466796875,391.73779296875
5259,TCN,2013-12-20 14:40:00,3127.0876,3154.7939453125,27.706298828125
5259,TCN,2013-12-20 14:50:00,2878.5342,3159.300537109375,280.766357421875
5259,TCN,2013-12-20 15:00:00,3007.1934,3150.477294921875,143.283935546875
5259,TCN,2013-12-20 15:10:00,2896.5752,3150.947509765625,254.372314453125
5259,TCN,2013-12-20 15:20:00,2922.5242,3137.464111328125,214.93994140625
5259,TCN,2013-12-20 15:30:00,2883.4846,3112.839111328125,229.3544921875
5259,TCN,2013-12-20 15:40:00,2909.8333,3092.302978515625,182.4697265625
5259,TCN,2013-12-20 15:50:00,2684.6575,3068.77587890625,384.118408203125
5259,TCN,2013-12-20 16:00:00,2849.299,3020.0703125,170.771240234375
5259,TCN,2013-12-20 16:10:00,2931.25,2986.977783203125,55.727783203125
5259,TCN,2013-12-20 16:20:00,2573.3015,2936.243896484375,362.9423828125
5259,TCN,2013-12-20 16:30:00,2515.543,2866.31494140625,350.77197265625
5259,TCN,2013-12-20 16:40:00,2507.9436,2806.13427734375,298.190673828125
5259,TCN,2013-12-20 16:50:00,2226.5347,2731.313720703125,504.779052734375
5259,TCN,2013-12-20 17:00:00,2203.5464,2643.4296875,439.88330078125
5259,TCN,2013-12-20 17:10:00,2082.3489,2551.740478515625,469.3916015625
5259,TCN,2013-12-20 17:20:00,1719.538,2424.934326171875,705.3963623046875
5259,TCN,2013-12-20 17:30:00,1901.25,2278.286865234375,377.036865234375
5259,TCN,2013-12-20 17:40:00,1769.5541,2201.75,432.1959228515625
5259,TCN,2013-12-20 17:50:00,1628.4906,2111.5771484375,483.0865478515625
5259,TCN,2013-12-20 18:00:00,1499.522,2008.2176513671875,508.6956787109375
5259,TCN,2013-12-20 18:10:00,1488.8445,1830.12158203125,341.277099609375
5259,TCN,2013-12-20 18:20:00,1333.2395,1722.3106689453125,389.0711669921875
5259,TCN,2013-12-20 18:30:00,1216.8798,1579.9940185546875,363.1142578125
5259,TCN,2013-12-20 18:40:00,1138.0107,1431.2178955078125,293.2071533203125
5259,TCN,2013-12-20 18:50:00,1066.633,1306.9417724609375,240.3087158203125
5259,TCN,2013-12-20 19:00:00,1032.1317,1147.8245849609375,115.69287109375
5259,TCN,2013-12-20 19:10:00,1043.8258,1091.5406494140625,47.71484375
5259,TCN,2013-12-20 19:20:00,1009.7769,1013.5301513671875,3.75323486328125
5259,TCN,2013-12-20 19:30:00,895.57245,977.3965454101562,81.8240966796875
5259,TCN,2013-12-20 19:40:00,914.85645,910.5178833007812,4.33856201171875
5259,TCN,2013-12-20 19:50:00,885.6959,854.5532836914062,31.14263916015625
5259,TCN,2013-12-20 20:00:00,917.4472,772.1212158203125,145.32598876953125
5259,TCN,2013-12-20 20:10:00,873.73114,756.3264770507812,117.4046630859375
5259,TCN,2013-12-20 20:20:00,781.0958,735.0247192382812,46.07110595703125
5259,TCN,2013-12-20 20:30:00,800.3653,735.9259033203125,64.43939208984375
5259,TCN,2013-12-20 20:40:00,801.4755,725.7193603515625,75.75616455078125
5259,TCN,2013-12-20 20:50:00,840.0716,735.6629028320312,104.40869140625
5259,TCN,2013-12-20 21:00:00,769.9396,736.9483642578125,32.9912109375
5259,TCN,2013-12-20 21:10:00,678.9203,705.62646484375,26.7061767578125
5259,TCN,2013-12-20 21:20:00,827.21454,665.5032348632812,161.7113037109375
5259,TCN,2013-12-20 21:30:00,803.5616,669.7247924804688,133.8367919921875
5259,TCN,2013-12-20 21:40:00,721.77924,661.759521484375,60.01971435546875
5259,TCN,2013-12-20 21:50:00,781.7198,639.5017700195312,142.218017578125
5259,TCN,2013-12-20 22:00:00,704.71326,633.7644653320312,70.94879150390625
5259,TCN,2013-12-20 22:10:00,847.92944,618.1497802734375,229.7796630859375
5259,TCN,2013-12-20 22:20:00,711.7118,625.9246826171875,85.787109375
5259,TCN,2013-12-20 22:30:00,733.27405,603.435302734375,129.8387451171875
5259,TCN,2013-12-20 22:40:00,672.7558,588.7079467773438,84.0478515625
5259,TCN,2013-12-20 22:50:00,650.9423,578.0606689453125,72.88165283203125
5259,TCN,2013-12-20 23:00:00,660.82275,573.6282958984375,87.1944580078125
5259,TCN,2013-12-20 23:10:00,704.2964,569.1971435546875,135.0992431640625
5259,TCN,2013-12-20 23:20:00,598.08527,564.083984375,34.00128173828125
5259,TCN,2013-12-20 23:30:00,612.6435,548.2517700195312,64.3917236328125
5259,TCN,2013-12-20 23:40:00,574.4144,539.929443359375,34.4849853515625
5259,TCN,2013-12-20 23:50:00,538.6332,525.3579711914062,13.27520751953125
5259,TCN,2013-12-21 00:00:00,506.62985,513.273193359375,6.643341064453125
5259,TCN,2013-12-21 00:10:00,487.7432,500.5048522949219,12.76165771484375
5259,TCN,2013-12-21 00:20:00,479.391,488.2246398925781,8.833648681640625
5259,TCN,2013-12-21 00:30:00,435.40778,477.9511413574219,42.543365478515625
5259,TCN,2013-12-21 00:40:00,471.49017,468.48345947265625,3.0067138671875
5259,TCN,2013-12-21 00:50:00,396.91702,462.81097412109375,65.89395141601562
5259,TCN,2013-12-21 01:00:00,348.55618,458.0958557128906,109.5396728515625
5259,TCN,2013-12-21 01:10:00,479.2811,454.98297119140625,24.298126220703125
5259,TCN,2013-12-21 01:20:00,344.19623,454.7420959472656,110.54586791992188
5259,TCN,2013-12-21 01:30:00,423.1674,453.6763610839844,30.50897216796875
5259,TCN,2013-12-21 01:40:00,399.72092,452.10797119140625,52.387054443359375
5259,TCN,2013-12-21 01:50:00,389.96762,449.2242431640625,59.256622314453125
5259,TCN,2013-12-21 02:00:00,368.22296,447.9839172363281,79.76095581054688
5259,TCN,2013-12-21 02:10:00,400.01047,445.1720886230469,45.16162109375
5259,TCN,2013-12-21 02:20:00,342.7416,442.22454833984375,99.48294067382812
5259,TCN,2013-12-21 02:30:00,298.15744,440.3690185546875,142.21157836914062
5259,TCN,2013-12-21 02:40:00,299.0245,437.35015869140625,138.32565307617188
5259,TCN,2013-12-21 02:50:00,308.54465,433.833984375,125.28933715820312
5259,TCN,2013-12-21 03:00:00,347.90204,429.577880859375,81.67584228515625
5259,TCN,2013-12-21 03:10:00,346.21344,426.3742370605469,80.16079711914062
5259,TCN,2013-12-21 03:20:00,249.62515,421.4366455078125,171.81149291992188
5259,TCN,2013-12-21 03:30:00,243.95177,416.4052429199219,172.45347595214844
5259,TCN,2013-12-21 03:40:00,255.19742,406.6817626953125,151.48434448242188
5259,TCN,2013-12-21 03:50:00,206.65225,400.2483215332031,193.5960693359375
5259,TCN,2013-12-21 04:00:00,213.54369,391.6385803222656,178.0948944091797
5259,TCN,2013-12-21 04:10:00,264.47836,387.1043701171875,122.62600708007812
5259,TCN,2013-12-21 04:20:00,190.69513,387.5727233886719,196.87759399414062
5259,TCN,2013-12-21 04:30:00,212.31595,389.0375061035156,176.7215576171875
5259,TCN,2013-12-21 04:40:00,240.70879,394.0632019042969,153.3544158935547
5259,TCN,2013-12-21 04:50:00,186.1605,414.15838623046875,227.9978790283203
5259,TCN,2013-12-21 05:00:00,223.51172,422.0952453613281,198.58352661132812
5259,TCN,2013-12-21 05:10:00,219.1896,435.81622314453125,216.62661743164062
5259,TCN,2013-12-21 05:20:00,205.64354,444.0107421875,238.36720275878906
5259,TCN,2013-12-21 05:30:00,195.75175,454.0229797363281,258.271240234375
5259,TCN,2013-12-21 05:40:00,246.69402,461.4133605957031,214.71934509277344
5259,TCN,2013-12-21 05:50:00,202.85002,467.2975158691406,264.447509765625
5259,TCN,2013-12-21 06:00:00,217.66115,472.4128112792969,254.7516632080078
5259,TCN,2013-12-21 06:10:00,227.7935,477.4729919433594,249.6794891357422
5259,TCN,2013-12-21 06:20:00,215.32538,482.2913513183594,266.9659729003906
5259,TCN,2013-12-21 06:30:00,221.06284,487.50372314453125,266.4408874511719
5259,TCN,2013-12-21 06:40:00,259.14685,487.5475158691406,228.40066528320312
5259,TCN,2013-12-21 06:50:00,272.075,495.8199768066406,223.74496459960938
5259,TCN,2013-12-21 07:00:00,285.7214,500.9124755859375,215.19107055664062
5259,TCN,2013-12-21 07:10:00,278.958,508.4409484863281,229.48294067382812
5259,TCN,2013-12-21 07:20:00,278.19638,511.28106689453125,233.08468627929688
5259,TCN,2013-12-21 07:30:00,231.95676,518.2294311523438,286.2726745605469
5259,TCN,2013-12-21 07:40:00,309.91586,520.8084106445312,210.89254760742188
5259,TCN,2013-12-21 07:50:00,275.5203,522.5048828125,246.98458862304688
5259,TCN,2013-12-21 08:00:00,274.7701,518.9049072265625,244.13479614257812
5259,TCN,2013-12-21 08:10:00,374.76315,523.2811889648438,148.51803588867188
5259,TCN,2013-12-21 08:20:00,319.24484,526.9404296875,207.69558715820312
5259,TCN,2013-12-21 08:30:00,368.69528,528.277099609375,159.58181762695312
5259,TCN,2013-12-21 08:40:00,379.07684,534.094970703125,155.01812744140625
5259,TCN,2013-12-21 08:50:00,361.63367,534.8040161132812,173.17034912109375
5259,TCN,2013-12-21 09:00:00,431.41107,541.5120849609375,110.10101318359375
5259,TCN,2013-12-21 09:10:00,454.8043,546.8253173828125,92.02102661132812
5259,TCN,2013-12-21 09:20:00,413.9554,552.5723266601562,138.61691284179688
5259,TCN,2013-12-21 09:30:00,484.30368,552.8792114257812,68.57553100585938
5259,TCN,2013-12-21 09:40:00,528.7535,569.4095458984375,40.65606689453125
5259,TCN,2013-12-21 09:50:00,653.6567,586.5548706054688,67.101806640625
5259,TCN,2013-12-21 10:00:00,439.9082,618.2599487304688,178.35174560546875
5259,TCN,2013-12-21 10:10:00,483.7058,603.8558349609375,120.1500244140625
5259,TCN,2013-12-21 10:20:00,482.59622,610.1083984375,127.51217651367188
5259,TCN,2013-12-21 10:30:00,496.27115,613.1834106445312,116.91226196289062
5259,TCN,2013-12-21 10:40:00,505.2123,618.585693359375,113.37338256835938
5259,TCN,2013-12-21 10:50:00,596.3699,607.961181640625,11.59130859375
5259,TCN,2013-12-21 11:00:00,616.4279,617.7804565429688,1.3525390625
5259,TCN,2013-12-21 11:10:00,672.27057,639.700927734375,32.56964111328125
5259,TCN,2013-12-21 11:20:00,606.2478,667.8079833984375,61.5601806640625
5259,TCN,2013-12-21 11:30:00,611.718,663.2672729492188,51.54925537109375
5259,TCN,2013-12-21 11:40:00,520.16656,665.0599365234375,144.89337158203125
5259,TCN,2013-12-21 11:50:00,497.53125,652.62548828125,155.09423828125
5259,TCN,2013-12-21 12:00:00,499.46503,636.3507080078125,136.88568115234375
5259,TCN,2013-12-21 12:10:00,581.15454,623.0999755859375,41.9454345703125
5259,TCN,2013-12-21 12:20:00,552.1506,626.2946166992188,74.14404296875
5259,TCN,2013-12-21 12:30:00,646.7219,623.7561645507812,22.96575927734375
5259,TCN,2013-12-21 12:40:00,643.5367,635.5899658203125,7.94671630859375
5259,TCN,2013-12-21 12:50:00,555.04614,648.3203735351562,93.27423095703125
5259,TCN,2013-12-21 13:00:00,589.18256,644.4943237304688,55.311767578125
5259,TCN,2013-12-21 13:10:00,602.50653,641.5693969726562,39.0628662109375
5259,TCN,2013-12-21 13:20:00,520.00256,637.781005859375,117.7784423828125
5259,TCN,2013-12-21 13:30:00,454.6469,629.6859130859375,175.03900146484375
5259,TCN,2013-12-21 13:40:00,489.85046,608.5392456054688,118.68878173828125
5259,TCN,2013-12-21 13:50:00,527.1475,600.9744873046875,73.82696533203125
5259,TCN,2013-12-21 14:00:00,500.52725,604.3151245117188,103.78787231445312
5259,TCN,2013-12-21 14:10:00,549.468,600.855224609375,51.38720703125
5259,TCN,2013-12-21 14:20:00,474.72382,595.4094848632812,120.6856689453125
5259,TCN,2013-12-21 14:30:00,481.09317,583.5648193359375,102.47164916992188
5259,TCN,2013-12-21 14:40:00,564.00806,580.8231201171875,16.8150634765625
5259,TCN,2013-12-21 14:50:00,470.29813,578.5519409179688,108.25381469726562
5259,TCN,2013-12-21 15:00:00,507.5579,557.1608276367188,49.602935791015625
5259,TCN,2013-12-21 15:10:00,481.74786,550.5858764648438,68.8380126953125
5259,TCN,2013-12-21 15:20:00,476.9445,534.4560546875,57.511566162109375
5259,TCN,2013-12-21 15:30:00,472.4902,535.1329956054688,62.642791748046875
5259,TCN,2013-12-21 15:40:00,574.7181,527.1685180664062,47.549560546875
5259,TCN,2013-12-21 15:50:00,477.47223,530.6530151367188,53.1807861328125
5259,TCN,2013-12-21 16:00:00,509.322,518.4574584960938,9.135467529296875
5259,TCN,2013-12-21 16:10:00,582.452,519.5182495117188,62.93377685546875
5259,TCN,2013-12-21 16:20:00,560.96,519.0067749023438,41.9532470703125
5259,TCN,2013-12-21 16:30:00,488.48517,519.2427978515625,30.75762939453125
5259,TCN,2013-12-21 16:40:00,541.77325,507.5430908203125,34.23016357421875
5259,TCN,2013-12-21 16:50:00,444.57492,508.0125732421875,63.437652587890625
5259,TCN,2013-12-21 17:00:00,530.27124,497.36834716796875,32.90289306640625
5259,TCN,2013-12-21 17:10:00,533.8649,504.2161560058594,29.648773193359375
5259,TCN,2013-12-21 17:20:00,513.35547,498.9771728515625,14.3782958984375
5259,TCN,2013-12-21 17:30:00,471.74976,499.89605712890625,28.14630126953125
5259,TCN,2013-12-21 17:40:00,558.72833,490.6620788574219,68.06625366210938
5259,TCN,2013-12-21 17:50:00,478.33832,492.3799743652344,14.041656494140625
5259,TCN,2013-12-21 18:00:00,481.84167,483.4486999511719,1.607025146484375
5259,TCN,2013-12-21 18:10:00,559.3179,475.1463317871094,84.17153930664062
5259,TCN,2013-12-21 18:20:00,554.10406,479.5637512207031,74.54031372070312
5259,TCN,2013-12-21 18:30:00,547.5673,480.2696533203125,67.29766845703125
5259,TCN,2013-12-21 18:40:00,554.0689,481.9578552246094,72.11105346679688
5259,TCN,2013-12-21 18:50:00,477.06857,482.5465393066406,5.47796630859375
5259,TCN,2013-12-21 19:00:00,460.978,480.4403991699219,19.46240234375
5259,TCN,2013-12-21 19:10:00,512.95544,476.17498779296875,36.78045654296875
5259,TCN,2013-12-21 19:20:00,443.4748,473.27679443359375,29.802001953125
5259,TCN,2013-12-21 19:30:00,471.70853,460.82989501953125,10.878631591796875
5259,TCN,2013-12-21 19:40:00,444.98468,462.480224609375,17.49554443359375
5259,TCN,2013-12-21 19:50:00,426.44876,452.1609191894531,25.712158203125
5259,TCN,2013-12-21 20:00:00,461.81088,446.7281799316406,15.08270263671875
5259,TCN,2013-12-21 20:10:00,464.07947,440.42144775390625,23.65802001953125
5259,TCN,2013-12-21 20:20:00,454.74393,436.0870361328125,18.656890869140625
5259,TCN,2013-12-21 20:30:00,432.80283,428.43389892578125,4.368927001953125
5259,TCN,2013-12-21 20:40:00,455.832,419.983642578125,35.848358154296875
5259,TCN,2013-12-21 20:50:00,469.57806,420.0252380371094,49.552825927734375
5259,TCN,2013-12-21 21:00:00,430.80716,420.1266174316406,10.6805419921875
5259,TCN,2013-12-21 21:10:00,462.619,413.5011901855469,49.1177978515625
5259,TCN,2013-12-21 21:20:00,474.33508,413.06719970703125,61.26788330078125
5259,TCN,2013-12-21 21:30:00,472.1514,413.9264831542969,58.22491455078125
5259,TCN,2013-12-21 21:40:00,466.91733,411.9986877441406,54.91864013671875
5259,TCN,2013-12-21 21:50:00,535.29535,408.7332763671875,126.56207275390625
5259,TCN,2013-12-21 22:00:00,518.03986,411.02960205078125,107.01025390625
5259,TCN,2013-12-21 22:10:00,441.86853,413.8988037109375,27.9697265625
5259,TCN,2013-12-21 22:20:00,385.2778,411.17364501953125,25.895843505859375
5259,TCN,2013-12-21 22:30:00,364.363,402.5196533203125,38.156646728515625
5259,TCN,2013-12-21 22:40:00,409.0308,398.2469482421875,10.783843994140625
5259,TCN,2013-12-21 22:50:00,324.79208,394.0042724609375,69.21218872070312
5259,TCN,2013-12-21 23:00:00,464.2636,383.59222412109375,80.67138671875
5259,TCN,2013-12-21 23:10:00,556.527,384.41717529296875,172.10980224609375
5259,TCN,2013-12-21 23:20:00,559.4772,393.1255187988281,166.35165405273438
5259,TCN,2013-12-21 23:30:00,679.31744,400.43988037109375,278.8775634765625
5259,TCN,2013-12-21 23:40:00,820.9844,410.3217468261719,410.6626281738281
5259,TCN,2013-12-21 23:50:00,884.41693,464.488525390625,419.92840576171875
5259,TCN,2013-12-22 00:00:00,1037.0502,577.7720336914062,459.27813720703125
5259,TCN,2013-12-22 00:10:00,994.9924,762.950439453125,232.04193115234375
5259,TCN,2013-12-22 00:20:00,1163.591,876.336669921875,287.2542724609375
5259,TCN,2013-12-22 00:30:00,957.0945,1022.60498046875,65.510498046875
5259,TCN,2013-12-22 00:40:00,955.5932,906.92236328125,48.67083740234375
5259,TCN,2013-12-22 00:50:00,995.63904,874.134765625,121.5042724609375
5259,TCN,2013-12-22 01:00:00,985.5197,865.0151977539062,120.5045166015625
5259,TCN,2013-12-22 01:10:00,1118.0166,857.5789794921875,260.4376220703125
5259,TCN,2013-12-22 01:20:00,1052.2269,939.87158203125,112.3553466796875
5259,TCN,2013-12-22 01:30:00,1061.6437,931.2100219726562,130.43365478515625
5259,TCN,2013-12-22 01:40:00,835.6274,964.4275512695312,128.8001708984375
5259,TCN,2013-12-22 01:50:00,1041.6499,835.7283325195312,205.92156982421875
5259,TCN,2013-12-22 02:00:00,999.2085,901.6118774414062,97.59661865234375
5259,TCN,2013-12-22 02:10:00,820.4098,873.27880859375,52.8690185546875
5259,TCN,2013-12-22 02:20:00,755.2864,740.7467041015625,14.5396728515625
5259,TCN,2013-12-22 02:30:00,766.4913,655.109130859375,111.38214111328125
5259,TCN,2013-12-22 02:40:00,650.0859,610.65771484375,39.42816162109375
5259,TCN,2013-12-22 02:50:00,542.87256,581.1616821289062,38.28912353515625
5259,TCN,2013-12-22 03:00:00,566.58,547.054443359375,19.52557373046875
5259,TCN,2013-12-22 03:10:00,569.7812,510.549072265625,59.23211669921875
5259,TCN,2013-12-22 03:20:00,532.1656,508.6256103515625,23.53997802734375
5259,TCN,2013-12-22 03:30:00,370.3822,500.0934143066406,129.71121215820312
5259,TCN,2013-12-22 03:40:00,393.52292,464.22137451171875,70.69845581054688
5259,TCN,2013-12-22 03:50:00,431.68192,450.6116943359375,18.929779052734375
5259,TCN,2013-12-22 04:00:00,362.13434,443.2388000488281,81.10446166992188
5259,TCN,2013-12-22 04:10:00,220.06572,423.4368591308594,203.3711395263672
5259,TCN,2013-12-22 04:20:00,183.95947,399.892333984375,215.932861328125
5259,TCN,2013-12-22 04:30:00,186.99693,382.8676452636719,195.87071228027344
5259,TCN,2013-12-22 04:40:00,184.61205,376.7372741699219,192.12522888183594
5259,TCN,2013-12-22 04:50:00,196.37656,366.6644287109375,170.28787231445312
5259,TCN,2013-12-22 05:00:00,167.44131,350.8011779785156,183.35986328125
5259,TCN,2013-12-22 05:10:00,171.16751,341.2284240722656,170.0609130859375
5259,TCN,2013-12-22 05:20:00,191.29349,331.6669616699219,140.37347412109375
5259,TCN,2013-12-22 05:30:00,161.44586,323.266845703125,161.82098388671875
5259,TCN,2013-12-22 05:40:00,170.60727,317.2845153808594,146.67724609375
5259,TCN,2013-12-22 05:50:00,174.6964,312.9068603515625,138.21046447753906
5259,TCN,2013-12-22 06:00:00,181.15367,315.21807861328125,134.0644073486328
5259,TCN,2013-12-22 06:10:00,198.82335,316.25616455078125,117.43281555175781
5259,TCN,2013-12-22 06:20:00,179.38576,316.1541748046875,136.76841735839844
5259,TCN,2013-12-22 06:30:00,180.7942,317.5558166503906,136.76161193847656
5259,TCN,2013-12-22 06:40:00,190.4184,317.04833984375,126.62994384765625
5259,TCN,2013-12-22 06:50:00,172.81429,317.8136901855469,144.99940490722656
5259,TCN,2013-12-22 07:00:00,196.85368,316.4873352050781,119.63365173339844
5259,TCN,2013-12-22 07:10:00,315.68027,320.97088623046875,5.290618896484375
5259,TCN,2013-12-22 07:20:00,185.09996,322.62725830078125,137.5272979736328
5259,TCN,2013-12-22 07:30:00,205.30139,320.4971923828125,115.19580078125
5259,TCN,2013-12-22 07:40:00,277.99747,324.1428527832031,46.1453857421875
5259,TCN,2013-12-22 07:50:00,269.70776,328.4619445800781,58.754180908203125
5259,TCN,2013-12-22 08:00:00,229.31062,333.5812072753906,104.27058410644531
5259,TCN,2013-12-22 08:10:00,251.14209,333.9403076171875,82.7982177734375
5259,TCN,2013-12-22 08:20:00,241.251,336.82275390625,95.57174682617188
5259,TCN,2013-12-22 08:30:00,260.74567,341.0286865234375,80.28302001953125
5259,TCN,2013-12-22 08:40:00,289.55267,345.2420959472656,55.689422607421875
5259,TCN,2013-12-22 08:50:00,317.6177,345.5725402832031,27.954833984375
5259,TCN,2013-12-22 09:00:00,268.85623,349.2275390625,80.37130737304688
5259,TCN,2013-12-22 09:10:00,294.92975,350.2978210449219,55.368072509765625
5259,TCN,2013-12-22 09:20:00,320.86197,351.4140930175781,30.5521240234375
5259,TCN,2013-12-22 09:30:00,332.9196,353.2903747558594,20.37078857421875
5259,TCN,2013-12-22 09:40:00,343.0651,358.1007385253906,15.03564453125
5259,TCN,2013-12-22 09:50:00,319.6543,362.05328369140625,42.39898681640625
5259,TCN,2013-12-22 10:00:00,393.04242,364.39447021484375,28.64794921875
5259,TCN,2013-12-22 10:10:00,390.87643,370.107421875,20.769012451171875
5259,TCN,2013-12-22 10:20:00,340.58954,375.81207275390625,35.2225341796875
5259,TCN,2013-12-22 10:30:00,336.16986,375.8807067871094,39.710845947265625
5259,TCN,2013-12-22 10:40:00,408.23965,375.107177734375,33.132476806640625
5259,TCN,2013-12-22 10:50:00,390.3639,386.5909729003906,3.772918701171875
5259,TCN,2013-12-22 11:00:00,392.3363,396.2308654785156,3.894561767578125
5259,TCN,2013-12-22 11:10:00,410.13565,410.35760498046875,0.221954345703125
5259,TCN,2013-12-22 11:20:00,415.60223,402.3707275390625,13.23150634765625
5259,TCN,2013-12-22 11:30:00,443.78903,404.19580078125,39.593231201171875
5259,TCN,2013-12-22 11:40:00,465.2193,407.08978271484375,58.1295166015625
5259,TCN,2013-12-22 11:50:00,453.282,410.044921875,43.237091064453125
5259,TCN,2013-12-22 12:00:00,546.5487,417.9768371582031,128.57186889648438
5259,TCN,2013-12-22 12:10:00,502.9173,428.370361328125,74.54693603515625
5259,TCN,2013-12-22 12:20:00,499.919,434.1949157714844,65.72409057617188
5259,TCN,2013-12-22 12:30:00,481.3729,432.1903076171875,49.182586669921875
5259,TCN,2013-12-22 12:40:00,523.12317,434.1092834472656,89.01388549804688
5259,TCN,2013-12-22 12:50:00,493.44873,441.7030944824219,51.745635986328125
5259,TCN,2013-12-22 13:00:00,613.05676,437.43658447265625,175.62017822265625
5259,TCN,2013-12-22 13:10:00,622.08905,449.4649963378906,172.62405395507812
5259,TCN,2013-12-22 13:20:00,585.4621,458.6961975097656,126.76589965820312
5259,TCN,2013-12-22 13:30:00,575.93835,472.9803466796875,102.9580078125
5259,TCN,2013-12-22 13:40:00,565.00854,479.9071960449219,85.10134887695312
5259,TCN,2013-12-22 13:50:00,508.62466,489.0498046875,19.574859619140625
5259,TCN,2013-12-22 14:00:00,573.56366,481.1309509277344,92.43270874023438
5259,TCN,2013-12-22 14:10:00,540.985,483.2638854980469,57.721099853515625
5259,TCN,2013-12-22 14:20:00,499.356,484.57891845703125,14.777069091796875
5259,TCN,2013-12-22 14:30:00,538.56976,485.14990234375,53.41986083984375
5259,TCN,2013-12-22 14:40:00,542.69696,487.5453186035156,55.151641845703125
5259,TCN,2013-12-22 14:50:00,526.4454,491.4543762207031,34.990997314453125
5259,TCN,2013-12-22 15:00:00,529.1866,494.2545166015625,34.93206787109375
5259,TCN,2013-12-22 15:10:00,572.53143,495.6811218261719,76.85031127929688
5259,TCN,2013-12-22 15:20:00,532.5491,502.6626892089844,29.886383056640625
5259,TCN,2013-12-22 15:30:00,580.4257,501.3050231933594,79.12069702148438
5259,TCN,2013-12-22 15:40:00,647.1941,508.9806213378906,138.21347045898438
5259,TCN,2013-12-22 15:50:00,558.8859,523.0347900390625,35.85113525390625
5259,TCN,2013-12-22 16:00:00,547.6403,527.346923828125,20.29339599609375
5259,TCN,2013-12-22 16:10:00,564.81726,527.2347412109375,37.58251953125
5259,TCN,2013-12-22 16:20:00,590.0939,529.0719604492188,61.02191162109375
5259,TCN,2013-12-22 16:30:00,563.39,537.1731567382812,26.21685791015625
5259,TCN,2013-12-22 16:40:00,624.62726,534.4852294921875,90.14202880859375
5259,TCN,2013-12-22 16:50:00,532.387,534.7322387695312,2.34521484375
5259,TCN,2013-12-22 17:00:00,516.37805,528.3412475585938,11.96319580078125
5259,TCN,2013-12-22 17:10:00,556.71545,525.4784545898438,31.23699951171875
5259,TCN,2013-12-22 17:20:00,513.04004,523.9053344726562,10.86529541015625
5259,TCN,2013-12-22 17:30:00,496.24185,514.1638793945312,17.922027587890625
5259,TCN,2013-12-22 17:40:00,521.32025,509.12237548828125,12.1978759765625
5259,TCN,2013-12-22 17:50:00,449.22076,502.0359802246094,52.815216064453125
5259,TCN,2013-12-22 18:00:00,456.61038,494.1784362792969,37.56805419921875
5259,TCN,2013-12-22 18:10:00,406.3913,489.57763671875,83.18634033203125
5259,TCN,2013-12-22 18:20:00,376.73853,474.72216796875,97.983642578125
5259,TCN,2013-12-22 18:30:00,331.3848,456.4675598144531,125.082763671875
5259,TCN,2013-12-22 18:40:00,360.7096,438.66497802734375,77.95538330078125
5259,TCN,2013-12-22 18:50:00,288.14633,430.24169921875,142.09536743164062
5259,TCN,2013-12-22 19:00:00,307.3615,415.1309814453125,107.76947021484375
5259,TCN,2013-12-22 19:10:00,340.1692,407.0663146972656,66.89712524414062
5259,TCN,2013-12-22 19:20:00,283.19955,401.72796630859375,118.52841186523438
5259,TCN,2013-12-22 19:30:00,283.03537,397.30474853515625,114.26937866210938
5259,TCN,2013-12-22 19:40:00,243.07599,389.78369140625,146.70770263671875
5259,TCN,2013-12-22 19:50:00,211.08592,380.6273498535156,169.5414276123047
5259,TCN,2013-12-22 20:00:00,229.33755,371.36199951171875,142.02444458007812
5259,TCN,2013-12-22 20:10:00,252.6313,364.9169006347656,112.28559875488281
5259,TCN,2013-12-22 20:20:00,232.55634,357.51324462890625,124.9569091796875
5259,TCN,2013-12-22 20:30:00,243.38852,354.16937255859375,110.78085327148438
5259,TCN,2013-12-22 20:40:00,239.44942,352.46392822265625,113.01451110839844
5259,TCN,2013-12-22 20:50:00,226.13972,350.7994079589844,124.65968322753906
5259,TCN,2013-12-22 21:00:00,218.93285,348.282958984375,129.35011291503906
5259,TCN,2013-12-22 21:10:00,234.47743,347.3683166503906,112.89088439941406
5259,TCN,2013-12-22 21:20:00,231.87494,351.8791198730469,120.00418090820312
5259,TCN,2013-12-22 21:30:00,213.88354,357.30291748046875,143.41937255859375
5259,TCN,2013-12-22 21:40:00,209.93727,357.7801208496094,147.8428497314453
5259,TCN,2013-12-22 21:50:00,209.09283,359.07427978515625,149.9814453125
5259,TCN,2013-12-22 22:00:00,213.3054,356.33197021484375,143.0265655517578
5259,TCN,2013-12-22 22:10:00,238.21701,355.6244201660156,117.40740966796875
5259,TCN,2013-12-22 22:20:00,188.37274,356.1512756347656,167.77853393554688
5259,TCN,2013-12-22 22:30:00,219.61612,355.3736877441406,135.757568359375
5259,TCN,2013-12-22 22:40:00,247.00484,357.6488952636719,110.64405822753906
5259,TCN,2013-12-22 22:50:00,202.41368,360.26556396484375,157.8518829345703
5259,TCN,2013-12-22 23:00:00,254.67386,360.5473327636719,105.87347412109375
5259,TCN,2013-12-22 23:10:00,260.00098,359.3125305175781,99.31155395507812
5259,TCN,2013-12-22 23:20:00,190.74252,361.92474365234375,171.18222045898438
5259,TCN,2013-12-22 23:30:00,237.62634,360.9813537597656,123.35501098632812
5259,TCN,2013-12-22 23:40:00,207.7769,357.55059814453125,149.77369689941406
5259,TCN,2013-12-22 23:50:00,191.04552,356.23553466796875,165.1900177001953
